Факультет/Институт;Направление подготовки (специальность);Профиль олимпиады;Общеобразовательные предметы или специальность(и) и направления подготовки высшего образования;Перечень олимпиад, на которые распространяется особое право;Уровень олимпиады;Класс, за который получен результат;Победитель/призер олимпиады;Общеобразовательный предмет (ЕГЭ >= 75 баллов);Предоставляемая льгота
МЕХАНИКО-МАТЕМАТИЧЕСКИЙ ФАКУЛЬТЕТ;Фундаментальные математика и механика;Математика;Математика;Московская олимпиада школьников, Олимпиада школьников «Ломоносов», Олимпиада школьников «Покори Воробьевы горы!»;I;11;Победитель, призер;Математика;Зачисление без вступительных испытаний
МЕХАНИКО-МАТЕМАТИЧЕСКИЙ ФАКУЛЬТЕТ;Фундаментальные математика и механика;Математика;Математика;Всероссийская олимпиада школьников «Высшая проба», Олимпиада школьников Санкт- Петербургского государственного университета, Санкт-Петербургская олимпиада школьников, Турнир городов;I;11;Победитель;Математика;Зачисление без вступительных испытаний
МЕХАНИКО-МАТЕМАТИЧЕСКИЙ ФАКУЛЬТЕТ;Фундаментальные математика и механика;Математика;Математика;Всероссийская олимпиада школьников «Высшая проба», Олимпиада школьников Санкт- Петербургского государственного университета, Санкт-Петербургская олимпиада школьников, Турнир городов;I;11;Призер;Математика;"Максимальное количество баллов по дополнительному вступительному испытанию по математике; Максимальное количество баллов ЕГЭ по математике"
МЕХАНИКО-МАТЕМАТИЧЕСКИЙ ФАКУЛЬТЕТ;Фундаментальные математика и механика;Математика;Математика;«Формула Единства»/«Третье тысячелетие», Всесибирская открытая олимпиада школьников, Международная олимпиада «Innopolis Open», Межрегиональная олимпиада школьников имени И.Я. Верченко, Объединенная межвузовская олимпиада школьников, Олимпиада Курчатов, Olimpiada shkolnikov «Fiztex», Олимпиада Юношеской математической школы, Отраслевая физико-математическая олимпиада школьников «Росатом», Турнир имени М.В. Ломоносова;II;11;Победитель, призер;Математика;Максимальное количество баллов по дополнительному вступительному испытанию по математике
МЕХАНИКО-МАТЕМАТИЧЕСКИЙ ФАКУЛЬТЕТ;Фундаментальные математика и механика;Механика и математическое моделирование;Математика и механика;Олимпиада школьников «Ломоносов»;II;11;Победитель, призер;Математика;Максимальное количество баллов по дополнительному вступительному испытанию по математике
МЕХАНИКО-МАТЕМАТИЧЕСКИЙ ФАКУЛЬТЕТ;Фундаментальные математика и механика;Вероятность и статистика;Математика;Московская олимпиада школьников;II;11;Победитель, призер;Математика;Максимальное количество баллов по дополнительному вступительному испытанию по математике
МЕХАНИКО-МАТЕМАТИЧЕСКИЙ ФАКУЛЬТЕТ;Фундаментальные математика и механика;Физика;Физика;Всероссийская олимпиада школьников «Высшая проба», Всесибирская открытая олимпиада школьников, Городская открытая олимпиада школьников по физике, Инженерная олимпиада школьников, Интернет-олимпиада школьников по физике, Московская олимпиада школьников, Олимпиада школьников «Ломоносов», Олимпиада школьников «Покори Воробьевы горы!», Olimpiada shkolnikov «Fiztex», Олимпиада школьников «Шаг в будущее», Олимпиада школьников Санкт-Петербургского государственного университета, Открытая межвузовская олимпиада школьников Сибирского федерального округа «Будущее Сибири», Отраслевая физико-математическая олимпиада школьников «Росатом», Санкт-Петербургская астрономическая олимпиада, Твой путь в настоящую науку, Турнир имени М.В. Ломоносова;I, II;11;Победитель, призер;Физика;Максимальное количество баллов ЕГЭ по физике
ФАКУЛЬТЕТ ВЫЧИСЛИТЕЛЬНОЙ МАТЕМАТИКИ И КИБЕРНЕТИКИ;Прикладная математика и информатика;Математика;Математика;Московская олимпиада школьников, Олимпиада школьников «Ломоносов», Олимпида школьников «Покори Воробьевы горы!»;I;11;Победитель, призер;Математика;Зачисление без вступительных испытаний
ФАКУЛЬТЕТ ВЫЧИСЛИТЕЛЬНОЙ МАТЕМАТИКИ И КИБЕРНЕТИКИ;Прикладная математика и информатика;Математика;Математика;Всероссийская олимпиада школьников «Высшая проба», Олимпиада школьников Санкт- Петербургского государственного университета, Санкт-Петербургская олимпиада школьников, Турнир городов;I;11;Победитель;Математика;Зачисление без вступительных испытаний
ФАКУЛЬТЕТ ВЫЧИСЛИТЕЛЬНОЙ МАТЕМАТИКИ И КИБЕРНЕТИКИ;Прикладная математика и информатика;Математика;Математика;Всероссийская олимпиада школьников «Высшая проба», Олимпиада школьников Санкт- Петербургского государственного университета, Санкт-Петербургская олимпиада школьников, Турнир городов;I;11;Призер;Математика;Максимальное количество баллов по дополнительному вступительному испытанию по математике
ФАКУЛЬТЕТ ВЫЧИСЛИТЕЛЬНОЙ МАТЕМАТИКИ И КИБЕРНЕТИКИ;Прикладная математика и информатика;Математика;Математика;«Формула Единства»/«Третье тысячелетие», Всесибирская открытая олимпиада школьников, Международная олимпиада «Innopolis Open», Межрегиональная олимпиада школьников имени И.Я. Верченко, Объединенная межвузовская олимпиада школьников, Олимпиада Курчатов, Olimpiada shkolnikov «Fiztex», Олимпиада Юношеской математической школы, Отраслевая физико-математическая олимпиада школьников «Росатом», Турнир имени М.В. Ломоносова;II;11;Победитель, призер;Математика;Максимальное количество баллов по дополнительному вступительному испытанию по математике
ФАКУЛЬТЕТ ВЫЧИСЛИТЕЛЬНОЙ МАТЕМАТИКИ И КИБЕРНЕТИКИ;Прикладная математика и информатика;Вероятность и статистика;Математика;Московская олимпиада школьников;II;11;Победитель, призер;Математика;Максимальное количество баллов по дополнительному вступительному испытанию по математике
ФАКУЛЬТЕТ ВЫЧИСЛИТЕЛЬНОЙ МАТЕМАТИКИ И КИБЕРНЕТИКИ;Прикладная математика и информатика;Механика и математическое моделирование;Математика и механика;Олимпиада школьников «Ломоносов»;II;11;Победитель, призер;Математика;Максимальное количество баллов по дополнительному вступительному испытанию по математике
ФАКУЛЬТЕТ ВЫЧИСЛИТЕЛЬНОЙ МАТЕМАТИКИ И КИБЕРНЕТИКИ;Прикладная математика и информатика;Информатика;Информатика;Московская олимпиада школьников;I;11;Победитель, призер;Информатика;Зачисление без вступительных испытаний
ФАКУЛЬТЕТ ВЫЧИСЛИТЕЛЬНОЙ МАТЕМАТИКИ И КИБЕРНЕТИКИ;Прикладная математика и информатика;Информатика;Информатика;Всероссийская олимпиада школьников «Высшая проба», Вузовско-академическая олимпиада по информатике, Олимпиада школьников по информатике и программированию, Олимпиада школьников Санкт-Петербургского государственного университета, Открытая олимпиада школьников, Открытая олимпиада школьников по программированию;I;11;Победитель;Информатика;Зачисление без вступительных испытаний
ФАКУЛЬТЕТ ВЫЧИСЛИТЕЛЬНОЙ МАТЕМАТИКИ И КИБЕРНЕТИКИ;Прикладная математика и информатика;Информатика;Информатика;Всероссийская олимпиада школьников «Высшая проба», Вузовско-академическая олимпиада по информатике, Олимпиада школьников по информатике и программированию, Олимпиада школьников Санкт-Петербургского государственного университета, Открытая олимпиада школьников, Открытая олимпиада школьников по программированию;I;11;Призер;Информатика;Максимальное количество баллов по ЕГЭ по информатике
ФАКУЛЬТЕТ ВЫЧИСЛИТЕЛЬНОЙ МАТЕМАТИКИ И КИБЕРНЕТИКИ;Прикладная математика и информатика;Информатика;Информатика;Всероссийская олимпиада по искусственному интеллекту, Всесибирская открытая олимпиада школьников, Международная олимпиада «Innopolis Open», Олимпиада школьников «Гранит науки», Олимпиада школьников «Ломоносов», Олимпиада школьников по программированию «ТехноКубок», Открытая олимпиада школьников по программированию «Когнитивные технологии», Отраслевая физико-математическая олимпиада школьников «Росатом», Университетская олимпиада школьников «Бельчонок»;II;11;Победитель, призер;Информатика;Максимальное количество баллов по ЕГЭ по информатике
ФАКУЛЬТЕТ ВЫЧИСЛИТЕЛЬНОЙ МАТЕМАТИКИ И КИБЕРНЕТИКИ;Прикладная математика и информатика;Инженерные науки;Информационная безопасность, информатика и вычислительная техника;Всероссийская олимпиада школьников «Высшая проба», Всероссийский конкурс научных работ школьников «Юниор»;II;11;Победитель, призер;Информатика;Максимальное количество баллов по ЕГЭ по информатике
ФАКУЛЬТЕТ ВЫЧИСЛИТЕЛЬНОЙ МАТЕМАТИКИ И КИБЕРНЕТИКИ;Прикладная математика и информатика;Промышленное программирование;Компьютерные и информационные науки, информатика и вычислительная техника;Всероссийская олимпиада школьников «Высшая проба»;II;11;Победитель, призер;Информатика;Максимальное количество баллов по ЕГЭ по информатике
ФАКУЛЬТЕТ ВЫЧИСЛИТЕЛЬНОЙ МАТЕМАТИКИ И КИБЕРНЕТИКИ;Прикладная математика и информатика;Искусственный интеллект;Информатика;Всероссийская олимпиада по искусственному интеллекту;II;11;Победитель, призер;Информатика;Максимальное количество баллов по ЕГЭ по информатике
ФАКУЛЬТЕТ ВЫЧИСЛИТЕЛЬНОЙ МАТЕМАТИКИ И КИБЕРНЕТИКИ;Прикладная математика и информатика;Компьютерная безопасность;Информационная безопасность, информатика;Межрегиональная олимпиада школьников имени И.Я. Верченко;II;11;Победитель, призер;Информатика;Максимальное количество баллов по ЕГЭ по информатике
ФАКУЛЬТЕТ ВЫЧИСЛИТЕЛЬНОЙ МАТЕМАТИКИ И КИБЕРНЕТИКИ;Прикладная математика и информатика;Робототехника;Машиностроение, информатика и вычислительная техника;Московская олимпиада школьников;II;11;Победитель, призер;Информатика;Максимальное количество баллов по ЕГЭ по информатике
ФАКУЛЬТЕТ ВЫЧИСЛИТЕЛЬНОЙ МАТЕМАТИКИ И КИБЕРНЕТИКИ;Прикладная математика и информатика;Физика;Физика;Всероссийская олимпиада школьников «Высшая проба», Всесибирская открытая олимпиада школьников, Городская открытая олимпиада школьников по физике, Инженерная олимпиада школьников, Интернет-олимпиада школьников по физике, Московская олимпиада школьников, Олимпиада школьников «Ломоносов», Олимпиада школьников «Покори Воробьевы горы!», Olimpiada shkolnikov «Fiztex», Олимпиада школьников «Шаг в будущее», Олимпиада школьников Санкт-Петербургского государственного университета, Открытая межвузовская олимпиада школьников Сибирского федерального округа «Будущее Сибири», Отраслевая физико-математическая олимпиада школьников «Росатом», Санкт-Петербургская астрономическая олимпиада, Твой путь в настоящую науку, Турнир имени М.В. Ломоносова;I, II;11;Победитель, призер;Физика;Максимальное количество баллов по ЕГЭ по физике
ФАКУЛЬТЕТ ВЫЧИСЛИТЕЛЬНОЙ МАТЕМАТИКИ И КИБЕРНЕТИКИ;Фундаментальная информатика и информационные технологии;Математика;Математика;«Формула Единства»/«Третье тысячелетие», Всероссийская олимпиада школьников «Высшая проба», Всесибирская открытая олимпиада школьников, Международная олимпиада «Innopolis Open», Межрегиональная олимпиада школьников имени И.Я. Верченко, Объединенная межвузовская олимпиада школьников, Олимпиада Курчатов, Олимпиада школьников «Ломоносов», Olimpiada shkolnikov «Fiztex», Олимпиада школьников Санкт-Петербургского государственного университета, Олимпиада Юношеской математической школы, Отраслевая физико-математическая олимпиада школьников «Росатом», Санкт-Петербургская олимпиада школьников, Турнир городов, Турнир имени М.В. Ломоносова;I, II;11;Победитель, призер;Математика;Максимальное количество баллов по дополнительному вступительному испытанию по математике
ФАКУЛЬТЕТ ВЫЧИСЛИТЕЛЬНОЙ МАТЕМАТИКИ И КИБЕРНЕТИКИ;Фундаментальная информатика и информационные технологии;Вероятность и статистика;Математика;Московская олимпиада школьников;II;11;Победитель, призер;Математика;Максимальное количество баллов по дополнительному вступительному испытанию по математике
ФАКУЛЬТЕТ ВЫЧИСЛИТЕЛЬНОЙ МАТЕМАТИКИ И КИБЕРНЕТИКИ;Фундаментальная информатика и информационные технологии;Механика и математическое моделирование;Математика и механика;Олимпиада школьников «Ломоносов»;II;11;Победитель, призер;Математика;Максимальное количество баллов по дополнительному вступительному испытанию по математике
ФАКУЛЬТЕТ ВЫЧИСЛИТЕЛЬНОЙ МАТЕМАТИКИ И КИБЕРНЕТИКИ;Фундаментальная информатика и информационные технологии;Информатика;Информатика;Всероссийская олимпиада по искусственному интеллекту, Всероссийская олимпиада школьников «Высшая проба», Всесибирская открытая олимпиада школьников, Вузовско-академическая олимпиада по информатике, Международная олимпиада «Innopolis Open», Московская олимпиада школьников, Олимпиада школьников «Гранит науки», Олимпиада школьников «Ломоносов», Олимпиада школьников по информатике и программированию, Олимпиада школьников по программированию «ТехноКубок», Олимпиада школьников Санкт-Петербургского государственного университета, Открытая олимпиада школьников, Открытая олимпиада школьников по программированию, Открытая олимпиада школьников по программированию «Когнитивные технологии», Отраслевая физико-математическая олимпиада школьников «Росатом», Университетская олимпиада школьников «Бельчонок»;I, II;11;Победитель, призер;Информатика;Максимальное количество баллов по ЕГЭ по информатике
ФАКУЛЬТЕТ ВЫЧИСЛИТЕЛЬНОЙ МАТЕМАТИКИ И КИБЕРНЕТИКИ;Фундаментальная информатика и информационные технологии;Инженерные науки;Информационная безопасность, информатика и вычислительная техника;Всероссийская олимпиада школьников «Высшая проба»;II;11;Победитель, призер;Информатика;Максимальное количество баллов по ЕГЭ по информатике
ФАКУЛЬТЕТ ВЫЧИСЛИТЕЛЬНОЙ МАТЕМАТИКИ И КИБЕРНЕТИКИ;Фундаментальная информатика и информационные технологии;Промышленное программирование;Компьютерные и информационные науки, информатика и вычислительная техника;Всероссийская олимпиада школьников «Высшая проба»;II;11;Победитель, призер;Информатика;Максимальное количество баллов по ЕГЭ по информатике
ФАКУЛЬТЕТ ВЫЧИСЛИТЕЛЬНОЙ МАТЕМАТИКИ И КИБЕРНЕТИКИ;Фундаментальная информатика и информационные технологии;Искусственный интеллект;Информатика;Всероссийская олимпиада по искусственному интеллекту;II;11;Победитель, призер;Информатика;Максимальное количество баллов по ЕГЭ по информатике
ФАКУЛЬТЕТ ВЫЧИСЛИТЕЛЬНОЙ МАТЕМАТИКИ И КИБЕРНЕТИКИ;Фундаментальная информатика и информационные технологии;Компьютерная безопасность;Информационная безопасность, информатика;Межрегиональная олимпиада школьников имени И.Я. Верченко;II;11;Победитель, призер;Информатика;Максимальное количество баллов по ЕГЭ по информатике
ФАКУЛЬТЕТ ВЫЧИСЛИТЕЛЬНОЙ МАТЕМАТИКИ И КИБЕРНЕТИКИ;Фундаментальная информатика и информационные технологии;Робототехника;Машиностроение, информатика и вычислительная техника;Московская олимпиада школьников;II;11;Победитель, призер;Информатика;Максимальное количество баллов по ЕГЭ по информатике
ФАКУЛЬТЕТ ВЫЧИСЛИТЕЛЬНОЙ МАТЕМАТИКИ И КИБЕРНЕТИКИ;Фундаментальная информатика и информационные технологии;Физика;Физика;Всероссийская олимпиада школьников «Высшая проба», Всесибирская открытая олимпиада школьников, Городская открытая олимпиада школьников по физике, Инженерная олимпиада школьников, Интернет-олимпиада школьников по физике, Московская олимпиада школьников, Олимпиада школьников «Ломоносов», Олимпиада школьников «Покори Воробьевы горы!», Olimpiada shkolnikov «Fiztex», Олимпиада школьников «Шаг в будущее», Олимпиада школьников Санкт-Петербургского государственного университета, Открытая межвузовская олимпиада школьников Сибирского федерального округа «Будущее Сибири», Отраслевая физико-математическая олимпиада школьников «Росатом», Санкт-Петербургская астрономическая олимпиада, Твой путь в настоящую науку, Турнир имени М.В. Ломоносова;I, II;11;Победитель, призер;Физика;Максимальное количество баллов по ЕГЭ по физике
ФИЗИЧЕСКИЙ ФАКУЛЬТЕТ;Фундаментальная и прикладная физика;Физика;Физика;Инженерная олимпиада школьников, Московская олимпиада школьников, Олимпиада школьников «Ломоносов», Olimpiada shkolnikov «Fiztex», Отраслевая физико-математическая олимпиада школьников «Росатом», Санкт-Петербургская астрономическая олимпиада;I;11 класс;Победитель, призер;Физика;Зачисление без вступительных испытаний
ФИЗИЧЕСКИЙ ФАКУЛЬТЕТ;Фундаментальная и прикладная физика;Физика;Физика;Всероссийская олимпиада школьников «Высшая проба», Всесибирская открытая олимпиада школьников, Городская открытая олимпиада школьников по физике, Интернет-олимпиада школьников по физике, Олимпиада школьников «Покори Воробьевы горы!», Олимпиада школьников «Шаг в будущее», Олимпиада школьников Санкт-Петербургского государственного университета, Открытая межвузовская олимпиада школьников Сибирского федерального округа «Будущее Сибири», Твой путь в настоящую науку, Турнир имени М.В. Ломоносова;II;11 класс;Победитель;Физика;Зачисление без вступительных испытаний
ФИЗИЧЕСКИЙ ФАКУЛЬТЕТ;Фундаментальная и прикладная физика;Физика;Физика;Всероссийская олимпиада школьников «Высшая проба», Всесибирская открытая олимпиада школьников, Городская открытая олимпиада школьников по физике, Интернет-олимпиада школьников по физике, Олимпиада школьников «Покори Воробьевы горы!», Олимпиада школьников «Шаг в будущее», Олимпиада школьников Санкт-Петербургского государственного университета, Открытая межвузовская олимпиада школьников Сибирского федерального округа «Будущее Сибири», Твой путь в настоящую науку, Турнир имени М.В. Ломоносова;II;11 класс;Призер;Физика;Максимальное количество баллов по дополнительному вступительному испытанию по физике
ФИЗИЧЕСКИЙ ФАКУЛЬТЕТ;Фундаментальная и прикладная физика;Математика;Математика;«Формула Единства»/«Третье тысячелетие», Всероссийская олимпиада школьников «Высшая проба», Всесибирская открытая олимпиада школьников, Международная олимпиада «Innopolis Open», Межрегиональная олимпиада школьников имени И.Я. Верченко, Объединенная межвузовская олимпиада школьников, Олимпиада Курчатов, Олимпиада школьников «Ломоносов», Olimpiada shkolnikov «Fiztex», Олимпиада школьников Санкт-Петербургского государственного университета, Олимпиада Юношеской математической школы, Отраслевая физико-математическая олимпиада школьников «Росатом», Санкт-Петербургская олимпиада школьников, Турнир городов, Турнир имени М.В. Ломоносова;I, II;11 класс;Победитель, призер;Математика;Максимальное количество баллов по ЕГЭ по математике
ФИЗИЧЕСКИЙ ФАКУЛЬТЕТ;Фундаментальная и прикладная физика;Информатика;Информатика;Всероссийская олимпиада по искусственному интеллекту, Всероссийская олимпиада школьников «Высшая проба», Всесибирская открытая олимпиада школьников, Вузовско-академическая олимпиада по информатике, Международная олимпиада «Innopolis Open», Московская олимпиада школьников, Олимпиада школьников «Гранит науки», Олимпиада школьников «Ломоносов», Олимпиада школьников по информатике и программированию, Олимпиада школьников по программированию «ТехноКубок», Олимпиада школьников Санкт-Петербургского государственного университета, Открытая олимпиада школьников, Открытая олимпиада школьников по программированию, Открытая олимпиада школьников по программированию «Когнитивные технологии», Отраслевая физико-математическая олимпиада школьников «Росатом», Университетская олимпиада школьников «Бельчонок»;I, II;11 класс;Победитель, призер;Информатика;Максимальное количество баллов по ЕГЭ по информатике
ФИЗИЧЕСКИЙ ФАКУЛЬТЕТ;Фундаментальная и прикладная физика;Астрономия;Астрономия;Санкт-Петербургская астрономическая олимпиада;I;11 класс;Победитель, призер;Физика;Максимальное количество баллов по ЕГЭ по физике
ФИЗИЧЕСКИЙ ФАКУЛЬТЕТ;Астрономия;Астрономия;Астрономия;Санкт-Петербургская астрономическая олимпиада;I;11 класс;Победитель, призер;Физика;Максимальное количество баллов по дополнительному вступительному испытанию по физике
ФИЗИЧЕСКИЙ ФАКУЛЬТЕТ;Астрономия;Астрономия;Астрономия;Московская олимпиада школьников;II;11 класс;Победитель;Физика;Максимальное количество баллов по дополнительному вступительному испытанию по физике
ФИЗИЧЕСКИЙ ФАКУЛЬТЕТ;Астрономия;Астрономия;Астрономия;Московская олимпиада школьников;II;11 класс;Призер;Физика;Максимальное количество баллов по ЕГЭ по физике
ФИЗИЧЕСКИЙ ФАКУЛЬТЕТ;Астрономия;Физика;Физика;Всероссийская олимпиада школьников «Высшая проба», Всесибирская открытая олимпиада школьников, Городская открытая олимпиада школьников по физике, Инженерная олимпиада школьников, Интернет-олимпиада школьников по физике, Московская олимпиада школьников, Олимпиада школьников «Ломоносов», Олимпиада школьников «Покори Воробьевы горы!», Olimpiada shkolnikov «Fiztex», Олимпиада школьников «Шаг в будущее», Олимпиада школьников Санкт-Петербургского государственного университета, Открытая межвузовская олимпиада школьников Сибирского федерального округа «Будущее Сибири», Отраслевая физико-математическая олимпиада школьников «Росатом», Санкт-Петербургская астрономическая олимпиада, Твой путь в настоящую науку, Турнир имени М.В. Ломоносова;I, II;11 класс;Победитель, призер;Физика;Максимальное количество баллов по ЕГЭ по физике
ФИЗИЧЕСКИЙ ФАКУЛЬТЕТ;Астрономия;Математика;Математика;«Формула Единства»/«Третье тысячелетие», Всероссийская олимпиада школьников «Высшая проба», Всесибирская открытая олимпиада школьников, Международная олимпиада «Innopolis Open», Межрегиональная олимпиада школьников имени И.Я. Верченко, Объединенная межвузовская олимпиада школьников, Олимпиада Курчатов, Олимпиада школьников «Ломоносов», Olimpiada shkolnikov «Fiztex», Олимпиада школьников Санкт-Петербургского государственного университета, Олимпиада Юношеской математической школы, Отраслевая физико-математическая олимпиада школьников «Росатом», Санкт-Петербургская олимпиада школьников, Турнир городов, Турнир имени М.В. Ломоносова;I, II;11 класс;Победитель, призер;Математика;Максимальное количество баллов по ЕГЭ по математике
ХИМИЧЕСКИЙ ФАКУЛЬТЕТ;Фундаментальная и прикладная химия;Химия;Химия;Всесибирская открытая олимпиада школьников, Межрегиональные предметные олимпиады ФГАОУ ВО «Казанский (Приволжский) федеральный университет», Многопредметная олимпиада «Юные таланты», Московская олимпиада школьников, Олимпиада школьников «Ломоносов», Санкт-Петербургская олимпиада школьников;I;11;Победитель;Химия;Зачисление без вступительных испытаний
ХИМИЧЕСКИЙ ФАКУЛЬТЕТ;Фундаментальная и прикладная химия;Химия;Химия;Всесибирская открытая олимпиада школьников, Межрегиональные предметные олимпиады ФГАОУ ВО «Казанский (Приволжский) федеральный университет», Многопредметная олимпиада «Юные таланты», Московская олимпиада школьников, Олимпиада школьников «Ломоносов», Санкт-Петербургская олимпиада школьников;I;11;Призер;Химия;Максимальное количество баллов по ЕГЭ по химии
ХИМИЧЕСКИЙ ФАКУЛЬТЕТ;Фундаментальная и прикладная химия;Химия;Химия;Всероссийская олимпиада школьников «Высшая проба», Всероссийская Сеченовская олимпиада школьников, Межрегиональная олимпиада школьников «Будущие исследователи – будущее науки», Олимпиада по химии и химической технологии «Потомки Менделеева», Олимпиада школьников Санкт-Петербургского государственного университета, Турнир имени М.В. Ломоносова, Университетская олимпиада школьников «Бельчонок»;II;11;Победитель;Химия;Максимальное количество баллов по ЕГЭ по химии
ХИМИЧЕСКИЙ ФАКУЛЬТЕТ;Фундаментальная и прикладная химия;Химия;Химия;Олимпиада школьников «Ломоносов»;I;11;Победитель;Химия;Зачисление без вступительных испытаний
ХИМИЧЕСКИЙ ФАКУЛЬТЕТ;Фундаментальная и прикладная химия;Химия;Химия;Олимпиада школьников «Ломоносов»;I;11;Призер;Химия;Максимальное количество баллов по дополнительному вступительному испытанию по химии
ХИМИЧЕСКИЙ ФАКУЛЬТЕТ;Фундаментальная и прикладная химия;Высокие технологии;Нанотехнологии и наноматериалы;Олимпиада школьников «Ломоносов»;I;11;Победитель;Химия;Зачисление без вступительных испытаний
ХИМИЧЕСКИЙ ФАКУЛЬТЕТ;Фундаментальная и прикладная химия;Высокие технологии;Нанотехнологии и наноматериалы;Олимпиада школьников «Ломоносов»;I;11;Призер;Химия;Максимальное количество баллов по ЕГЭ по химии
ХИМИЧЕСКИЙ ФАКУЛЬТЕТ;Фундаментальная и прикладная химия;Математика;Математика;Всероссийская олимпиада школьников «Высшая проба», Олимпиада школьников «Ломоносов», Олимпиада школьников Санкт-Петербургского государственного университета, Санкт-Петербургская олимпиада школьников, Турнир городов;I;11;Победитель, призер;Математика;Максимальное количество баллов по ЕГЭ по математике
ХИМИЧЕСКИЙ ФАКУЛЬТЕТ;Фундаментальная и прикладная химия;Физика;Физика;Инженерная олимпиада школьников, Московская олимпиада школьников, Олимпиада школьников «Ломоносов», Olimpiada shkolnikov «Fiztex», Отраслевая физико-математическая олимпиада школьников «Росатом», Санкт-Петербургская астрономическая олимпиада;I;11;Победитель, призер;Физика;Максимальное количество баллов по ЕГЭ по физике
ХИМИЧЕСКИЙ ФАКУЛЬТЕТ;Фундаментальная и прикладная химия;Биология;Биология;Всероссийская олимпиада по агрогенетике для школьников старших классов «Иннагрика», Олимпиада школьников «Ломоносов», Олимпиада школьников Санкт-Петербургского государственного университета;I;11;Победитель, призер;Биология;Максимальное количество баллов по ЕГЭ по биологии
БИОЛОГИЧЕСКИЙ ФАКУЛЬТЕТ;Фундаментальная и прикладная биология (группа программ «Физико- химическая биология. Общая биология»);Биология;Биология;Всероссийская олимпиада по агрогенетике для школьников старших классов «Иннагрика», Олимпиада школьников «Ломоносов», Олимпиада школьников Санкт-Петербургского государственного университета;I;11;Победитель;Биология;Зачисление без вступительных испытаний
БИОЛОГИЧЕСКИЙ ФАКУЛЬТЕТ;Фундаментальная и прикладная биология (группа программ «Физико- химическая биология. Общая биология»);Биология;Биология;Всероссийская олимпиада по агрогенетике для школьников старших классов «Иннагрика», Олимпиада школьников «Ломоносов», Олимпиада школьников Санкт-Петербургского государственного университета;I;11;Призер;Биология;Максимальное количество баллов по дополнительному вступительному испытанию по биологии
БИОЛОГИЧЕСКИЙ ФАКУЛЬТЕТ;Фундаментальная и прикладная биология (группа программ «Физико- химическая биология. Общая биология»);Химия;Химия;Всесибирская открытая олимпиада школьников, Межрегиональные предметные олимпиады ФГАОУ ВО «Казанский (Приволжский) федеральный университет», Многопредметная олимпиада «Юные таланты», Московская олимпиада школьников, Олимпиада школьников «Ломоносов», Санкт-Петербургская олимпиада школьников;I;11;Победитель;Химия;Максимальное количество баллов по ЕГЭ по химии
БИОЛОГИЧЕСКИЙ ФАКУЛЬТЕТ;Фундаментальная и прикладная биология (группа программ «Физико- химическая биология. Общая биология»);Математика;Математика;Всероссийская олимпиада школьников «Высшая проба», Олимпиада школьников «Ломоносов», Олимпиада школьников Санкт-Петербургского государственного университета, Санкт-Петербургская олимпиада школьников, Турнир городов;I;11;Победитель;Математика;Максимальное количество баллов по ЕГЭ по математике
БИОЛОГИЧЕСКИЙ ФАКУЛЬТЕТ;Фундаментальная и прикладная биология (группа программ «Физико- химическая биология. Общая биология»);Русский язык;Русский язык;Олимпиада школьников «Ломоносов»;I;11;Победитель;Русский язык;Максимальное количество баллов по ЕГЭ по русскому языку
БИОЛОГИЧЕСКИЙ ФАКУЛЬТЕТ;Фундаментальная и прикладная биология (группа программ «Физико- химическая биология. Общая биология»);Генетика;Биология, биологические науки;Всероссийская олимпиада школьников «Высшая проба», Всероссийская Сеченовская олимпиада школьников, Всесибирская открытая олимпиада школьников, Межрегиональная олимпиада школьников «Будущие исследователи – будущее науки», Olimpiada shkolnikov «Fiztex», Турнир имени М.В. Ломоносова;II;11;Победитель;Биология;Максимальное количество баллов по ЕГЭ по биологии
БИОЛОГИЧЕСКИЙ ФАКУЛЬТЕТ;Фундаментальная и прикладная биология (группа программ «Биоинженерия и биотехнология. Биофизика»);Биология;Биология;Всероссийская олимпиада по агрогенетике для школьников старших классов «Иннагрика», Олимпиада школьников «Ломоносов», Олимпиада школьников Санкт-Петербургского государственного университета;I;11;Победитель;Биология;Зачисление без вступительных испытаний
БИОЛОГИЧЕСКИЙ ФАКУЛЬТЕТ;Фундаментальная и прикладная биология (группа программ «Биоинженерия и биотехнология. Биофизика»);Биология;Биология;Всероссийская олимпиада по агрогенетике для школьников старших классов «Иннагрика», Олимпиада школьников «Ломоносов», Олимпиада школьников Санкт-Петербургского государственного университета;I;11;Призер;Биология;Максимальное количество баллов по ЕГЭ по биологии
БИОЛОГИЧЕСКИЙ ФАКУЛЬТЕТ;Фундаментальная и прикладная биология (группа программ «Биоинженерия и биотехнология. Биофизика»);Химия;Химия;Всесибирская открытая олимпиада школьников, Межрегиональные предметные олимпиады ФГАОУ ВО «Казанский (Приволжский) федеральный университет», Многопредметная олимпиада «Юные таланты», Московская олимпиада школьников, Олимпиада школьников «Ломоносов», Санкт-Петербургская олимпиада школьников;I;11;Победитель;Химия;Максимальное количество баллов по ЕГЭ по химии
БИОЛОГИЧЕСКИЙ ФАКУЛЬТЕТ;Фундаментальная и прикладная биология (группа программ «Биоинженерия и биотехнология. Биофизика»);Математика;Математика;Всероссийская олимпиада школьников «Высшая проба», Олимпиада школьников «Ломоносов», Олимпиада школьников Санкт-Петербургского государственного университета, Санкт-Петербургская олимпиада школьников, Турнир городов;I;11;Победитель;Математика;Зачисление без вступительных испытаний
БИОЛОГИЧЕСКИЙ ФАКУЛЬТЕТ;Фундаментальная и прикладная биология (группа программ «Биоинженерия и биотехнология. Биофизика»);Математика;Математика;Всероссийская олимпиада школьников «Высшая проба», Олимпиада школьников «Ломоносов», Олимпиада школьников Санкт-Петербургского государственного университета, Санкт-Петербургская олимпиада школьников, Турнир городов;I;11;Призер;Математика;Максимальное количество баллов по дополнительному вступительному испытанию по математике
БИОЛОГИЧЕСКИЙ ФАКУЛЬТЕТ;Фундаментальная и прикладная биология (группа программ «Биоинженерия и биотехнология. Биофизика»);Русский язык;Русский язык;Олимпиада школьников «Ломоносов»;I;11;Победитель;Русский язык;Максимальное количество баллов по ЕГЭ по русскому языку
БИОЛОГИЧЕСКИЙ ФАКУЛЬТЕТ;Фундаментальная и прикладная биология (группа программ «Биоинженерия и биотехнология. Биофизика»);Генетика;Биология, биологические науки;Всероссийская олимпиада школьников «Высшая проба», Всероссийская Сеченовская олимпиада школьников, Всесибирская открытая олимпиада школьников, Межрегиональная олимпиада школьников «Будущие исследователи – будущее науки», Olimpiada shkolnikov «Fiztex», Турнир имени М.В. Ломоносова;II;11;Победитель;Биология;Максимальное количество баллов по ЕГЭ по биологии
БИОЛОГИЧЕСКИЙ ФАКУЛЬТЕТ;Экология и природопользование;Биология;Биология;Всероссийская олимпиада по агрогенетике для школьников старших классов «Иннагрика», Олимпиада школьников «Ломоносов», Олимпиада школьников Санкт-Петербургского государственного университета;I;11;Победитель;Биология;Зачисление без вступительных испытаний
БИОЛОГИЧЕСКИЙ ФАКУЛЬТЕТ;Экология и природопользование;Биология;Биология;Всероссийская олимпиада по агрогенетике для школьников старших классов «Иннагрика», Олимпиада школьников «Ломоносов», Олимпиада школьников Санкт-Петербургского государственного университета;I;11;Призер;Биология;Максимальное количество баллов по дополнительному вступительному испытанию по биологии
БИОЛОГИЧЕСКИЙ ФАКУЛЬТЕТ;Экология и природопользование;Химия;Химия;Всесибирская открытая олимпиада школьников, Межрегиональные предметные олимпиады ФГАОУ ВО «Казанский (Приволжский) федеральный университет», Многопредметная олимпиада «Юные таланты», Московская олимпиада школьников, Олимпиада школьников «Ломоносов», Санкт-Петербургская олимпиада школьников;I;11;Победитель;Химия;Максимальное количество баллов по ЕГЭ по химии
БИОЛОГИЧЕСКИЙ ФАКУЛЬТЕТ;Экология и природопользование;Математика;Математика;Всероссийская олимпиада школьников «Высшая проба», Олимпиада школьников «Ломоносов», Олимпиада школьников Санкт-Петербургского государственного университета, Санкт-Петербургская олимпиада школьников, Турнир городов;I;11;Победитель;Математика;Максимальное количество баллов по ЕГЭ по математике
БИОЛОГИЧЕСКИЙ ФАКУЛЬТЕТ;Экология и природопользование;Русский язык;Русский язык;Олимпиада школьников «Ломоносов»;I;11;Победитель;Русский язык;Максимальное количество баллов по ЕГЭ по русскому языку
БИОЛОГИЧЕСКИЙ ФАКУЛЬТЕТ;Экология и природопользование;Генетика;Биология, биологические науки;Всероссийская олимпиада школьников «Высшая проба», Всероссийская Сеченовская олимпиада школьников, Всесибирская открытая олимпиада школьников, Межрегиональная олимпиада школьников «Будущие исследователи – будущее науки», Olimpiada shkolnikov «Fiztex», Турнир имени М.В. Ломоносова;II;11;Победитель;Биология;Максимальное количество баллов по ЕГЭ по биологии
БИОЛОГИЧЕСКИЙ ФАКУЛЬТЕТ;Экология и природопользование;Экология;Науки о Земле, биологические науки;Московская олимпиада школьников, Олимпиада школьников «Ломоносов»;II;11;Победитель;Биология;Зачисление без вступительных испытаний
БИОЛОГИЧЕСКИЙ ФАКУЛЬТЕТ;Экология и природопользование;Экология;Науки о Земле, биологические науки;Московская олимпиада школьников, Олимпиада школьников «Ломоносов»;II;11;Призер;Биология;Максимальное количество баллов по дополнительному вступительному испытанию по биологии
ФАКУЛЬТЕТ ПОЧВОВЕДЕНИЯ;Почвоведение;Экология;Биологические науки, науки о земле;Московская олимпиада школьников, Олимпиада школьников «Ломоносов»;II;11;Победитель, призер;Биология;Зачисление без вступительных испытаний
ФАКУЛЬТЕТ ПОЧВОВЕДЕНИЯ;Почвоведение;Биология;Биология;Всероссийская олимпиада по агрогенетике для школьников старших классов «Иннагрика», Всероссийская олимпиада школьников «Высшая проба», Всероссийская Сеченовская олимпиада школьников, Всесибирская открытая олимпиада школьников, Межрегиональная олимпиада школьников «Будущие исследователи – будущее науки», Олимпиада школьников «Ломоносов», Olimpiada shkolnikov «Fiztex», Олимпиада школьников Санкт-Петербургского государственного университета, Турнир имени М.В. Ломоносова;I, II;11;Победитель, призер;Биология;Максимальное количество баллов по дополнительному вступительному испытанию по биологии
ФАКУЛЬТЕТ ПОЧВОВЕДЕНИЯ;Почвоведение;Аграрная генетика;Биология;Всероссийская олимпиада по агрогенетике для школьников старших классов «Иннагрика»;I;11;Победитель, призер;Биология;Максимальное количество баллов по дополнительному вступительному испытанию по биологии
ФАКУЛЬТЕТ ПОЧВОВЕДЕНИЯ;Почвоведение;Математика;Математика;«Формула Единства»/«Третье тысячелетие», Всероссийская олимпиада школьников «Высшая проба», Всесибирская открытая олимпиада школьников, Международная олимпиада «Innopolis Open», Межрегиональная олимпиада школьников имени И.Я. Верченко, Объединенная межвузовская олимпиада школьников, Олимпиада Курчатов, Олимпиада школьников «Ломоносов», Olimpiada shkolnikov «Fiztex», Олимпиада школьников Санкт-Петербургского государственного университета, Олимпиада Юношеской математической школы, Отраслевая физико-математическая олимпиада школьников «Росатом», Санкт-Петербургская олимпиада школьников, Турнир городов, Турнир имени М.В. Ломоносова;I, II;11;Победитель, призер;Математика;Максимальное количество баллов по ЕГЭ по математике
ФАКУЛЬТЕТ ПОЧВОВЕДЕНИЯ;Почвоведение;Химия;Химия;Всероссийская олимпиада школьников «Высшая проба», Всероссийская Сеченовская олимпиада школьников, Всесибирская открытая олимпиада школьников, Межрегиональная олимпиада школьников «Будущие исследователи – будущее науки», Межрегиональные предметные олимпиады ФГАОУ ВО «Казанский (Приволжский) федеральный университет», Многопредметная олимпиада «Юные таланты», Московская олимпиада школьников, Олимпиада по химии и химической технологии «Потомки Менделеева», Олимпиада школьников «Ломоносов», Олимпиада школьников Санкт-Петербургского государственного университета, Санкт-Петербургская олимпиада школьников, Турнир имени М.В. Ломоносова, Университетская олимпиада школьников «Бельчонок»;I, II;11;Победитель, призер;Химия;Максимальное количество баллов по ЕГЭ по химии
ФАКУЛЬТЕТ ПОЧВОВЕДЕНИЯ;Почвоведение;Высокие технологии;Нанотехнологии и наноматериалы;Олимпиада школьников «Ломоносов»;I;11;Победитель, призер;Химия;Максимальное количество баллов по ЕГЭ по химии
ФАКУЛЬТЕТ ПОЧВОВЕДЕНИЯ;Почвоведение;География;География;Всероссийская олимпиада школьников «Высшая проба», Герценовская олимпиада школьников, Многопредметная олимпиада «Юные таланты», Олимпиада школьников «Ломоносов», Олимпиада школьников Санкт-Петербургского государственного университета, Открытая олимпиада Северо-Кавказского федерального университета среди учащихся образовательных организаций «45 параллель»;I, II;10, 11;Победитель, призер;География;Максимальное количество баллов по ЕГЭ по географии
ФАКУЛЬТЕТ ПОЧВОВЕДЕНИЯ;Почвоведение;Физика;Физика;Всероссийская олимпиада школьников «Высшая проба», Всесибирская открытая олимпиада школьников, Городская открытая олимпиада школьников по физике, Инженерная олимпиада школьников, Интернет-олимпиада школьников по физике, Московская олимпиада школьников, Олимпиада школьников «Ломоносов», Олимпиада школьников «Покори Воробьевы горы!», Olimpiada shkolnikov «Fiztex», Олимпиада школьников «Шаг в будущее», Олимпиада школьников Санкт-Петербургского государственного университета, Открытая межвузовская олимпиада школьников Сибирского федерального округа «Будущее Сибири», Отраслевая физико-математическая олимпиада школьников «Росатом», Санкт-Петербургская астрономическая олимпиада, Твой путь в настоящую науку, Турнир имени М.В. Ломоносова;I, II;11;Победитель, призер;Физика;Максимальное количество баллов по ЕГЭ по физике
ФАКУЛЬТЕТ ПОЧВОВЕДЕНИЯ;Почвоведение;Информатика;Информатика;Всероссийская олимпиада по искусственному интеллекту, Всероссийская олимпиада школьников «Высшая проба», Всесибирская открытая олимпиада школьников, Вузовско-академическая олимпиада по информатике, Международная олимпиада «Innopolis Open», Московская олимпиада школьников, Олимпиада школьников «Гранит науки», Олимпиада школьников «Ломоносов», Олимпиада школьников по информатике и программированию, Олимпиада школьников по программированию «ТехноКубок», Олимпиада школьников Санкт-Петербургского государственного университета, Открытая олимпиада школьников, Открытая олимпиада школьников по программированию, Открытая олимпиада школьников по программированию «Когнитивные технологии», Отраслевая физико-математическая олимпиада школьников «Росатом», Университетская олимпиада школьников «Бельчонок»;I, II;11;Победитель, призер;Информатика;Максимальное количество баллов по ЕГЭ по информатике
ФАКУЛЬТЕТ ПОЧВОВЕДЕНИЯ;Экология и природопользование;Экология;Биологические науки, науки о земле;Московская олимпиада школьников, Олимпиада школьников «Ломоносов»;II;11;Победитель, призер;География;Зачисление без вступительных испытаний
ФАКУЛЬТЕТ ПОЧВОВЕДЕНИЯ;Экология и природопользование;География;География;Всероссийская олимпиада школьников «Высшая проба», Герценовская олимпиада школьников, Многопредметная олимпиада «Юные таланты», Олимпиада школьников «Ломоносов», Олимпиада школьников Санкт-Петербургского государственного университета, Открытая олимпиада Северо-Кавказского федерального университета среди учащихся образовательных организаций «45 параллель»;I, II;10, 11;Победитель, призер;География;Максимальное количество баллов по дополнительному вступительному испытанию по географии
ФАКУЛЬТЕТ ПОЧВОВЕДЕНИЯ;Экология и природопользование;Математика;Математика;«Формула Единства»/«Третье тысячелетие», Всероссийская олимпиада школьников «Высшая проба», Всесибирская открытая олимпиада школьников, Международная олимпиада «Innopolis Open», Межрегиональная олимпиада школьников имени И.Я. Верченко, Объединенная межвузовская олимпиада школьников, Олимпиада Курчатов, Олимпиада школьников «Ломоносов», Olimpiada shkolnikov «Fiztex», Олимпиада школьников Санкт-Петербургского государственного университета, Олимпиада Юношеской математической школы, Отраслевая физико-математическая олимпиада школьников «Росатом», Санкт-Петербургская олимпиада школьников, Турнир городов, Турнир имени М.В. Ломоносова;I, II;11;Победитель, призер;Математика;Максимальное количество баллов по ЕГЭ по математике
ФАКУЛЬТЕТ ПОЧВОВЕДЕНИЯ;Экология и природопользование;Биология;Биология;Всероссийская олимпиада по агрогенетике для школьников старших классов «Иннагрика», Всероссийская олимпиада школьников «Высшая проба», Всероссийская Сеченовская олимпиада школьников, Всесибирская открытая олимпиада школьников, Межрегиональная олимпиада школьников «Будущие исследователи – будущее науки», Олимпиада школьников «Ломоносов», Olimpiada shkolnikov «Fiztex», Олимпиада школьников Санкт-Петербургского государственного университета, Турнир имени М.В. Ломоносова;I, II;11;Победитель, призер;Биология;Максимальное количество баллов по ЕГЭ по биологии
ФАКУЛЬТЕТ ПОЧВОВЕДЕНИЯ;Экология и природопользование;Химия;Химия;Всероссийская олимпиада школьников «Высшая проба», Всероссийская Сеченовская олимпиада школьников, Всесибирская открытая олимпиада школьников, Межрегиональная олимпиада школьников «Будущие исследователи – будущее науки», Межрегиональные предметные олимпиады ФГАОУ ВО «Казанский (Приволжский) федеральный университет», Многопредметная олимпиада «Юные таланты», Московская олимпиада школьников, Олимпиада по химии и химической технологии «Потомки Менделеева», Олимпиада школьников «Ломоносов», Олимпиада школьников Санкт-Петербургского государственного университета, Санкт-Петербургская олимпиада школьников, Турнир имени М.В. Ломоносова, Университетская олимпиада школьников «Бельчонок»;I, II;11;Победитель, призер;Химия;Максимальное количество баллов по ЕГЭ по химии
ФАКУЛЬТЕТ ПОЧВОВЕДЕНИЯ;Экология и природопользование;Физика;Физика;Всероссийская олимпиада школьников «Высшая проба», Всесибирская открытая олимпиада школьников, Городская открытая олимпиада школьников по физике, Инженерная олимпиада школьников, Интернет-олимпиада школьников по физике, Московская олимпиада школьников, Олимпиада школьников «Ломоносов», Олимпиада школьников «Покори Воробьевы горы!», Olimpiada shkolnikov «Fiztex», Олимпиада школьников «Шаг в будущее», Олимпиада школьников Санкт-Петербургского государственного университета, Открытая межвузовская олимпиада школьников Сибирского федерального округа «Будущее Сибири», Отраслевая физико-математическая олимпиада школьников «Росатом», Санкт-Петербургская астрономическая олимпиада, Твой путь в настоящую науку, Турнир имени М.В. Ломоносова;I, II;11;Победитель, призер;Физика;Максимальное количество баллов по ЕГЭ по физике
ФАКУЛЬТЕТ ПОЧВОВЕДЕНИЯ;Экология и природопользование;Информатика;Информатика;Всероссийская олимпиада по искусственному интеллекту, Всероссийская олимпиада школьников «Высшая проба», Всесибирская открытая олимпиада школьников, Вузовско-академическая олимпиада по информатике, Международная олимпиада «Innopolis Open», Московская олимпиада школьников, Олимпиада школьников «Гранит науки», Олимпиада школьников «Ломоносов», Олимпиада школьников по информатике и программированию, Олимпиада школьников по программированию «ТехноКубок», Олимпиада школьников Санкт-Петербургского государственного университета, Открытая олимпиада школьников, Открытая олимпиада школьников по программированию, Открытая олимпиада школьников по программированию «Когнитивные технологии», Отраслевая физико-математическая олимпиада школьников «Росатом», Университетская олимпиада школьников «Бельчонок»;I, II;11;Победитель, призер;Информатика;Максимальное количество баллов по ЕГЭ по информатике
ГЕОЛОГИЧЕСКИЙ ФАКУЛЬТЕТ;Геология;Геология;Науки о земле;Олимпиада школьников «Ломоносов», Московская открытая олимпиада школьников по геологии;I;11;Победитель, призер;Математика Физика География (один по выбору поступающего);Зачисление без вступительных испытаний
ГЕОЛОГИЧЕСКИЙ ФАКУЛЬТЕТ;Геология;Математика;Математика;Всероссийская олимпиада школьников «Высшая проба», Олимпиада школьников «Ломоносов», Олимпиада школьников Санкт-Петербургского государственного университета, Санкт-Петербургская олимпиада школьников, Турнир городов;I;11;Победитель, призер;Математика;Зачисление без вступительных испытаний
ГЕОЛОГИЧЕСКИЙ ФАКУЛЬТЕТ;Геология;Математика;Математика;«Формула Единства»/«Третье тысячелетие», Всесибирская открытая олимпиада школьников, Международная олимпиада «Innopolis Open», Межрегиональная олимпиада школьников имени И.Я. Верченко, Объединенная межвузовская олимпиада школьников, Олимпиада Курчатов, Olimpiada shkolnikov «Fiztex», Олимпиада Юношеской математической школы, Отраслевая физико-математическая олимпиада школьников «Росатом», Турнир имени М.В. Ломоносова;II;11;Победитель, призер;Математика;Максимальное количество баллов по дополнительному вступительному испытанию по математике
ГЕОЛОГИЧЕСКИЙ ФАКУЛЬТЕТ;Геология;Физика;Физика;Инженерная олимпиада школьников, Московская олимпиада школьников, Олимпиада школьников «Ломоносов», Olimpiada shkolnikov «Fiztex», Отраслевая физико-математическая олимпиада школьников «Росатом», Санкт-Петербургская астрономическая олимпиада;I;11;Победитель, призер;Физика;Зачисление без вступительных испытаний
ГЕОЛОГИЧЕСКИЙ ФАКУЛЬТЕТ;Геология;Физика;Физика;Всероссийская олимпиада школьников «Высшая проба», Всесибирская открытая олимпиада школьников, Городская открытая олимпиада школьников по физике, Интернет-олимпиада школьников по физике, Олимпиада школьников «Покори Воробьевы горы!», Олимпиада школьников «Шаг в будущее», Олимпиада школьников Санкт-Петербургского государственного университета, Открытая межвузовская олимпиада школьников Сибирского федерального округа «Будущее Сибири», Твой путь в настоящую науку, Турнир имени М.В. Ломоносова;II;11;Победитель, призер;Физика;Максимальное количество баллов по ЕГЭ по физике
ГЕОЛОГИЧЕСКИЙ ФАКУЛЬТЕТ;Геология;Химия;Химия;Всесибирская открытая олимпиада школьников, Межрегиональные предметные олимпиады ФГАОУ ВО «Казанский (Приволжский) федеральный университет», Многопредметная олимпиада «Юные таланты», Московская олимпиада школьников, Олимпиада школьников «Ломоносов», Санкт-Петербургская олимпиада школьников;I;11;Победитель, призер;Химия;Зачисление без вступительных испытаний
ГЕОЛОГИЧЕСКИЙ ФАКУЛЬТЕТ;Геология;Химия;Химия;Всероссийская олимпиада школьников «Высшая проба», Всероссийская Сеченовская олимпиада школьников, Межрегиональная олимпиада школьников «Будущие исследователи – будущее науки», Олимпиада по химии и химической технологии «Потомки Менделеева», Олимпиада школьников Санкт-Петербургского государственного университета, Турнир имени М.В. Ломоносова, Университетская олимпиада школьников «Бельчонок»;II;11;Победитель, призер;Химия;Максимальное количество баллов по ЕГЭ по химии
ГЕОЛОГИЧЕСКИЙ ФАКУЛЬТЕТ;Геология;География;География;Многопредметная олимпиада «Юные таланты», Олимпиада школьников «Ломоносов», Олимпиада школьников Санкт-Петербургского государственного университета;I;10, 11;Победитель, призер;География;Зачисление без вступительных испытаний
ГЕОЛОГИЧЕСКИЙ ФАКУЛЬТЕТ;Геология;География;География;Всероссийская олимпиада школьников «Высшая проба», Герценовская олимпиада школьников, Открытая олимпиада Северо-Кавказского федерального университета среди учащихся образовательных организаций «45 параллель», Открытая региональная межвузовская олимпиада школьников (ОРМО) с международным участием;II, III;10, 11;Победитель, призер;География;Максимальное количество баллов по ЕГЭ по географии
ГЕОЛОГИЧЕСКИЙ ФАКУЛЬТЕТ;Геология;Информатика;Информатика;Всероссийская олимпиада школьников «Высшая проба», Вузовско-академическая олимпиада по информатике, Московская олимпиада школьников, Олимпиада школьников по информатике и программированию, Олимпиада школьников Санкт-Петербургского государственного университета, Открытая олимпиада школьников, Открытая олимпиада школьников по программированию;I;11;Победитель, призер;Информатика;Зачисление без вступительных испытаний
ГЕОЛОГИЧЕСКИЙ ФАКУЛЬТЕТ;Геология;Информатика;Информатика;Всероссийская олимпиада по искусственному интеллекту, Всесибирская открытая олимпиада школьников, Международная олимпиада «Innopolis Open», Олимпиада школьников «Гранит науки», Олимпиада школьников «Ломоносов», Олимпиада школьников по программированию «ТехноКубок», Открытая олимпиада школьников по программированию «Когнитивные технологии», Отраслевая физико-математическая олимпиада школьников «Росатом», Университетская олимпиада школьников «Бельчонок»;II;11;Победитель, призер;Информатика;Максимальное количество баллов по ЕГЭ по информатике
ГЕОГРАФИЧЕСКИЙ ФАКУЛЬТЕТ;Науки о Земле (Направления подготовки «География», «Картография и геоинформатика», «Гидрометеорология», «Экология и природопользование»;География;География;Многопредметная олимпиада «Юные таланты», Олимпиада школьников «Ломоносов», Олимпиада школьников Санкт-Петербургского государственного университета;I;10, 11;Победитель, призер;География;Зачисление без вступительных испытаний
ГЕОГРАФИЧЕСКИЙ ФАКУЛЬТЕТ;Науки о Земле (Направления подготовки «География», «Картография и геоинформатика», «Гидрометеорология», «Экология и природопользование»;География;География;Всероссийская олимпиада школьников «Высшая проба», Герценовская олимпиада школьников, Открытая олимпиада Северо-Кавказского федерального университета среди учащихся образовательных организаций «45 параллель»;II;10, 11;Победитель, призер;География;Максимальное количество баллов по дополнительному вступительному испытанию по географии
ГЕОГРАФИЧЕСКИЙ ФАКУЛЬТЕТ;Науки о Земле (Направления подготовки «География», «Картография и геоинформатика», «Гидрометеорология», «Экология и природопользование»;Математика;Математика;«Формула Единства»/«Третье тысячелетие», Всероссийская олимпиада школьников «Высшая проба», Всесибирская открытая олимпиада школьников, Международная олимпиада «Innopolis Open», Межрегиональная олимпиада школьников имени И.Я. Верченко, Объединенная межвузовская олимпиада школьников, Олимпиада Курчатов, Олимпиада школьников «Ломоносов», Olimpiada shkolnikov «Fiztex», Олимпиада школьников Санкт-Петербургского государственного университета, Олимпиада Юношеской математической школы, Отраслевая физико-математическая олимпиада школьников «Росатом», Санкт-Петербургская олимпиада школьников, Турнир городов, Турнир имени М.В. Ломоносова;I, II;11;Победитель, призер;Математика;Максимальное количество баллов по ЕГЭ по математике
ГЕОГРАФИЧЕСКИЙ ФАКУЛЬТЕТ;Науки о Земле (Направления подготовки «География», «Картография и геоинформатика», «Гидрометеорология», «Экология и природопользование»;Физика;Физика;Всероссийская олимпиада школьников «Высшая проба», Всесибирская открытая олимпиада школьников, Городская открытая олимпиада школьников по физике, Инженерная олимпиада школьников, Интернет-олимпиада школьников по физике, Московская олимпиада школьников, Олимпиада школьников «Ломоносов», Олимпиада школьников «Покори Воробьевы горы!», Olimpiada shkolnikov «Fiztex», Олимпиада школьников «Шаг в будущее», Олимпиада школьников Санкт-Петербургского государственного университета, Открытая межвузовская олимпиада школьников Сибирского федерального округа «Будущее Сибири», Отраслевая физико-математическая олимпиада школьников «Росатом», Санкт-Петербургская астрономическая олимпиада, Твой путь в настоящую науку, Турнир имени М.В. Ломоносова;I, II;11;Победитель, призер;Физика;Максимальное количество баллов по ЕГЭ по физике
ГЕОГРАФИЧЕСКИЙ ФАКУЛЬТЕТ;Науки о Земле (Направления подготовки «География», «Картография и геоинформатика», «Гидрометеорология», «Экология и природопользование»;Информатика;Информатика;Всероссийская олимпиада по искусственному интеллекту, Всероссийская олимпиада школьников «Высшая проба», Всесибирская открытая олимпиада школьников, Вузовско-академическая олимпиада по информатике, Международная олимпиада «Innopolis Open», Московская олимпиада школьников, Олимпиада школьников «Гранит науки», Олимпиада школьников «Ломоносов», Олимпиада школьников по информатике и программированию, Олимпиада школьников по программированию «ТехноКубок», Олимпиада школьников Санкт-Петербургского государственного университета, Открытая олимпиада школьников, Открытая олимпиада школьников по программированию, Открытая олимпиада школьников по программированию «Когнитивные технологии», Отраслевая физико-математическая олимпиада школьников «Росатом», Университетская олимпиада школьников «Бельчонок»;I, II;11;Победитель, призер;Информатика;Максимальное количество баллов по ЕГЭ по информатике
ГЕОГРАФИЧЕСКИЙ ФАКУЛЬТЕТ;Науки о Земле (Направления подготовки «География», «Картография и геоинформатика», «Гидрометеорология», «Экология и природопользование»;Биология;Биология;Всероссийская олимпиада по агрогенетике для школьников старших классов «Иннагрика», Всероссийская олимпиада школьников «Высшая проба», Всероссийская Сеченовская олимпиада школьников, Всесибирская открытая олимпиада школьников, Межрегиональная олимпиада школьников «Будущие исследователи – будущее науки», Олимпиада школьников «Ломоносов», Olimpiada shkolnikov «Fiztex», Олимпиада школьников Санкт-Петербургского государственного университета, Турнир имени М.В. Ломоносова;I, II;11;Победитель, призер;Биология;Максимальное количество баллов по ЕГЭ по биологии
ГЕОГРАФИЧЕСКИЙ ФАКУЛЬТЕТ;Туризм;Обществознание;Обществознание;Всероссийская академическая олимпиада школьников имени В.И. Вернадского, Всероссийская олимпиада школьников «Высшая проба», Московская олимпиада школьников, Олимпиада МГИМО МИД России для школьников, Олимпиада РГГУ для школьников, Олимпиада школьников «Ломоносов», Олимпиада школьников РАНХиГС при Президенте РФ, Олимпиада школьников Санкт-Петербургского государственного университета;I, II;11;Победитель, призер;Обществознание;Максимальное количество баллов по дополнительному вступительному испытанию по обществознанию
ГЕОГРАФИЧЕСКИЙ ФАКУЛЬТЕТ;Туризм;География;География;Всероссийская олимпиада школьников «Высшая проба», Герценовская олимпиада школьников, Многопредметная олимпиада «Юные таланты», Олимпиада школьников «Ломоносов», Олимпиада школьников Санкт-Петербургского государственного университета, Открытая олимпиада Северо-Кавказского федерального университета среди учащихся образовательных организаций «45 параллель»;I, II;10, 11;Победитель, призер;География;Максимальное количество баллов по ЕГЭ по географии
ГЕОГРАФИЧЕСКИЙ ФАКУЛЬТЕТ;Туризм;История;История;Всероссийская академическая олимпиада школьников имени В.И. Вернадского, Всероссийская олимпиада школьников «Высшая проба», Межрегиональная олимпиада школьников «Будущие исследователи – будущее науки», Московская олимпиада школьников, Олимпиада МГИМО МИД России для школьников, Олимпиада РГГУ для школьников, Олимпиада школьников «Ломоносов», Олимпиада школьников РАНХиГС при Президенте РФ, Олимпиада школьников Санкт-Петербургского государственного университета, Турнир имени М.В. Ломоносова;I, II;11;Победитель, призер;История;Максимальное количество баллов по ЕГЭ по истории
ГЕОГРАФИЧЕСКИЙ ФАКУЛЬТЕТ;Туризм;Иностранный язык;Иностранный язык;Всероссийская олимпиада школьников «Высшая проба», Герценовская олимпиада школьников, Международная олимпиада школьников «Евразийская лингвистическая олимпиада», Межрегиональная олимпиада школьников на базе ведомственных образовательных организаций, Межрегиональные предметные олимпиады ФГАОУ ВО «Казанский (Приволжский) федеральный университет», Олимпиада по экономике в рамках международного экономического фестиваля школьников «Сибириада. Шаг в мечту», Олимпиада школьников «Ломоносов», Олимпиада школьников Санкт-Петербургского государственного университета, Плехановская олимпиада школьников;I, II;11;Победитель, призер;Иностранный язык;Максимальное количество баллов по ЕГЭ по иностранному языку
ФАКУЛЬТЕТ НАУК О МАТЕРИАЛАХ;Химия, физика и механика материалов;Высокие технологии;Нанотехнологии и наноматериалы;Олимпиада школьников «Ломоносов»;I;11;Победитель;Математика;Зачисление без вступительных испытаний
ФАКУЛЬТЕТ НАУК О МАТЕРИАЛАХ;Химия, физика и механика материалов;Высокие технологии;Нанотехнологии и наноматериалы;Олимпиада школьников «Ломоносов»;I;11;Призер;Математика, химия;"Максимальное количество баллов по дополнительному вступительному испытанию по математике; Максимальное количество баллов по ЕГЭ по химии"
ФАКУЛЬТЕТ НАУК О МАТЕРИАЛАХ;Химия, физика и механика материалов;Математика;Математика;«Формула Единства»/«Третье тысячелетие», Всероссийская олимпиада школьников «Высшая проба», Всесибирская открытая олимпиада школьников, Международная олимпиада «Innopolis Open», Межрегиональная олимпиада школьников имени И.Я. Верченко, Объединенная межвузовская олимпиада школьников, Олимпиада Курчатов, Олимпиада школьников «Ломоносов», Olimpiada shkolnikov «Fiztex», Олимпиада школьников Санкт-Петербургского государственного университета, Олимпиада Юношеской математической школы, Отраслевая физико-математическая олимпиада школьников «Росатом», Санкт-Петербургская олимпиада школьников, Турнир городов, Турнир имени М.В. Ломоносова;I, II;11;Победитель, призер;Математика;Максимальное количество баллов по дополнительному вступительному испытанию по математике
ФАКУЛЬТЕТ НАУК О МАТЕРИАЛАХ;Химия, физика и механика материалов;Химия;Химия;Всероссийская олимпиада школьников «Высшая проба», Всероссийская Сеченовская олимпиада школьников, Всесибирская открытая олимпиада школьников, Межрегиональная олимпиада школьников «Будущие исследователи – будущее науки», Межрегиональные предметные олимпиады ФГАОУ ВО «Казанский (Приволжский) федеральный университет», Многопредметная олимпиада «Юные таланты», Московская олимпиада школьников, Олимпиада по химии и химической технологии «Потомки Менделеева», Олимпиада школьников «Ломоносов», Олимпиада школьников Санкт-Петербургского государственного университета, Санкт-Петербургская олимпиада школьников, Турнир имени М.В. Ломоносова, Университетская олимпиада школьников «Бельчонок»;I, II;11;Победитель, призер;Химия;Максимальное количество баллов по ЕГЭ по химии
ФАКУЛЬТЕТ НАУК О МАТЕРИАЛАХ;Химия, физика и механика материалов;Физика;Физика;Всероссийская олимпиада школьников «Высшая проба», Всесибирская открытая олимпиада школьников, Городская открытая олимпиада школьников по физике, Инженерная олимпиада школьников, Интернет-олимпиада школьников по физике, Московская олимпиада школьников, Олимпиада школьников «Ломоносов», Олимпиада школьников «Покори Воробьевы горы!», Olimpiada shkolnikov «Fiztex», Олимпиада школьников «Шаг в будущее», Олимпиада школьников Санкт-Петербургского государственного университета, Открытая межвузовская олимпиада школьников Сибирского федерального округа «Будущее Сибири», Отраслевая физико-математическая олимпиада школьников «Росатом», Санкт-Петербургская астрономическая олимпиада, Твой путь в настоящую науку, Турнир имени М.В. Ломоносова;I, II;11;Победитель, призер;Физика;Максимальное количество баллов по ЕГЭ по физике
ФАКУЛЬТЕТ НАУК О МАТЕРИАЛАХ;Химия, физика и механика материалов;Информатика;Информатика;Всероссийская олимпиада по искусственному интеллекту, Всероссийская олимпиада школьников «Высшая проба», Всесибирская открытая олимпиада школьников, Вузовско-академическая олимпиада по информатике, Международная олимпиада «Innopolis Open», Московская олимпиада школьников, Олимпиада школьников «Гранит науки», Олимпиада школьников «Ломоносов», Олимпиада школьников по информатике и программированию, Олимпиада школьников по программированию «ТехноКубок», Олимпиада школьников Санкт-Петербургского государственного университета, Открытая олимпиада школьников, Открытая олимпиада школьников по программированию, Открытая олимпиада школьников по программированию «Когнитивные технологии», Отраслевая физико-математическая олимпиада школьников «Росатом», Университетская олимпиада школьников «Бельчонок»;I, II;11;Победитель, призер;Информатика;Максимальное количество баллов по ЕГЭ по информатике
ФАКУЛЬТЕТ ФУНДАМЕНТАЛЬНОЙ МЕДИЦИНЫ;Лечебное дело;Химия;Химия;Олимпиада школьников «Ломоносов»;I;11;Победитель, призер;Химия;Максимальное количество баллов по дополнительному вступительному испытанию по химии
ФАКУЛЬТЕТ ФУНДАМЕНТАЛЬНОЙ МЕДИЦИНЫ;Лечебное дело;Химия;Химия;Всесибирская открытая олимпиада школьников, Межрегиональные предметные олимпиады ФГАОУ ВО «Казанский (Приволжский) федеральный университет», Многопредметная олимпиада «Юные таланты», Московская олимпиада школьников, Олимпиада школьников «Ломоносов», Санкт-Петербургская олимпиада школьников;I;11;Победитель, призер;Химия;Максимальное количество баллов по ЕГЭ по химии
ФАКУЛЬТЕТ ФУНДАМЕНТАЛЬНОЙ МЕДИЦИНЫ;Лечебное дело;Биология;Биология;Всероссийская олимпиада по агрогенетике для школьников старших классов «Иннагрика», Олимпиада школьников «Ломоносов», Олимпиада школьников Санкт-Петербургского государственного университета;I;11;Победитель, призер;Биология;Максимальное количество баллов по ЕГЭ по биологии
ФАКУЛЬТЕТ ФУНДАМЕНТАЛЬНОЙ МЕДИЦИНЫ;Фармация;Химия;Химия;Олимпиада школьников «Ломоносов»;I;11;Победитель, призер;Химия;Максимальное количество баллов по дополнительному вступительному испытанию по химии
ФАКУЛЬТЕТ ФУНДАМЕНТАЛЬНОЙ МЕДИЦИНЫ;Фармация;Химия;Химия;Всесибирская открытая олимпиада школьников, Межрегиональные предметные олимпиады ФГАОУ ВО «Казанский (Приволжский) федеральный университет», Многопредметная олимпиада «Юные таланты», Московская олимпиада школьников, Олимпиада школьников «Ломоносов», Санкт-Петербургская олимпиада школьников;I;11;Победитель, призер;Химия;Максимальное количество баллов по ЕГЭ по химии
ФАКУЛЬТЕТ ФУНДАМЕНТАЛЬНОЙ МЕДИЦИНЫ;Фармация;Биология;Биология;Всероссийская олимпиада по агрогенетике для школьников старших классов «Иннагрика», Олимпиада школьников «Ломоносов», Олимпиада школьников Санкт-Петербургского государственного университета;I;11;Победитель, призер;Биология;Максимальное количество баллов по ЕГЭ по биологии
ИСТОРИЧЕСКИЙ ФАКУЛЬТЕТ;История;История;История;Олимпиада школьников «Покори Воробьевы горы!»;I;11;Победитель, призер;История;Зачисление без вступительных испытаний
ИСТОРИЧЕСКИЙ ФАКУЛЬТЕТ;История;История;История;Всероссийская олимпиада школьников «Высшая проба», Олимпиада школьников «Ломоносов», Олимпиада школьников Санкт- Петербургского государственного университета;I;11;Победитель;История;Зачисление без вступительных испытаний
ИСТОРИЧЕСКИЙ ФАКУЛЬТЕТ;История;История;История;Всероссийская олимпиада школьников «Высшая проба», Олимпиада школьников «Ломоносов», Олимпиада школьников Санкт- Петербургского государственного университета;I;11;Призер;История;Максимальное количество баллов по дополнительному вступительному испытанию по истории
ИСТОРИЧЕСКИЙ ФАКУЛЬТЕТ;История;Основы российской государственности;История, обществознание;Олимпиада школьников «Ломоносов»;I;11;Победитель;История;Зачисление без вступительных испытаний
ИСТОРИЧЕСКИЙ ФАКУЛЬТЕТ;История;Основы российской государственности;История, обществознание;Олимпиада школьников «Ломоносов»;I;11;Призер;История;Максимальное количество баллов по дополнительному вступительному испытанию по истории
ИСТОРИЧЕСКИЙ ФАКУЛЬТЕТ;История;История;История;Межрегиональная олимпиада школьников «Будущие исследователи – будущее науки», Московская олимпиада школьников, Олимпиада МГИМО МИД России для школьников, Олимпиада РГГУ для школьников, Олимпиада школьников РАНХиГС при Президенте РФ, Турнир имени М.В. Ломоносова;II;11;Победитель;История;Максимальное количество баллов по дополнительному вступительному испытанию по истории
ИСТОРИЧЕСКИЙ ФАКУЛЬТЕТ;История;История;История;Межрегиональная олимпиада школьников «Будущие исследователи – будущее науки», Московская олимпиада школьников, Олимпиада МГИМО МИД России для школьников, Олимпиада РГГУ для школьников, Олимпиада школьников РАНХиГС при Президенте РФ, Турнир имени М.В. Ломоносова;II;11;Призер;История;Максимальное количество баллов по ЕГЭ по истории
ИСТОРИЧЕСКИЙ ФАКУЛЬТЕТ;История;Гуманитарные и социальные науки;История, обществознание;Всероссийская академическая олимпиада школьников имени В.И. Вернадского, Телевизионная гуманитарная олимпиада школьников «Умницы и умники»;I;11;Победитель, призер;История;Максимальное количество баллов по дополнительному вступительному испытанию по истории
ИСТОРИЧЕСКИЙ ФАКУЛЬТЕТ;История;Международные отношения и глобалистика;История;Олимпиада школьников «Ломоносов»;I;11;Победитель, призер;История;Максимальное количество баллов по дополнительному вступительному испытанию по истории
ИСТОРИЧЕСКИЙ ФАКУЛЬТЕТ;История;Русский язык;Русский язык;Всероссийская олимпиада школьников «Высшая проба», Межрегиональная олимпиада школьников «Будущие исследователи – будущее науки», Межрегиональные предметные олимпиады ФГАОУ ВО «Казанский (Приволжский) федеральный университет», Олимпиада РГГУ для школьников, Олимпиада школьников «Ломоносов»;I, II;11;Победитель, призер;Русский язык;Максимальное количество баллов по ЕГЭ по русскому языку
ИСТОРИЧЕСКИЙ ФАКУЛЬТЕТ;История;Иностранный язык;Иностранный язык;Всероссийская олимпиада школьников «Высшая проба», Герценовская олимпиада школьников, Международная олимпиада школьников «Евразийская лингвистическая олимпиада», Межрегиональная олимпиада школьников на базе ведомственных образовательных организаций, Межрегиональные предметные олимпиады ФГАОУ ВО «Казанский (Приволжский) федеральный университет», Олимпиада по экономике в рамках международного экономического фестиваля школьников «Сибириада. Шаг в мечту», Олимпиада школьников «Ломоносов», Олимпиада школьников Санкт-Петербургского государственного университета, Плехановская олимпиада школьников;I, II;11;Победитель, призер;Иностранный язык;Максимальное количество баллов по ЕГЭ по иностранному языку
ИСТОРИЧЕСКИЙ ФАКУЛЬТЕТ;История;Обществознание;Обществознание;Всероссийская академическая олимпиада школьников имени В.И. Вернадского, Всероссийская олимпиада школьников «Высшая проба», Московская олимпиада школьников, Олимпиада МГИМО МИД России для школьников, Олимпиада РГГУ для школьников, Олимпиада школьников «Ломоносов», Олимпиада школьников РАНХиГС при Президенте РФ, Олимпиада школьников Санкт-Петербургского государственного университета;I, II;11;Победитель, призер;Обществознание;Максимальное количество баллов по ЕГЭ по обществознанию
ИСТОРИЧЕСКИЙ ФАКУЛЬТЕТ;История искусств;История искусств;Искусство;Московская олимпиада школьников;I;11;Победитель, призер;История;Зачисление без вступительных испытаний
ИСТОРИЧЕСКИЙ ФАКУЛЬТЕТ;История искусств;История искусств;Искусствознание;Всероссийская олимпиада школьников «Высшая проба»;II;11;Победитель, призер;История;Максимальное количество баллов по дополнительному вступительному испытанию творческой направленности по направлению «История искусств»
ИСТОРИЧЕСКИЙ ФАКУЛЬТЕТ;История искусств;История;История;Всероссийская академическая олимпиада школьников имени В.И. Вернадского, Всероссийская олимпиада школьников «Высшая проба», Межрегиональная олимпиада школьников «Будущие исследователи – будущее науки», Московская олимпиада школьников, Олимпиада МГИМО МИД России для школьников, Олимпиада РГГУ для школьников, Олимпиада школьников «Ломоносов», Олимпиада школьников РАНХиГС при Президенте РФ, Олимпиада школьников Санкт-Петербургского государственного университета, Турнир имени М.В. Ломоносова;I, II;11;Победитель, призер;История;Максимальное количество баллов по ЕГЭ по истории
ИСТОРИЧЕСКИЙ ФАКУЛЬТЕТ;История искусств;Русский язык;Русский язык;Всероссийская олимпиада школьников «Высшая проба», Межрегиональная олимпиада школьников «Будущие исследователи – будущее науки», Межрегиональные предметные олимпиады ФГАОУ ВО «Казанский (Приволжский) федеральный университет», Олимпиада РГГУ для школьников, Олимпиада школьников «Ломоносов»;I, II;11;Победитель, призер;Русский язык;Максимальное количество баллов по ЕГЭ по русскому языку
ИСТОРИЧЕСКИЙ ФАКУЛЬТЕТ;История искусств;Иностранный язык;Иностранный язык;Всероссийская олимпиада школьников «Высшая проба», Герценовская олимпиада школьников, Международная олимпиада школьников «Евразийская лингвистическая олимпиада», Межрегиональная олимпиада школьников на базе ведомственных образовательных организаций, Межрегиональные предметные олимпиады ФГАОУ ВО «Казанский (Приволжский) федеральный университет», Олимпиада по экономике в рамках международного экономического фестиваля школьников «Сибириада. Шаг в мечту», Олимпиада школьников «Ломоносов», Олимпиада школьников Санкт-Петербургского государственного университета, Плехановская олимпиада школьников;I, II;11;Победитель, призер;Иностранный язык;Максимальное количество баллов по ЕГЭ по иностранному языку
ИСТОРИЧЕСКИЙ ФАКУЛЬТЕТ;История искусств;Литература;Литература;Олимпиада РГГУ для школьников, Олимпиада школьников «Ломоносов», Открытая региональная межвузовская олимпиада школьников (ОРМО) с международным участием, Турнир имени М.В. Ломоносова;I, II;11;Победитель, призер;Литература;Максимальное количество баллов по ЕГЭ по литературе
ФИЛОЛОГИЧЕСКИЙ ФАКУЛЬТЕТ;Филология (Образовательная программа «Русский язык и литература»);Литература;Литература;Олимпиада школьников «Ломоносов», Олимпиада школьников «Покори Воробьевы горы!»;I;11;Победитель;Литература;Зачисление без вступительных испытаний
ФИЛОЛОГИЧЕСКИЙ ФАКУЛЬТЕТ;Филология (Образовательная программа «Русский язык и литература»);Литература;Литература;Олимпиада школьников «Ломоносов», Олимпиада школьников «Покори Воробьевы горы!»;I;11;Призер;Литература;Максимальное количество баллов по дополнительному вступительному испытанию по литературе
ФИЛОЛОГИЧЕСКИЙ ФАКУЛЬТЕТ;Филология (Образовательная программа «Русский язык и литература»);Русский язык;Русский язык;Олимпиада школьников «Ломоносов»;I;11;Победитель;Русский язык;Зачисление без вступительных испытаний
ФИЛОЛОГИЧЕСКИЙ ФАКУЛЬТЕТ;Филология (Образовательная программа «Русский язык и литература»);Русский язык;Русский язык;Олимпиада школьников «Ломоносов»;I;11;Призер;Русский язык;Максимальное количество баллов по ЕГЭ по русскому языку
ФИЛОЛОГИЧЕСКИЙ ФАКУЛЬТЕТ;Филология (Образовательная программа «Русский язык и литература»);История;История;Всероссийская академическая олимпиада школьников имени В.И. Вернадского, Всероссийская олимпиада школьников «Высшая проба», Олимпиада школьников «Ломоносов», Олимпиада школьников Санкт-Петербургского государственного университета;I;11;Победитель, призер;История;Максимальное количество баллов по ЕГЭ по истории
ФИЛОЛОГИЧЕСКИЙ ФАКУЛЬТЕТ;Филология (Образовательная программа «Зарубежная филология»);Литература;Литература;Олимпиада школьников «Ломоносов», Олимпиада школьников «Покори Воробьевы горы!»;I;11;Победитель;Литература;Зачисление без вступительных испытаний
ФИЛОЛОГИЧЕСКИЙ ФАКУЛЬТЕТ;Филология (Образовательная программа «Зарубежная филология»);Литература;Литература;Олимпиада школьников «Ломоносов», Олимпиада школьников «Покори Воробьевы горы!»;I;11;Призер;Литература;Максимальное количество баллов по дополнительному вступительному испытанию по литературе
ФИЛОЛОГИЧЕСКИЙ ФАКУЛЬТЕТ;Филология (Образовательная программа «Зарубежная филология»);Русский язык;Русский язык;Олимпиада школьников «Ломоносов»;I;11;Победитель;Русский язык;Зачисление без вступительных испытаний
ФИЛОЛОГИЧЕСКИЙ ФАКУЛЬТЕТ;Филология (Образовательная программа «Зарубежная филология»);Русский язык;Русский язык;Олимпиада школьников «Ломоносов»;I;11;Призер;Русский язык;Максимальное количество баллов по ЕГЭ по русскому языку
ФИЛОЛОГИЧЕСКИЙ ФАКУЛЬТЕТ;Филология (Образовательная программа «Славянская, греческая и классическая филология»);Литература;Литература;Олимпиада школьников «Ломоносов», Олимпиада школьников «Покори Воробьевы горы!»;I;11;Победитель, призер;Литература;Максимальное количество баллов по дополнительному вступительному испытанию по литературе
ФИЛОЛОГИЧЕСКИЙ ФАКУЛЬТЕТ;Филология (Образовательная программа «Славянская, греческая и классическая филология»);Русский язык;Русский язык;Олимпиада школьников «Ломоносов»;I;11;Победитель, призер;Русский язык;Максимальное количество баллов по ЕГЭ по русскому языку
ФИЛОЛОГИЧЕСКИЙ ФАКУЛЬТЕТ;Фундаментальная и прикладная лингвистика;Лингвистика;Иностранный язык;Московская олимпиада школьников;I;11;Победитель, призер;Иностранный язык;Максимальное количество баллов по ЕГЭ по иностранному языку
ФИЛОЛОГИЧЕСКИЙ ФАКУЛЬТЕТ;Фундаментальная и прикладная лингвистика;Русский язык;Русский язык;Олимпиада школьников «Ломоносов»;I;11;Победитель, призер;Русский язык;Максимальное количество баллов по ЕГЭ по русскому языку
ФИЛОЛОГИЧЕСКИЙ ФАКУЛЬТЕТ;Фундаментальная и прикладная лингвистика;Математика;Математика;Всероссийская олимпиада школьников «Высшая проба», Олимпиада школьников «Ломоносов», Олимпиада школьников Санкт-Петербургского государственного университета, Санкт-Петербургская олимпиада школьников, Турнир городов;I;11;Победитель, призер;Математика;Максимальное количество баллов по ЕГЭ по математике
ФИЛОСОФСКИЙ ФАКУЛЬТЕТ;Философия;Философия;"Философия, этика, религиоведение; философия, этика, религиоведение, теология, психологические науки";Олимпиада школьников «Ломоносов»;I;11;Победитель, призер;Обществознание;Зачисление без вступительных испытаний
ФИЛОСОФСКИЙ ФАКУЛЬТЕТ;Философия;Философия;"Философия, этика, религиоведение; философия, этика, религиоведение, теология, психологические науки";Всероссийская олимпиада школьников «Высшая проба», Олимпиада школьников Санкт-Петербургского государственного университета;II;11;Победитель, призер;Обществознание;Максимальное количество баллов по дополнительному вступительному испытанию по обществознанию
ФИЛОСОФСКИЙ ФАКУЛЬТЕТ;Философия;Обществознание;Обществознание;Всероссийская академическая олимпиада школьников имени В.И. Вернадского, Всероссийская олимпиада школьников «Высшая проба», Московская олимпиада школьников, Олимпиада МГИМО МИД России для школьников, Олимпиада РГГУ для школьников, Олимпиада школьников «Ломоносов», Олимпиада школьников РАНХиГС при Президенте РФ, Олимпиада школьников Санкт-Петербургского государственного университета;I, II;11;Победитель, призер;Обществознание;Максимальное количество баллов по дополнительному вступительному испытанию по обществознанию
ФИЛОСОФСКИЙ ФАКУЛЬТЕТ;Философия;Гуманитарные и социальные науки;История, обществознание;Всероссийская академическая олимпиада школьников имени В.И. Вернадского, Олимпиада МГИМО МИД России для школьников, Олимпиада школьников Санкт-Петербургского государственного университета, Телевизионная гуманитарная олимпиада школьников «Умницы и умники»;I, II;11;Победитель, призер;Обществознание;Максимальное количество баллов по дополнительному вступительному испытанию по обществознанию
ФИЛОСОФСКИЙ ФАКУЛЬТЕТ;Философия;Основы российской государственности;История, обществознание;Олимпиада школьников «Ломоносов»;I;11;Победитель, призер;Обществознание;Максимальное количество баллов по дополнительному вступительному испытанию по обществознанию
ФИЛОСОФСКИЙ ФАКУЛЬТЕТ;Философия;История;История;Всероссийская академическая олимпиада школьников имени В.И. Вернадского, Всероссийская олимпиада школьников «Высшая проба», Межрегиональная олимпиада школьников «Будущие исследователи – будущее науки», Московская олимпиада школьников, Олимпиада МГИМО МИД России для школьников, Олимпиада РГГУ для школьников, Олимпиада школьников «Ломоносов», Олимпиада школьников РАНХиГС при Президенте РФ, Олимпиада школьников Санкт-Петербургского государственного университета, Турнир имени М.В. Ломоносова;I, II;11;Победитель, призер;История;Максимальное количество баллов по ЕГЭ по истории
ФИЛОСОФСКИЙ ФАКУЛЬТЕТ;Философия;Международные отношения и глобалистика;История;Олимпиада школьников «Ломоносов»;I;11;Победитель, призер;История;Максимальное количество баллов по ЕГЭ по истории
ФИЛОСОФСКИЙ ФАКУЛЬТЕТ;Философия;Политология;История;Олимпиада школьников «Ломоносов», Олимпиада школьников Санкт-Петербургского государственного университета;II;11;Победитель, призер;История;Максимальное количество баллов по ЕГЭ по истории
ФИЛОСОФСКИЙ ФАКУЛЬТЕТ;Философия;Гуманитарные и социальные науки;История, обществознание;Всероссийская академическая олимпиада школьников имени В.И. Вернадского, Олимпиада МГИМО МИД России для школьников, Олимпиада школьников Санкт-Петербургского государственного университета, Телевизионная гуманитарная олимпиада школьников «Умницы и умники»;I, II;11;Победитель, призер;История;Максимальное количество баллов по ЕГЭ по истории
ФИЛОСОФСКИЙ ФАКУЛЬТЕТ;Философия;Иностранный язык;Иностранный язык;Всероссийская олимпиада школьников «Высшая проба», Герценовская олимпиада школьников, Международная олимпиада школьников «Евразийская лингвистическая олимпиада», Межрегиональная олимпиада школьников на базе ведомственных образовательных организаций, Межрегиональные предметные олимпиады ФГАОУ ВО «Казанский (Приволжский) федеральный университет», Олимпиада по экономике в рамках международного экономического фестиваля школьников «Сибириада. Шаг в мечту», Олимпиада школьников «Ломоносов», Олимпиада школьников Санкт-Петербургского государственного университета, Плехановская олимпиада школьников;I, II;11;Победитель, призер;Иностранный язык;Максимальное количество баллов по ЕГЭ по иностранному языку
ФИЛОСОФСКИЙ ФАКУЛЬТЕТ;Философия;Восточные языки;Иностранный язык;Всероссийская олимпиада школьников «Высшая проба»;I;11;Победитель, призер;Иностранный язык;Максимальное количество баллов по ЕГЭ по иностранному языку
ФИЛОСОФСКИЙ ФАКУЛЬТЕТ;Философия;Лингвистика;"Иностранный язык; русский язык, иностранный язык, математика";Московская олимпиада школьников, Турнир имени М.В.Ломонсоова;I, II;11;Победитель, призер;Иностранный язык;Максимальное количество баллов по ЕГЭ по иностранному языку
ФИЛОСОФСКИЙ ФАКУЛЬТЕТ;Философия;Филология;Иностранный язык, литература, русский язык;Всероссийская олимпиада школьников «Высшая проба», Олимпиада школьников Санкт-Петербургского государственного университета;I;11;Победитель, призер;Иностранный язык;Максимальное количество баллов по ЕГЭ по иностранному языку
ФИЛОСОФСКИЙ ФАКУЛЬТЕТ;Философия;Литература;Литература;Олимпиада РГГУ для школьников, Олимпиада школьников «Ломоносов», Открытая региональная межвузовская олимпиада школьников (ОРМО) с международным участием, Турнир имени М.В. Ломоносова;I, II;11;Победитель, призер;Литература;Максимальное количество баллов по ЕГЭ по литературе
ФИЛОСОФСКИЙ ФАКУЛЬТЕТ;Философия;Филология;"Языкознание и литературоведение, литература; иностранный язык, литература, русский язык";Всероссийская олимпиада школьников «Высшая проба», Олимпиада школьников Санкт-Петербургского государственного университета;I;11;Победитель, призер;Литература;Максимальное количество баллов по ЕГЭ по литературе
ФИЛОСОФСКИЙ ФАКУЛЬТЕТ;Реклама и связи с общественностью;Философия;"Философия, этика, религиоведение; философия, этика, религиоведение, теология, психологические науки";Олимпиада школьников «Ломоносов»;I;11;Победитель;Обществознание;Максимальное количество баллов по дополнительному вступительному испытанию по обществознанию
ФИЛОСОФСКИЙ ФАКУЛЬТЕТ;Реклама и связи с общественностью;Журналистика;Средства массовой информации и информационно-библиотечное дело;Всероссийская олимпиада школьников «Высшая проба», Олимпиада школьников «Ломоносов», Олимпиада школьников «Покори Воробьевы горы!», Олимпиада школьников Российской академии народного хозяйства и государственной службы при Президенте Российской Федерации;I, II;11;Победитель, призер;Обществознание;Максимальное количество баллов по дополнительному вступительному испытанию по обществознанию
ФИЛОСОФСКИЙ ФАКУЛЬТЕТ;Реклама и связи с общественностью;Гуманитарные и социальные науки;Средства массовой информации и информационно-библиотечное дело, политические науки и регионоведение;Телевизионная гуманитарная олимпиада школьников «Умницы и умники»;I;11;Победитель, призер;Обществознание;Максимальное количество баллов по дополнительному вступительному испытанию по обществознанию
ФИЛОСОФСКИЙ ФАКУЛЬТЕТ;Реклама и связи с общественностью;Гуманитарные и социальные науки;История, обществознание;Всероссийская академическая олимпиада школьников имени В.И. Вернадского, Олимпиада МГИМО МИД России для школьников, Олимпиада школьников Санкт-Петербургского государственного университета, Телевизионная гуманитарная олимпиада школьников «Умницы и умники»;I, II;11;Победитель, призер;Обществознание;Максимальное количество баллов по дополнительному вступительному испытанию по обществознанию
ФИЛОСОФСКИЙ ФАКУЛЬТЕТ;Реклама и связи с общественностью;Обществознание;Обществознание;Всероссийская академическая олимпиада школьников имени В.И. Вернадского, Всероссийская олимпиада школьников «Высшая проба», Московская олимпиада школьников, Олимпиада МГИМО МИД России для школьников, Олимпиада РГГУ для школьников, Олимпиада школьников «Ломоносов», Олимпиада школьников РАНХиГС при Президенте РФ, Олимпиада школьников Санкт-Петербургского государственного университета;I, II;11;Победитель, призер;Обществознание;Максимальное количество баллов по дополнительному вступительному испытанию по обществознанию
ФИЛОСОФСКИЙ ФАКУЛЬТЕТ;Реклама и связи с общественностью;Основы российской государственности;История, обществознание;Олимпиада школьников «Ломоносов»;I;11;Победитель, призер;Обществознание;Максимальное количество баллов по дополнительному вступительному испытанию по обществознанию
ФИЛОСОФСКИЙ ФАКУЛЬТЕТ;Реклама и связи с общественностью;История;История;Всероссийская академическая олимпиада школьников имени В.И. Вернадского, Всероссийская олимпиада школьников «Высшая проба», Межрегиональная олимпиада школьников «Будущие исследователи – будущее науки», Московская олимпиада школьников, Олимпиада МГИМО МИД России для школьников, Олимпиада РГГУ для школьников, Олимпиада школьников «Ломоносов», Олимпиада школьников РАНХиГС при Президенте РФ, Олимпиада школьников Санкт-Петербургского государственного университета, Турнир имени М.В. Ломоносова;I, II;11;Победитель, призер;История;Максимальное количество баллов по ЕГЭ по истории
ФИЛОСОФСКИЙ ФАКУЛЬТЕТ;Реклама и связи с общественностью;Международные отношения и глобалистика;История;Олимпиада школьников «Ломоносов»;I;11;Победитель, призер;История;Максимальное количество баллов по ЕГЭ по истории
ФИЛОСОФСКИЙ ФАКУЛЬТЕТ;Реклама и связи с общественностью;Политология;История;Олимпиада школьников «Ломоносов», Олимпиада школьников Санкт-Петербургского государственного университета;II;11;Победитель, призер;История;Максимальное количество баллов по ЕГЭ по истории
ФИЛОСОФСКИЙ ФАКУЛЬТЕТ;Реклама и связи с общественностью;Гуманитарные и социальные науки;История, обществознание;Всероссийская академическая олимпиада школьников имени В.И. Вернадского, Олимпиада МГИМО МИД России для школьников, Олимпиада школьников Санкт-Петербургского государственного университета, Телевизионная гуманитарная олимпиада школьников «Умницы и умники»;I, II;11;Победитель, призер;История;Мксимальное количество баллов по ЕГЭ по истории
ФИЛОСОФСКИЙ ФАКУЛЬТЕТ;Реклама и связи с общественностью;Основы российской государственности;История, обществознание;Олимпиада школьников «Ломоносов»;I;11;Победитель, призер;История;Максимальное количество баллов по дополнительному вступительному испытанию по истории
ФИЛОСОФСКИЙ ФАКУЛЬТЕТ;Реклама и связи с общественностью;Иностранный язык;Иностранный язык;Всероссийская олимпиада школьников «Высшая проба», Герценовская олимпиада школьников, Международная олимпиада школьников «Евразийская лингвистическая олимпиада», Межрегиональная олимпиада школьников на базе ведомственных образовательных организаций, Межрегиональные предметные олимпиады ФГАОУ ВО «Казанский (Приволжский) федеральный университет», Олимпиада по экономике в рамках международного экономического фестиваля школьников «Сибириада. Шаг в мечту», Олимпиада школьников «Ломоносов», Олимпиада школьников Санкт-Петербургского государственного университета, Плехановская олимпиада школьников;I, II;11;Победитель, призер;Иностранный язык;Максимальное количество баллов по ЕГЭ по иностранному языку
ФИЛОСОФСКИЙ ФАКУЛЬТЕТ;Реклама и связи с общественностью;Восточные языки;Иностранный язык;Герценовская олимпиада школьников, Международная олимпиада школьников «Евразийская лингвистическая олимпиада», Межрегиональная олимпиада школьников на базе ведомственных образовательных организаций, Межрегиональные предметные олимпиады ФГАОУ ВО «Казанский (Приволжский) федеральный университет», Олимпиада по экономике в рамках международного экономического фестиваля школьников «Сибириада. Шаг в мечту», Плехановская олимпиада школьников;II;11;Победитель, призер;Иностранный язык;Максимальное количество баллов по ЕГЭ по иностранному языку
ФИЛОСОФСКИЙ ФАКУЛЬТЕТ;Реклама и связи с общественностью;Лингвистика;"Иностранный язык; русский язык, иностранный язык, математика";Московская олимпиада школьников, Турнир имени М.В.Ломонсоова;I, II;11;Победитель, призер;Иностранный язык;Максимальное количество баллов по ЕГЭ по иностранному языку
ФИЛОСОФСКИЙ ФАКУЛЬТЕТ;Реклама и связи с общественностью;Филология;Иностранный язык, литература, русский язык;Всероссийская олимпиада школьников «Высшая проба», Олимпиада школьников Санкт-Петербургского государственного университета;I;11;Победитель, призер;Иностранный язык;Максимальное количество баллов по ЕГЭ по иностранному языку
ФИЛОСОФСКИЙ ФАКУЛЬТЕТ;Реклама и связи с общественностью;Литература;Литература;Олимпиада РГГУ для школьников, Олимпиада школьников «Ломоносов», Открытая региональная межвузовская олимпиада школьников (ОРМО) с международным участием, Турнир имени М.В. Ломоносова;I, II;11;Победитель, призер;Литература;Максимальное количество баллов по ЕГЭ по литературе
ФИЛОСОФСКИЙ ФАКУЛЬТЕТ;Реклама и связи с общественностью;Филология;"Языкознание и литературоведение, литература; иностранный язык, литература, русский язык";Всероссийская олимпиада школьников «Высшая проба», Олимпиада школьников Санкт-Петербургского государственного университета;I;11;Победитель, призер;Литература;Максимальное количество баллов по ЕГЭ по литературе
ФИЛОСОФСКИЙ ФАКУЛЬТЕТ;Реклама и связи с общественностью;Информатика;Информатика;Всероссийская олимпиада по искусственному интеллекту, Всероссийская олимпиада школьников «Высшая проба», Всесибирская открытая олимпиада школьников, Вузовско-академическая олимпиада по информатике, Международная олимпиада «Innopolis Open», Московская олимпиада школьников, Олимпиада школьников «Гранит науки», Олимпиада школьников «Ломоносов», Олимпиада школьников по информатике и программированию, Олимпиада школьников по программированию «ТехноКубок», Олимпиада школьников Санкт-Петербургского государственного университета, Открытая олимпиада школьников, Открытая олимпиада школьников по программированию, Открытая олимпиада школьников по программированию «Когнитивные технологии», Отраслевая физико-математическая олимпиада школьников «Росатом», Университетская олимпиада школьников «Бельчонок»;I, II;11;Победитель, призер;Информатика;Максимальное количество баллов по ЕГЭ по информатике
ФИЛОСОФСКИЙ ФАКУЛЬТЕТ;Реклама и связи с общественностью;Искусственный интеллект;Информатика;Всероссийская олимпиада по искусственному интеллекту;II;11;Победитель, призер;Информатика;Максимальное количество баллов по ЕГЭ по информатике
ФИЛОСОФСКИЙ ФАКУЛЬТЕТ;Культурология;Философия;"Философия, этика, религиоведение; философия, этика, религиоведение, теология, психологические науки";Олимпиада школьников «Ломоносов»;I;11;Победитель;Обществознание;Зачисление без вступительных испытаний
ФИЛОСОФСКИЙ ФАКУЛЬТЕТ;Культурология;Философия;"Философия, этика, религиоведение; философия, этика, религиоведение, теология, психологические науки";Олимпиада школьников «Ломоносов»;I;11;Призер;Обществознание;Максимальное количество баллов по дополнительному вступительному испытанию по обществознанию
ФИЛОСОФСКИЙ ФАКУЛЬТЕТ;Культурология;Философия;"Философия, этика, религиоведение; философия, этика, религиоведение, теология, психологические науки";Всероссийская олимпиада школьников «Высшая проба», Олимпиада школьников Санкт-Петербургского государственного университета;II;11;Победитель, призер;Обществознание;Максимальное количество баллов по дополнительному вступительному испытанию по обществознанию
ФИЛОСОФСКИЙ ФАКУЛЬТЕТ;Культурология;Культурология;Культуроведение и социокультурные проекты;Всероссийская олимпиада школьников «Высшая проба»;I;11;Победитель;Обществознание;Зачисление без вступительных испытаний
ФИЛОСОФСКИЙ ФАКУЛЬТЕТ;Культурология;Культурология;Культуроведение и социокультурные проекты;Всероссийская олимпиада школьников «Высшая проба»;I;11;Призер;Обществознание;Максимальное количество баллов по дополнительному вступительному испытанию по обществознанию
ФИЛОСОФСКИЙ ФАКУЛЬТЕТ;Культурология;Обществознание;Обществознание;Всероссийская академическая олимпиада школьников имени В.И. Вернадского, Всероссийская олимпиада школьников «Высшая проба», Московская олимпиада школьников, Олимпиада МГИМО МИД России для школьников, Олимпиада РГГУ для школьников, Олимпиада школьников «Ломоносов», Олимпиада школьников РАНХиГС при Президенте РФ, Олимпиада школьников Санкт-Петербургского государственного университета;I, II;11;Победитель, призер;Обществознание;Максимальное количество баллов по дополнительному вступительному испытанию по обществознанию
ФИЛОСОФСКИЙ ФАКУЛЬТЕТ;Культурология;Гуманитарные и социальные науки;История, обществознание;Всероссийская академическая олимпиада школьников имени В.И. Вернадского, Олимпиада МГИМО МИД России для школьников, Олимпиада школьников Санкт-Петербургского государственного университета, Телевизионная гуманитарная олимпиада школьников «Умницы и умники»;I, II;11;Победитель, призер;Обществознание;Максимальное количество баллов по дополнительному вступительному испытанию по обществознанию
ФИЛОСОФСКИЙ ФАКУЛЬТЕТ;Культурология;Основы российской государственности;История, обществознание;Олимпиада школьников «Ломоносов»;I;11;Победитель, призер;Обществознание;Максимальное количество баллов по дополнительному вступительному испытанию по обществознанию
ФИЛОСОФСКИЙ ФАКУЛЬТЕТ;Культурология;История;История;Всероссийская академическая олимпиада школьников имени В.И. Вернадского, Всероссийская олимпиада школьников «Высшая проба», Межрегиональная олимпиада школьников «Будущие исследователи – будущее науки», Московская олимпиада школьников, Олимпиада МГИМО МИД России для школьников, Олимпиада РГГУ для школьников, Олимпиада школьников «Ломоносов», Олимпиада школьников РАНХиГС при Президенте РФ, Олимпиада школьников Санкт-Петербургского государственного университета, Турнир имени М.В. Ломоносова;I, II;11;Победитель, призер;История;Максимальное количество баллов по ЕГЭ по истории
ФИЛОСОФСКИЙ ФАКУЛЬТЕТ;Культурология;Международные отношения и глобалистика;История;Олимпиада школьников «Ломоносов»;I;11;Победитель, призер;История;Максимальное количество баллов по ЕГЭ по истории
ФИЛОСОФСКИЙ ФАКУЛЬТЕТ;Культурология;Гуманитарные и социальные науки;История, обществознание;Всероссийская академическая олимпиада школьников имени В.И. Вернадского, Олимпиада МГИМО МИД России для школьников, Олимпиада школьников Санкт-Петербургского государственного университета, Телевизионная гуманитарная олимпиада школьников «Умницы и умники»;I, II;11;Победитель, призер;История;Мксимальное количество баллов по ЕГЭ по истории
ФИЛОСОФСКИЙ ФАКУЛЬТЕТ;Культурология;Политология;История;Олимпиада школьников «Ломоносов», Олимпиада школьников Санкт-Петербургского государственного университета;II;11;Победитель, призер;История;Максимальное количество баллов по ЕГЭ по истории
ФИЛОСОФСКИЙ ФАКУЛЬТЕТ;Культурология;Основы российской государственности;История, обществознание;Олимпиада школьников «Ломоносов»;I;11;Победитель, призер;История;Максимальное количество баллов по ЕГЭ по истории
ФИЛОСОФСКИЙ ФАКУЛЬТЕТ;Культурология;Иностранный язык;Иностранный язык;Всероссийская олимпиада школьников «Высшая проба», Герценовская олимпиада школьников, Международная олимпиада школьников «Евразийская лингвистическая олимпиада», Межрегиональная олимпиада школьников на базе ведомственных образовательных организаций, Межрегиональные предметные олимпиады ФГАОУ ВО «Казанский (Приволжский) федеральный университет», Олимпиада по экономике в рамках международного экономического фестиваля школьников «Сибириада. Шаг в мечту», Олимпиада школьников «Ломоносов», Олимпиада школьников Санкт-Петербургского государственного университета, Плехановская олимпиада школьников;I, II;11;Победитель, призер;Иностранный язык;Максимальное количество баллов по ЕГЭ по иностранному языку
ФИЛОСОФСКИЙ ФАКУЛЬТЕТ;Культурология;Восточные языки;Иностранный язык;Герценовская олимпиада школьников, Международная олимпиада школьников «Евразийская лингвистическая олимпиада», Межрегиональная олимпиада школьников на базе ведомственных образовательных организаций, Межрегиональные предметные олимпиады ФГАОУ ВО «Казанский (Приволжский) федеральный университет», Олимпиада по экономике в рамках международного экономического фестиваля школьников «Сибириада. Шаг в мечту», Плехановская олимпиада школьников;II;11;Победитель, призер;Иностранный язык;Максимальное количество баллов по ЕГЭ по иностранному языку
ФИЛОСОФСКИЙ ФАКУЛЬТЕТ;Культурология;Лингвистика;"Иностранный язык; русский язык, иностранный язык, математика";Московская олимпиада школьников, Турнир имени М.В.Ломонсоова;I, II;11;Победитель, призер;Иностранный язык;Максимальное количество баллов по ЕГЭ по иностранному языку
ФИЛОСОФСКИЙ ФАКУЛЬТЕТ;Культурология;Филология;Иностранный язык, литература, русский язык;Всероссийская олимпиада школьников «Высшая проба», Олимпиада школьников Санкт-Петербургского государственного университета;I;11;Победитель, призер;Иностранный язык;Максимальное количество баллов по ЕГЭ по иностранному языку
ФИЛОСОФСКИЙ ФАКУЛЬТЕТ;Культурология;Литература;Литература;Олимпиада РГГУ для школьников, Олимпиада школьников «Ломоносов», Открытая региональная межвузовская олимпиада школьников (ОРМО) с международным участием, Турнир имени М.В. Ломоносова;I, II;11;Победитель, призер;Литература;Максимальное количество баллов по ЕГЭ по литературе
ФИЛОСОФСКИЙ ФАКУЛЬТЕТ;Культурология;Филология;"Языкознание и литературоведение, литература; иностранный язык, литература, русский язык";Всероссийская олимпиада школьников «Высшая проба», Олимпиада школьников Санкт-Петербургского государственного университета;I;11;Победитель, призер;Литература;Максимальное количество баллов по ЕГЭ по литературе
ФИЛОСОФСКИЙ ФАКУЛЬТЕТ;Религиоведение;Религиоведение;Философия, этика, религиоведение;Олимпиада школьников «Ломоносов»;II;11;Победитель, призёр;История;Зачисление без вступительных испытаний
ФИЛОСОФСКИЙ ФАКУЛЬТЕТ;Религиоведение;Философия;Философия, этика, религиоведение, теология, психологические науки;Всероссийская олимпиада школьников «Высшая проба», Олимпиада школьников Санкт-Петербургского государственного университета;II;11;Победитель;История;Зачисление без вступительных испытаний
ФИЛОСОФСКИЙ ФАКУЛЬТЕТ;Религиоведение;Философия;Философия, этика, религиоведение, теология, психологические науки;Всероссийская олимпиада школьников «Высшая проба», Олимпиада школьников Санкт-Петербургского государственного университета;II;11;Призёр;История;Максимальное количество баллов по дополнительному вступительному испытанию по истории
ФИЛОСОФСКИЙ ФАКУЛЬТЕТ;Религиоведение;История;История;Всероссийская академическая олимпиада школьников имени В.И. Вернадского, Всероссийская олимпиада школьников «Высшая проба», Межрегиональная олимпиада школьников «Будущие исследователи – будущее науки», Московская олимпиада школьников, Олимпиада МГИМО МИД России для школьников, Олимпиада РГГУ для школьников, Олимпиада школьников «Ломоносов», Олимпиада школьников РАНХиГС при Президенте РФ, Олимпиада школьников Санкт-Петербургского государственного университета, Турнир имени М.В. Ломоносова;I, II;11;Победитель, призёр;История;Максимальное количество баллов по дополнительному вступительному испытанию по истории
ФИЛОСОФСКИЙ ФАКУЛЬТЕТ;Религиоведение;Международные отношения и глобалистика;История;Олимпиада школьников «Ломоносов»;I;11;Победитель, призёр;История;Максимальное количество баллов по дополнительному вступительному испытанию по истории
ФИЛОСОФСКИЙ ФАКУЛЬТЕТ;Религиоведение;Основы российской государственности;История, обществознание;Олимпиада школьников «Ломоносов»;I;11;Победитель, призёр;История;Максимальное количество баллов по дополнительному вступительному испытанию по истории
ФИЛОСОФСКИЙ ФАКУЛЬТЕТ;Религиоведение;Политология;История;Олимпиада школьников «Ломоносов», Олимпиада школьников Санкт-Петербургского государственного университета;II;11;Победитель, призёр;История;Максимальное количество баллов по дополнительному вступительному испытанию по истории
ФИЛОСОФСКИЙ ФАКУЛЬТЕТ;Религиоведение;Гуманитарные и социальные науки;История, обществознание;Всероссийская академическая олимпиада школьников имени В.И. Вернадского, Олимпиада МГИМО МИД России для школьников, Олимпиада школьников Санкт-Петербургского государственного университета, Телевизионная гуманитарная олимпиада школьников «Умницы и умники»;I, II;11;Победитель, призёр;История;Максимальное количество баллов по дополнительному вступительному испытанию по истории
ФИЛОСОФСКИЙ ФАКУЛЬТЕТ;Религиоведение;Гуманитарные и социальные науки;История, обществознание;Всероссийская академическая олимпиада школьников имени В.И. Вернадского, Олимпиада МГИМО МИД России для школьников, Олимпиада школьников Санкт-Петербургского государственного университета, Телевизионная гуманитарная олимпиада школьников «Умницы и умники»;I, II;11;Победитель, призёр;Обществознание;Максимальное количество баллов по ЕГЭ по обществознанию
ФИЛОСОФСКИЙ ФАКУЛЬТЕТ;Религиоведение;Обществознание;Обществознание;Всероссийская академическая олимпиада школьников имени В.И. Вернадского, Всероссийская олимпиада школьников «Высшая проба», Московская олимпиада школьников, Олимпиада МГИМО МИД России для школьников, Олимпиада РГГУ для школьников, Олимпиада школьников «Ломоносов», Олимпиада школьников РАНХиГС при Президенте РФ, Олимпиада школьников Санкт-Петербургского государственного университета;I, II;11;Победитель, призёр;Обществознание;Максимальное количество баллов по ЕГЭ по обществознанию
ФИЛОСОФСКИЙ ФАКУЛЬТЕТ;Религиоведение;География;География;Всероссийская олимпиада школьников «Высшая проба», Герценовская олимпиада школьников, Многопредметная олимпиада «Юные таланты», Олимпиада школьников «Ломоносов», Олимпиада школьников Санкт-Петербургского государственного университета, Открытая олимпиада Северо-Кавказского федерального университета среди учащихся образовательных организаций «45 параллель»;I, II;11;Победитель, призёр;География;Максимальное количество баллов по ЕГЭ по географии
ФИЛОСОФСКИЙ ФАКУЛЬТЕТ;Религиоведение;Иностранный язык;Иностранный язык;Всероссийская олимпиада школьников «Высшая проба», Герценовская олимпиада школьников, Международная олимпиада школьников «Евразийская лингвистическая олимпиада», Межрегиональная олимпиада школьников на базе ведомственных образовательных организаций, Межрегиональные предметные олимпиады ФГАОУ ВО «Казанский (Приволжский) федеральный университет», Олимпиада по экономике в рамках международного экономического фестиваля школьников «Сибириада. Шаг в мечту», Олимпиада школьников «Ломоносов», Олимпиада школьников Санкт-Петербургского государственного университета, Плехановская олимпиада школьников;I, II;11;Победитель, призёр;Иностранный язык;Максимальное количество баллов по ЕГЭ по иностранному языку
ФИЛОСОФСКИЙ ФАКУЛЬТЕТ;Религиоведение;Восточные языки;Иностранный язык;Всероссийская олимпиада школьников «Высшая проба»;I;11;Победитель, призёр;Иностранный язык;Максимальное количество баллов по ЕГЭ по иностранному языку
ФИЛОСОФСКИЙ ФАКУЛЬТЕТ;Религиоведение;Лингвистика;"Иностранный язык; русский язык, иностранный язык, математика";Московская олимпиада школьников, Турнир имени М.В.Ломонсоова;I, II;11;Победитель, призёр;Иностранный язык;Максимальное количество баллов по ЕГЭ по иностранному языку
ФИЛОСОФСКИЙ ФАКУЛЬТЕТ;Религиоведение;Филология;Иностранный язык, литература, русский язык;Всероссийская олимпиада школьников «Высшая проба», Олимпиада школьников Санкт-Петербургского государственного университета;I;11;Победитель, призёр;Иностранный язык;Максимальное количество баллов по ЕГЭ по иностранному языку
ФИЛОСОФСКИЙ ФАКУЛЬТЕТ;Религиоведение;Литература;Литература;Олимпиада РГГУ для школьников, Олимпиада школьников «Ломоносов», Открытая региональная межвузовская олимпиада школьников (ОРМО) с международным участием, Турнир имени М.В. Ломоносова;I, II;11;Победитель, призёр;Литература;Максимальное количество баллов по ЕГЭ по литературе
ФИЛОСОФСКИЙ ФАКУЛЬТЕТ;Религиоведение;Филология;"Языкознание и литературоведение, литература; иностранный язык, литература, русский язык";Всероссийская олимпиада школьников «Высшая проба», Олимпиада школьников Санкт-Петербургского государственного университета;I;11;Победитель, призёр;Литература;Максимальное количество баллов по ЕГЭ по литературе
ЭКОНОМИЧЕСКИЙ ФАКУЛЬТЕТ;Экономика;Математика;Математика;Всероссийская олимпиада школьников «Высшая проба», Олимпиада школьников «Ломоносов», Олимпиада школьников Санкт-Петербургского государственного университета, Санкт-Петербургская олимпиада школьников, Турнир городов;I;11;Победитель;Математика;Зачисление без вступительных испытаний
ЭКОНОМИЧЕСКИЙ ФАКУЛЬТЕТ;Экономика;Математика;Математика;Всероссийская олимпиада школьников «Высшая проба», Олимпиада школьников «Ломоносов», Олимпиада школьников Санкт-Петербургского государственного университета, Санкт-Петербургская олимпиада школьников, Турнир городов;I;11;Призёр;Математика;Максимальное количество баллов по дополнительному вступительному испытанию по математике
ЭКОНОМИЧЕСКИЙ ФАКУЛЬТЕТ;Экономика;Математика;Математика;"Всесибирская открытая олимпиада школьников; Объединенная межвузовская олимпиада школьников; Турнир имени М.В.Ломоносова";II;11;Победитель, призер;Математика;Максимальное количество баллов по дополнительному вступительному испытанию по математике
ЭКОНОМИЧЕСКИЙ ФАКУЛЬТЕТ;Экономика;Математика;Математика;"«Формула единства» / «Третье тысячелетие»; Олимпиада школьников «Физтех»; Отраслевая физико-математическая олимпиада школьников «Росатом»";II;11;Победитель, призер;Математика;Максимальное количество баллов по ЕГЭ по математике
ЭКОНОМИЧЕСКИЙ ФАКУЛЬТЕТ;Экономика;Экономика;Экономика;Всероссийская олимпиада школьников «Высшая проба»;I;11;Победитель;Математика;Зачисление без вступительных испытаний
ЭКОНОМИЧЕСКИЙ ФАКУЛЬТЕТ;Экономика;Экономика;Экономика;Всероссийская олимпиада школьников «Высшая проба»;I;11;Призёр;Математика;Максимальное количество баллов по дополнительному вступительному испытанию по математике
ЭКОНОМИЧЕСКИЙ ФАКУЛЬТЕТ;Экономика;Экономика;Экономика;"Московская олимпиада школьников; Олимпиада школьников по экономике в рамках международного экономического фестиваля школьников «Сибириада. Шаг в мечту»";II;11;Победитель, призер;Математика;Максимальное количество баллов по дополнительному вступительному испытанию ДВИ по математике
ЭКОНОМИЧЕСКИЙ ФАКУЛЬТЕТ;Экономика;Обществознание;Обществознание;"Всероссийская олимпиада школьников «Высшая проба»; Олимпиада школьников «Ломоносов»; Олимпиада школьников «Покори Воробьевы горы!»";I;11;Победитель, призер;Обществознание;Максимальное количество баллов по ЕГЭ по обществознанию
ЭКОНОМИЧЕСКИЙ ФАКУЛЬТЕТ;Экономика;Обществознание;Обществознание;Московская олимпиада школьников;II;11;Победитель, призер;Обществознание;Максимальное количество баллов по ЕГЭ по обществознанию
ЭКОНОМИЧЕСКИЙ ФАКУЛЬТЕТ;Экономика;Финансовая грамотность;Экономика;Всероссийская олимпиада школьников «Высшая проба»;I;11;Победитель, призер;Обществознание;Максимальное количество баллов по ЕГЭ по обществознанию
ЭКОНОМИЧЕСКИЙ ФАКУЛЬТЕТ;Экономика;География;География;"Многопредметная олимпиада «Юные таланты»; Московская олимпиада школьников; Олимпиада школьников «Ломоносов»";I;11;Победитель, призер;География;Максимальное количество баллов по ЕГЭ по географии
ЭКОНОМИЧЕСКИЙ ФАКУЛЬТЕТ;Экономика;География;География;"Всероссийская олимпиада школьников «Высшая проба»; Олимпиада школьников «Покори Воробьевы горы!»";II;11;Победитель, призер;География;Максимальное количество баллов по ЕГЭ по географии
ЭКОНОМИЧЕСКИЙ ФАКУЛЬТЕТ;Экономика;Русский язык;Русский язык;Олимпиада школьников «Ломоносов»;I;11;Победитель, призер;Русский язык;Максимальное количество баллов по ЕГЭ по русскому языку
ЭКОНОМИЧЕСКИЙ ФАКУЛЬТЕТ;Экономика;Русский язык;Русский язык;Всероссийская олимпиада школьников «Высшая проба»;II;11;Победитель, призер;Русский язык;Максимальное количество баллов по ЕГЭ по русскому языку
ЭКОНОМИЧЕСКИЙ ФАКУЛЬТЕТ;Экономика;Информатика;Информатика;"Всесибирская открытая олимпиада школьников; Московская олимпиада школьников; Олимпиада школьников по информатике и программированию; Открытая олимпиада школьников по программированию";I;11;Победитель, призер;Информатика;Максимальное количество баллов по ЕГЭ по информатике
ЭКОНОМИЧЕСКИЙ ФАКУЛЬТЕТ;Экономика;Иностранный язык;Иностранный язык;"Всероссийская олимпиада школьников «Высшая проба»; Олимпиада школьников «Ломоносов»; Олимпиада школьников «Покори Воробьевы горы!»";I;11;Победитель, призер;Иностранный язык;Максимальное количество баллов по ЕГЭ по иностранному языку
ЭКОНОМИЧЕСКИЙ ФАКУЛЬТЕТ;Экономика;История;История;"Всероссийская олимпиада школьников «Высшая проба»; Олимпиада школьников «Ломоносов»; Олимпиада школьников «Покори Воробьевы горы!»";I;11;Победитель, призер;История;Максимальное количество баллов по ЕГЭ по истории
ЭКОНОМИЧЕСКИЙ ФАКУЛЬТЕТ;Менеджмент;Математика;Математика;Всероссийская олимпиада школьников «Высшая проба», Олимпиада школьников «Ломоносов», Олимпиада школьников Санкт-Петербургского государственного университета, Санкт-Петербургская олимпиада школьников, Турнир городов;I;11;Победитель;Математика;Зачисление без вступительных испытаний
ЭКОНОМИЧЕСКИЙ ФАКУЛЬТЕТ;Менеджмент;Математика;Математика;Всероссийская олимпиада школьников «Высшая проба», Олимпиада школьников «Ломоносов», Олимпиада школьников Санкт-Петербургского государственного университета, Санкт-Петербургская олимпиада школьников, Турнир городов;I;11;Призёр;Математика;Максимальное количество баллов по дополнительному вступительному испытанию по математике
ЭКОНОМИЧЕСКИЙ ФАКУЛЬТЕТ;Менеджмент;Математика;Математика;"«Формула единства» / «Третье тысячелетие»; Всесибирская открытая олимпиада школьников; Объединенная межвузовская математическая олимпиада школьников; Турнир имени М.В.Ломоносова";II;11;Победитель, призер;Математика;Максимальное количество баллов по дополнительному вступительному испытанию по математике
ЭКОНОМИЧЕСКИЙ ФАКУЛЬТЕТ;Менеджмент;Математика;Математика;Отраслевая физико-математическая олимпиада школьников «Росатом»;II;11;Победитель, призер;Математика;Максимальное количество баллов по ЕГЭ по математике
ЭКОНОМИЧЕСКИЙ ФАКУЛЬТЕТ;Менеджмент;Экономика;Экономика;Всероссийская олимпиада школьников «Высшая проба»;I;11;Победитель;Математика;Зачисление без вступительных испытаний
ЭКОНОМИЧЕСКИЙ ФАКУЛЬТЕТ;Менеджмент;Экономика;Экономика;Всероссийская олимпиада школьников «Высшая проба»;I;11;Призёр;Математика;Максимальное количество баллов по дополнительному вступительному испытанию по математике
ЭКОНОМИЧЕСКИЙ ФАКУЛЬТЕТ;Менеджмент;Экономика;Экономика;"Московская олимпиада школьников; Олимпиада школьников по экономике в рамках международного экономического фестиваля школьников «Сибириада. Шаг в мечту»";II;11;Победитель, призер;Математика;Максимальное количество баллов по дополнительному вступительному испытанию по математике
ЭКОНОМИЧЕСКИЙ ФАКУЛЬТЕТ;Менеджмент;Русский язык;Русский язык;Олимпиада школьников «Ломоносов»;I;11;Победитель, призер;Русский язык;Максимальное количество баллов по ЕГЭ по русскому языку
ЭКОНОМИЧЕСКИЙ ФАКУЛЬТЕТ;Менеджмент;Русский язык;Русский язык;Всероссийская олимпиада школьников «Высшая проба»;II;11;Победитель, призер;Русский язык;Максимальное количество баллов по ЕГЭ по русскому языку
ЭКОНОМИЧЕСКИЙ ФАКУЛЬТЕТ;Менеджмент;Обществознание;Обществознание;"Всероссийская олимпиада школьников «Высшая проба»; Олимпиада школьников «Ломоносов»; Олимпиада школьников «Покори Воробьевы горы!»";I;11;Победитель, призер;Обществознание;Максимальное количество баллов по ЕГЭ по обществознанию
ЭКОНОМИЧЕСКИЙ ФАКУЛЬТЕТ;Менеджмент;Обществознание;Обществознание;Московская олимпиада школьников;II;11;Победитель, призер;Обществознание;Максимальное количество баллов по ЕГЭ по обществознанию
ЭКОНОМИЧЕСКИЙ ФАКУЛЬТЕТ;Менеджмент;История;История;"Всероссийская олимпиада школьников «Высшая проба»; Олимпиада школьников «Ломоносов»; Олимпиада школьников «Покори Воробьевы горы!»";I;11;Победитель, призер;История;Максимальное количество баллов по ЕГЭ по истории
ЭКОНОМИЧЕСКИЙ ФАКУЛЬТЕТ;Менеджмент;Иностранный язык;Иностранный язык;"Всероссийская олимпиада школьников «Высшая проба»; Олимпиада школьников «Ломоносов»; Олимпиада школьников «Покори Воробьевы горы!»";I;11;Победитель, призер;Иностранный язык;Максимальное количество баллов по ЕГЭ по иностранному языку
ЭКОНОМИЧЕСКИЙ ФАКУЛЬТЕТ;Менеджмент;Информатика;Информатика;"Всесибирская открытая олимпиада школьников; Олимпиада школьников по информатике и программированию; Открытая олимпиада школьников по программированию";I, II;11;Победитель, призер;Информатика;Максимальное количество баллов по ЕГЭ по информатике
ЮРИДИЧЕСКИЙ ФАКУЛЬТЕТ;Юриспруденция (государственно-правовой, гражданско-правовой, уголовно-правовой профили);Право;Юриспруденция;Олимпиада школьников «Ломоносов»;I;11;Победитель, призер;Обществознание;Зачисление без вступительных испытаний
ЮРИДИЧЕСКИЙ ФАКУЛЬТЕТ;Юриспруденция (государственно-правовой, гражданско-правовой, уголовно-правовой профили);Основы российской государственности;История, обществознание;Олимпиада школьников «Ломоносов»;I;11;Победитель, призер;Обществознание;Максимальное количество баллов по дополнительному вступительному испытанию по обществознанию
ЮРИДИЧЕСКИЙ ФАКУЛЬТЕТ;Юриспруденция (государственно-правовой, гражданско-правовой, уголовно-правовой профили);Обществознание;Обществознание;Всероссийская академическая олимпиада школьников имени В.И. Вернадского, Всероссийская олимпиада школьников «Высшая проба», Олимпиада школьников «Ломоносов», Олимпиада школьников Санкт-Петербургского государственного университета;I;11;Победитель, призер;Обществознание;Максимальное количество баллов по ЕГЭ по обществознанию
ЮРИДИЧЕСКИЙ ФАКУЛЬТЕТ;Юриспруденция (международно-правовой профиль);Право;"Право; Юриспруденция";Всероссийская олимпиада школьников «Высшая проба», Кутафинская олимпиада школьников по праву, Олимпиада школьников «Ломоносов», Олимпиада школьников Санкт-Петербургского государственного университета;I;11;Победитель, призер;Обществознание;Максимальное количество баллов по дополнительному вступительному испытанию по обществознанию
ЮРИДИЧЕСКИЙ ФАКУЛЬТЕТ;Юриспруденция (международно-правовой профиль);Основы российской государственности;История, обществознание;Олимпиада школьников «Ломоносов»;I;11;Победитель, призер;Обществознание;Максимальное количество баллов по дополнительному вступительному испытанию по обществознанию
ЮРИДИЧЕСКИЙ ФАКУЛЬТЕТ;Юриспруденция (международно-правовой профиль);Обществознание;Обществознание;Всероссийская академическая олимпиада школьников имени В.И. Вернадского, Всероссийская олимпиада школьников «Высшая проба», Олимпиада школьников «Ломоносов», Олимпиада школьников Санкт-Петербургского государственного университета;I;11;Победитель, призер;Обществознание;Максимальное количество баллов по дополнительному вступительному испытанию по обществознанию
ЮРИДИЧЕСКИЙ ФАКУЛЬТЕТ;Юриспруденция (международно-правовой профиль);Гуманитарные и социальные науки;История, обществознание;Всероссийская академическая олимпиада школьников имени В.И. Вернадского, Телевизионная гуманитарная олимпиада школьников «Умницы и умники»;I;11;Победитель, призер;Обществознание;Максимальное количество баллов по дополнительному вступительному испытанию по обществознанию
ФАКУЛЬТЕТ ЖУРНАЛИСТИКИ;Журналистика;Журналистика;Средства массовой коммуникации и информационно-библиотечное дело;Олимпиада школьников «Ломоносов», Олимпиада школьников «Покори Воробьевы горы!»;I;11;Победитель;Литература;Зачисление без вступительных испытаний
ФАКУЛЬТЕТ ЖУРНАЛИСТИКИ;Журналистика;Журналистика;Средства массовой коммуникации и информационно-библиотечное дело;Олимпиада школьников «Ломоносов», Олимпиада школьников «Покори Воробьевы горы!»;I;11;Призер;Литература;Максимальное количество баллов по дополнительному вступительному испытанию творческой направленности по направлению «Журналистика»
ФАКУЛЬТЕТ ЖУРНАЛИСТИКИ;Журналистика;Литература;Литература;Олимпиада школьников «Ломоносов», Олимпиада школьников «Покори Воробьевы горы!»;I;11;Победитель, призер;Литература;Максимальное количество баллов по ЕГЭ по литературе
ФАКУЛЬТЕТ ЖУРНАЛИСТИКИ;Журналистика;История;История;Олимпиада школьников «Ломоносов», Олимпиада школьников «Покори Воробьевы горы!»;I;11;Победитель, призер;История;Максимальное количество баллов по ЕГЭ по истории
ФАКУЛЬТЕТ ЖУРНАЛИСТИКИ;Журналистика;Иностранный язык;Иностранный язык;Олимпиада школьников «Ломоносов», Олимпиада школьников «Покори Воробьевы горы!»;I;11;Победитель, призер;Иностранный язык;Максимальное количество баллов по ЕГЭ по иностранному языку
ФАКУЛЬТЕТ ЖУРНАЛИСТИКИ;Медиакоммуникации;Журналистика;Средства массовой коммуникации и информационно-библиотечное дело;Олимпиада школьников «Ломоносов», Олимпиада школьников «Покори Воробьевы горы!»;I;11;Победитель;Литература;Зачисление без вступительных испытаний
ФАКУЛЬТЕТ ЖУРНАЛИСТИКИ;Медиакоммуникации;Журналистика;Средства массовой коммуникации и информационно-библиотечное дело;Олимпиада школьников «Ломоносов», Олимпиада школьников «Покори Воробьевы горы!»;I;11;Призер;Литература;Максимальное количество баллов по дополнительному вступительному испытанию творческой направленности по направлению «Медиакоммуникации»
ФАКУЛЬТЕТ ЖУРНАЛИСТИКИ;Медиакоммуникации;Литература;Литература;Олимпиада школьников «Ломоносов», Олимпиада школьников «Покори Воробьевы горы!»;I;11;Победитель, призер;Литература;Максимальное количество баллов по ЕГЭ по литературе
ФАКУЛЬТЕТ ЖУРНАЛИСТИКИ;Медиакоммуникации;Обществознание;Обществознание;Олимпиада школьников «Ломоносов», Олимпиада школьников «Покори Воробьевы горы!»;I;11;Победитель, призер;Обществознание;Максимальное количество баллов по ЕГЭ по обществознанию
ФАКУЛЬТЕТ ЖУРНАЛИСТИКИ;Медиакоммуникации;История;История;Олимпиада школьников «Ломоносов», Олимпиада школьников «Покори Воробьевы горы!»;I;11;Победитель, призер;История;Максимальное количество баллов по ЕГЭ по истории
ФАКУЛЬТЕТ ПСИХОЛОГИИ;Клиническая психология;Психология;Психологические науки;Олимпиада школьников «Ломоносов»;I;11;Победитель, призер;Биология;Зачисление без вступительных испытаний
ФАКУЛЬТЕТ ПСИХОЛОГИИ;Клиническая психология;Психология;Психологические науки;Всероссийская олимпиада школьников «Высшая проба»;II;11;Победитель, призер;Биология;Максимальное количество баллов по ЕГЭ по биологии
ФАКУЛЬТЕТ ПСИХОЛОГИИ;Клиническая психология;Биология;Биология;Всероссийская олимпиада по агрогенетике для школьников старших классов «Иннагрика», Олимпиада школьников «Ломоносов», Олимпиада школьников Санкт-Петербургского государственного университета;I;11;Победитель, призер;Биология;Максимальное количество баллов по дополнительному вступительному испытанию по биологии
ФАКУЛЬТЕТ ПСИХОЛОГИИ;Клиническая психология;Биология;Биология;Всероссийская олимпиада школьников «Высшая проба», Всероссийская Сеченовская олимпиада школьников, Всесибирская открытая олимпиада школьников, Межрегиональная олимпиада школьников «Будущие исследователи – будущее науки», Olimpiada shkolnikov «Fiztex», Турнир имени М.В. Ломоносова;II;11;Победитель, призер;Биология;Максимальное количество баллов по ЕГЭ по биологии
ФАКУЛЬТЕТ ПСИХОЛОГИИ;Клиническая психология;Математика;Математика;«Формула Единства»/«Третье тысячелетие», Всероссийская олимпиада школьников «Высшая проба», Всесибирская открытая олимпиада школьников, Международная олимпиада «Innopolis Open», Межрегиональная олимпиада школьников имени И.Я. Верченко, Объединенная межвузовская олимпиада школьников, Олимпиада Курчатов, Олимпиада школьников «Ломоносов», Olimpiada shkolnikov «Fiztex», Олимпиада школьников Санкт-Петербургского государственного университета, Олимпиада Юношеской математической школы, Отраслевая физико-математическая олимпиада школьников «Росатом», Санкт-Петербургская олимпиада школьников, Турнир городов, Турнир имени М.В. Ломоносова;I, II;11;Победитель, призер;Математика;Максимальное количество баллов по ЕГЭ по математике
ФАКУЛЬТЕТ ПСИХОЛОГИИ;Клиническая психология;Обществознание;Обществознание;Всероссийская академическая олимпиада школьников имени В.И. Вернадского, Всероссийская олимпиада школьников «Высшая проба», Московская олимпиада школьников, Олимпиада МГИМО МИД России для школьников, Олимпиада РГГУ для школьников, Олимпиада школьников «Ломоносов», Олимпиада школьников РАНХиГС при Президенте РФ, Олимпиада школьников Санкт-Петербургского государственного университета;I, II;11;Победитель, призер;Обществознание;Максимальное количество баллов по ЕГЭ по обществознанию
ФАКУЛЬТЕТ ПСИХОЛОГИИ;Клиническая психология;Гуманитарные и социальные науки;История, обществознание;Всероссийская академическая олимпиада школьников имени В.И. Вернадского, Телевизионная гуманитарная олимпиада школьников «Умницы и умники»;I;11;Победитель, призер;Обществознание;Максимальное количество баллов по ЕГЭ по обществознанию
ФАКУЛЬТЕТ ПСИХОЛОГИИ;Клиническая психология;Основы российской государственности;История, обществознание;Олимпиада школьников «Ломоносов»;I;11;Победитель, призер;Обществознание;Максимальное количество баллов по ЕГЭ по обществознанию
ФАКУЛЬТЕТ ПСИХОЛОГИИ;Клиническая психология;Химия;Химия;Всероссийская олимпиада школьников «Высшая проба», Всероссийская Сеченовская олимпиада школьников, Всесибирская открытая олимпиада школьников, Межрегиональная олимпиада школьников «Будущие исследователи – будущее науки», Межрегиональные предметные олимпиады ФГАОУ ВО «Казанский (Приволжский) федеральный университет», Многопредметная олимпиада «Юные таланты», Московская олимпиада школьников, Олимпиада по химии и химической технологии «Потомки Менделеева», Олимпиада школьников «Ломоносов», Олимпиада школьников Санкт-Петербургского государственного университета, Санкт-Петербургская олимпиада школьников, Турнир имени М.В. Ломоносова, Университетская олимпиада школьников «Бельчонок»;I, II;11;Победитель, призер;Химия;Максимальное количество баллов по ЕГЭ по химии
ФАКУЛЬТЕТ ПСИХОЛОГИИ;Клиническая психология;Русский язык;Русский язык;Всероссийская олимпиада школьников «Высшая проба», Межрегиональная олимпиада школьников «Будущие исследователи – будущее науки», Межрегиональные предметные олимпиады ФГАОУ ВО «Казанский (Приволжский) федеральный университет», Олимпиада РГГУ для школьников, Олимпиада школьников «Ломоносов»;I, II;11;Победитель, призер;Русский язык;Максимальное количество баллов по ЕГЭ по русскому языку
ФАКУЛЬТЕТ ПСИХОЛОГИИ;Психология служебной деятельности;Психология;Психологические науки;Олимпиада школьников «Ломоносов»;I;11;Победитель, призер;Биология;Зачисление без вступительных испытаний
ФАКУЛЬТЕТ ПСИХОЛОГИИ;Психология служебной деятельности;Психология;Психологические науки;Всероссийская олимпиада школьников «Высшая проба»;II;11;Победитель, призер;Биология;Максимальное количество баллов по ЕГЭ по биологии
ФАКУЛЬТЕТ ПСИХОЛОГИИ;Психология служебной деятельности;Биология;Биология;Всероссийская олимпиада по агрогенетике для школьников старших классов «Иннагрика», Олимпиада школьников «Ломоносов», Олимпиада школьников Санкт-Петербургского государственного университета;I;11;Победитель, призер;Биология;Максимальное количество баллов по дополнительному вступительному испытанию по биологии
ФАКУЛЬТЕТ ПСИХОЛОГИИ;Психология служебной деятельности;Биология;Биология;Всероссийская олимпиада школьников «Высшая проба», Всероссийская Сеченовская олимпиада школьников, Всесибирская открытая олимпиада школьников, Межрегиональная олимпиада школьников «Будущие исследователи – будущее науки», Olimpiada shkolnikov «Fiztex», Турнир имени М.В. Ломоносова;II;11;Победитель, призер;Биология;Максимальное количество баллов по ЕГЭ по биологии
ФАКУЛЬТЕТ ПСИХОЛОГИИ;Психология служебной деятельности;Математика;Математика;«Формула Единства»/«Третье тысячелетие», Всероссийская олимпиада школьников «Высшая проба», Всесибирская открытая олимпиада школьников, Международная олимпиада «Innopolis Open», Межрегиональная олимпиада школьников имени И.Я. Верченко, Объединенная межвузовская олимпиада школьников, Олимпиада Курчатов, Олимпиада школьников «Ломоносов», Olimpiada shkolnikov «Fiztex», Олимпиада школьников Санкт-Петербургского государственного университета, Олимпиада Юношеской математической школы, Отраслевая физико-математическая олимпиада школьников «Росатом», Санкт-Петербургская олимпиада школьников, Турнир городов, Турнир имени М.В. Ломоносова;I, II;11;Победитель, призер;Математика;Максимальное количество баллов по ЕГЭ по математике
ФАКУЛЬТЕТ ПСИХОЛОГИИ;Психология служебной деятельности;Обществознание;Обществознание;Всероссийская академическая олимпиада школьников имени В.И. Вернадского, Всероссийская олимпиада школьников «Высшая проба», Московская олимпиада школьников, Олимпиада МГИМО МИД России для школьников, Олимпиада РГГУ для школьников, Олимпиада школьников «Ломоносов», Олимпиада школьников РАНХиГС при Президенте РФ, Олимпиада школьников Санкт-Петербургского государственного университета;I, II;11;Победитель, призер;Обществознание;Максимальное количество баллов по ЕГЭ по обществознанию
ФАКУЛЬТЕТ ПСИХОЛОГИИ;Психология служебной деятельности;Гуманитарные и социальные науки;История, обществознание;Всероссийская академическая олимпиада школьников имени В.И. Вернадского, Телевизионная гуманитарная олимпиада школьников «Умницы и умники»;I;11;Победитель, призер;Обществознание;Максимальное количество баллов по ЕГЭ по обществознанию
ФАКУЛЬТЕТ ПСИХОЛОГИИ;Психология служебной деятельности;Основы российской государственности;История, обществознание;Олимпиада школьников «Ломоносов»;I;11;Победитель, призер;Обществознание;Максимальное количество баллов по ЕГЭ по обществознанию
ФАКУЛЬТЕТ ПСИХОЛОГИИ;Психология служебной деятельности;Русский язык;Русский язык;Всероссийская олимпиада школьников «Высшая проба», Межрегиональная олимпиада школьников «Будущие исследователи – будущее науки», Межрегиональные предметные олимпиады ФГАОУ ВО «Казанский (Приволжский) федеральный университет», Олимпиада РГГУ для школьников, Олимпиада школьников «Ломоносов»;I, II;11;Победитель, призер;Русский язык;Максимальное количество баллов по ЕГЭ по русскому языку
ФАКУЛЬТЕТ ПСИХОЛОГИИ;Педагогика и психология девиантного поведения;Психология;Психологические науки;Олимпиада школьников «Ломоносов»;I;11;Победитель, призер;Биология;Зачисление без вступительных испытаний
ФАКУЛЬТЕТ ПСИХОЛОГИИ;Педагогика и психология девиантного поведения;Психология;Психологические науки;Всероссийская олимпиада школьников «Высшая проба»;II;11;Победитель, призер;Обществознание;Максимальное количество баллов по ЕГЭ по обществознанию
ФАКУЛЬТЕТ ПСИХОЛОГИИ;Педагогика и психология девиантного поведения;Обществознание;Обществознание;Олимпиада школьников «Ломоносов», Всероссийская олимпиада школьников «Высшая проба»;I;11;Победитель, призер;Обществознание;Максимальное количество баллов по дополнительному вступительному испытанию по обществознанию
ФАКУЛЬТЕТ ПСИХОЛОГИИ;Педагогика и психология девиантного поведения;Гуманитарные и социальные науки;История, обществознание;Всероссийская академическая олимпиада школьников имени В.И. Вернадского, Телевизионная гуманитарная олимпиада школьников «Умницы и умники»;I;11;Победитель, призер;Обществознание;Максимальное количество баллов по дополнительному вступительному испытанию по обществознанию
ФАКУЛЬТЕТ ПСИХОЛОГИИ;Педагогика и психология девиантного поведения;Основы российской государственности;История, обществознание;Олимпиада школьников «Ломоносов»;I;11;Победитель, призер;Обществознание;Максимальное количество баллов по ЕГЭ по обществознанию
ФАКУЛЬТЕТ ПСИХОЛОГИИ;Педагогика и психология девиантного поведения;Биология;Биология;Всероссийская олимпиада по агрогенетике для школьников старших классов «Иннагрика», Всероссийская олимпиада школьников «Высшая проба», Всероссийская Сеченовская олимпиада школьников, Всесибирская открытая олимпиада школьников, Межрегиональная олимпиада школьников «Будущие исследователи – будущее науки», Олимпиада школьников «Ломоносов», Olimpiada shkolnikov «Fiztex», Олимпиада школьников Санкт-Петербургского государственного университета, Турнир имени М.В. Ломоносова;I, II;11;Победитель, призер;Биология;Максимальное количество баллов по ЕГЭ по биологии
ФАКУЛЬТЕТ ПСИХОЛОГИИ;Педагогика и психология девиантного поведения;Математика;Математика;«Формула Единства»/«Третье тысячелетие», Всероссийская олимпиада школьников «Высшая проба», Всесибирская открытая олимпиада школьников, Международная олимпиада «Innopolis Open», Межрегиональная олимпиада школьников имени И.Я. Верченко, Объединенная межвузовская олимпиада школьников, Олимпиада Курчатов, Олимпиада школьников «Ломоносов», Olimpiada shkolnikov «Fiztex», Олимпиада школьников Санкт-Петербургского государственного университета, Олимпиада Юношеской математической школы, Отраслевая физико-математическая олимпиада школьников «Росатом», Санкт-Петербургская олимпиада школьников, Турнир городов, Турнир имени М.В. Ломоносова;I, II;11;Победитель, призер;Математика;Максимальное количество баллов по ЕГЭ по математике
ФАКУЛЬТЕТ ПСИХОЛОГИИ;Педагогика и психология девиантного поведения;Русский язык;Русский язык;Всероссийская олимпиада школьников «Высшая проба», Межрегиональная олимпиада школьников «Будущие исследователи – будущее науки», Межрегиональные предметные олимпиады ФГАОУ ВО «Казанский (Приволжский) федеральный университет», Олимпиада РГГУ для школьников, Олимпиада школьников «Ломоносов»;I, II;11;Победитель, призер;Русский язык;Максимальное количество баллов по ЕГЭ по русскому языку
ИНСТИТУТ СТРАН АЗИИ И АФРИКИ;Востоковедение и африканистика;История;История;Олимпиада школьников «Ломоносов», Олимпиада школьников «Покори Воробьевы горы!»;I;11;Победитель, призер;История;Максимальное количество баллов по дополнительному вступительному испытанию по истории
ИНСТИТУТ СТРАН АЗИИ И АФРИКИ;Востоковедение и африканистика;Международные отношения и глобалистика;История;Олимпиада школьников «Ломоносов»;I;11;Победитель, призер;История;Максимальное количество баллов по дополнительному вступительному испытанию по истории
ИНСТИТУТ СТРАН АЗИИ И АФРИКИ;Востоковедение и африканистика;Основы российской государственности;История, обществознание;Олимпиада школьников «Ломоносов»;I;11;Победитель, призер;История;Максимальное количество баллов по дополнительному вступительному испытанию по истории
ИНСТИТУТ СТРАН АЗИИ И АФРИКИ;Востоковедение и африканистика;Гуманитарные и социальные науки;История, обществознание, средства массовой информации и информационно-библиотечное дело, политические науки и регионоведение;Всероссийская академическая олимпиада школьников имени В.И. Вернадского, Телевизионная гуманитарная олимпиада школьников «Умницы и умники»;I;11;Победитель, призер;История;Максимальное количество баллов по дополнительному вступительному испытанию по истории
ИНСТИТУТ СТРАН АЗИИ И АФРИКИ;Востоковедение и африканистика;Международные отношения;Политические науки и регионоведение;Всероссийская олимпиада школьников «Высшая проба»;II;11;Победитель, призер;История;Максимальное количество баллов по дополнительному вступительному испытанию по истории
ИНСТИТУТ СТРАН АЗИИ И АФРИКИ;Востоковедение и африканистика;Востоковедение;Востоковедение и африканистика;Всероссийская олимпиада школьников «Высшая проба»;II;11;Победитель, призер;История;Максимальное количество баллов по дополнительному вступительному испытанию по истории
ИНСТИТУТ СТРАН АЗИИ И АФРИКИ;Востоковедение и африканистика;Гуманитарные и социальные науки;История, обществознание;Олимпиада МГИМО МИД России для школьников;II;11;Победитель, призер;История;Максимальное количество баллов по дополнительному вступительному испытанию по истории
ФАКУЛЬТЕТ ИНОСТРАННЫХ ЯЗЫКОВ И РЕГИОНОВЕДЕНИЯ;Перевод и переводоведение;Иностранный язык;Иностранный язык;Всероссийская олимпиада школьников «Высшая проба», Герценовская олимпиада школьников, Международная олимпиада школьников «Евразийская лингвистическая олимпиада», Межрегиональная олимпиада школьников на базе ведомственных образовательных организаций, Межрегиональные предметные олимпиады ФГАОУ ВО «Казанский (Приволжский) федеральный университет», Олимпиада по экономике в рамках международного экономического фестиваля школьников «Сибириада. Шаг в мечту», Олимпиада школьников «Ломоносов», Олимпиада школьников Санкт-Петербургского государственного университета, Плехановская олимпиада школьников;I, II;11;Победитель, призер;Иностранный язык;Максимальное количество баллов по дополнительному вступительному испытанию по иностранному языку
ФАКУЛЬТЕТ ИНОСТРАННЫХ ЯЗЫКОВ И РЕГИОНОВЕДЕНИЯ;Перевод и переводоведение;Лингвистика;Иностранный язык, русский язык, иностранный язык, математика;Московская олимпиада школьников, Турнир имени М.В. Ломоносова;I, II;11;Победитель, призер;Иностранный язык;Максимальное количество баллов по дополнительному вступительному испытанию по иностранному языку
ФАКУЛЬТЕТ ИНОСТРАННЫХ ЯЗЫКОВ И РЕГИОНОВЕДЕНИЯ;Перевод и переводоведение;Филология;Иностранный язык, литература, русский язык;Всероссийская олимпиада школьников «Высшая проба», Олимпиада школьников Санкт-Петербургского государственного университета;I;11;Победитель, призер;Иностранный язык;Максимальное количество баллов по дополнительному вступительному испытанию по иностранному языку
ФАКУЛЬТЕТ ИНОСТРАННЫХ ЯЗЫКОВ И РЕГИОНОВЕДЕНИЯ;Перевод и переводоведение;История;История;Всероссийская академическая олимпиада школьников имени В.И. Вернадского, Всероссийская олимпиада школьников «Высшая проба», Межрегиональная олимпиада школьников «Будущие исследователи – будущее науки», Московская олимпиада школьников, Олимпиада МГИМО МИД России для школьников, Олимпиада РГГУ для школьников, Олимпиада школьников «Ломоносов», Олимпиада школьников РАНХиГС при Президенте РФ, Олимпиада школьников Санкт-Петербургского государственного университета, Турнир имени М.В. Ломоносова;I, II;11;Победитель, призер;История;Максимальное количество баллов по ЕГЭ по истории
ФАКУЛЬТЕТ ИНОСТРАННЫХ ЯЗЫКОВ И РЕГИОНОВЕДЕНИЯ;Перевод и переводоведение;Гуманитарные и социальные науки;История, обществознание;Всероссийская академическая олимпиада школьников имени В.И. Вернадского, Олимпиада МГИМО МИД России для школьников, Олимпиада школьников Санкт-Петербургского государственного университета, Телевизионная гуманитарная олимпиада школьников «Умницы и умники»;I, II;11;Победитель, призер;История;Максимальное количество баллов по ЕГЭ по истории
ФАКУЛЬТЕТ ИНОСТРАННЫХ ЯЗЫКОВ И РЕГИОНОВЕДЕНИЯ;Перевод и переводоведение;Международные отношения и глобалистика;История;Олимпиада школьников «Ломоносов»;I;11;Победитель, призер;История;Максимальное количество баллов по ЕГЭ по истории
ФАКУЛЬТЕТ ИНОСТРАННЫХ ЯЗЫКОВ И РЕГИОНОВЕДЕНИЯ;Перевод и переводоведение;Основы российской государственности;История, обществознание;Олимпиада школьников «Ломоносов»;I;11;Победитель, призер;История;Максимальное количество баллов по ЕГЭ по истории
ФАКУЛЬТЕТ ИНОСТРАННЫХ ЯЗЫКОВ И РЕГИОНОВЕДЕНИЯ;Перевод и переводоведение;Политология;История;Олимпиада школьников «Ломоносов», Олимпиада школьников Санкт-Петербургского государственного университета;II;11;Победитель, призер;История;Максимальное количество баллов по ЕГЭ по истории
ФАКУЛЬТЕТ ИНОСТРАННЫХ ЯЗЫКОВ И РЕГИОНОВЕДЕНИЯ;Перевод и переводоведение;Обществознание;Обществознание;Всероссийская академическая олимпиада школьников имени В.И. Вернадского, Всероссийская олимпиада школьников «Высшая проба», Московская олимпиада школьников, Олимпиада МГИМО МИД России для школьников, Олимпиада РГГУ для школьников, Олимпиада школьников «Ломоносов», Олимпиада школьников РАНХиГС при Президенте РФ, Олимпиада школьников Санкт-Петербургского государственного университета;I, II;11;Победитель, призер;Обществознание;Максимальное количество баллов по ЕГЭ по обществознанию
ФАКУЛЬТЕТ ИНОСТРАННЫХ ЯЗЫКОВ И РЕГИОНОВЕДЕНИЯ;Перевод и переводоведение;Гуманитарные и социальные науки;История, обществознание;Всероссийская академическая олимпиада школьников имени В.И. Вернадского, Олимпиада МГИМО МИД России для школьников, Олимпиада школьников Санкт-Петербургского государственного университета, Телевизионная гуманитарная олимпиада школьников «Умницы и умники»;I, II;11;Победитель, призер;Обществознание;Максимальное количество баллов по ЕГЭ по обществознанию
ФАКУЛЬТЕТ ИНОСТРАННЫХ ЯЗЫКОВ И РЕГИОНОВЕДЕНИЯ;Перевод и переводоведение;Основы российской государственности;Обществознание;Олимпиада школьников «Ломоносов»;I;11;Победитель, призер;Обществознание;Максимальное количество баллов по ЕГЭ по обществознанию
ФАКУЛЬТЕТ ИНОСТРАННЫХ ЯЗЫКОВ И РЕГИОНОВЕДЕНИЯ;Лингвистика;Иностранный язык;Иностранный язык;Всероссийская олимпиада школьников «Высшая проба», Герценовская олимпиада школьников, Международная олимпиада школьников «Евразийская лингвистическая олимпиада», Межрегиональная олимпиада школьников на базе ведомственных образовательных организаций, Межрегиональные предметные олимпиады ФГАОУ ВО «Казанский (Приволжский) федеральный университет», Олимпиада по экономике в рамках международного экономического фестиваля школьников «Сибириада. Шаг в мечту», Олимпиада школьников «Ломоносов», Олимпиада школьников Санкт-Петербургского государственного университета, Плехановская олимпиада школьников;I, II;11;Победитель, призер;Иностранный язык;Максимальное количество баллов по дополнительному вступительному испытанию по иностранному языку
ФАКУЛЬТЕТ ИНОСТРАННЫХ ЯЗЫКОВ И РЕГИОНОВЕДЕНИЯ;Лингвистика;Лингвистика;Иностранный язык, русский язык, иностранный язык, математика;Московская олимпиада школьников, Турнир имени М.В. Ломоносова;I, II;11;Победитель, призер;Иностранный язык;Максимальное количество баллов по дополнительному вступительному испытанию по иностранному языку
ФАКУЛЬТЕТ ИНОСТРАННЫХ ЯЗЫКОВ И РЕГИОНОВЕДЕНИЯ;Лингвистика;Филология;Иностранный язык, литература, русский язык;Всероссийская олимпиада школьников «Высшая проба», Олимпиада школьников Санкт-Петербургского государственного университета;I;11;Победитель, призер;Иностранный язык;Максимальное количество баллов по дополнительному вступительному испытанию по иностранному языку
ФАКУЛЬТЕТ ИНОСТРАННЫХ ЯЗЫКОВ И РЕГИОНОВЕДЕНИЯ;Лингвистика;История;История;Всероссийская академическая олимпиада школьников имени В.И. Вернадского, Всероссийская олимпиада школьников «Высшая проба», Межрегиональная олимпиада школьников «Будущие исследователи – будущее науки», Московская олимпиада школьников, Олимпиада МГИМО МИД России для школьников, Олимпиада РГГУ для школьников, Олимпиада школьников «Ломоносов», Олимпиада школьников РАНХиГС при Президенте РФ, Олимпиада школьников Санкт-Петербургского государственного университета, Турнир имени М.В. Ломоносова;I, II;11;Победитель, призер;История;Максимальное количество баллов по ЕГЭ по истории
ФАКУЛЬТЕТ ИНОСТРАННЫХ ЯЗЫКОВ И РЕГИОНОВЕДЕНИЯ;Лингвистика;Гуманитарные и социальные науки;История, обществознание;Всероссийская академическая олимпиада школьников имени В.И. Вернадского, Олимпиада МГИМО МИД России для школьников, Олимпиада школьников Санкт-Петербургского государственного университета, Телевизионная гуманитарная олимпиада школьников «Умницы и умники»;I, II;11;Победитель, призер;История;Максимальное количество баллов по ЕГЭ по истории
ФАКУЛЬТЕТ ИНОСТРАННЫХ ЯЗЫКОВ И РЕГИОНОВЕДЕНИЯ;Лингвистика;Международные отношения и глобалистика;История;Олимпиада школьников «Ломоносов»;I;11;Победитель, призер;История;Максимальное количество баллов по ЕГЭ по истории
ФАКУЛЬТЕТ ИНОСТРАННЫХ ЯЗЫКОВ И РЕГИОНОВЕДЕНИЯ;Лингвистика;Основы российской государственности;История, обществознание;Олимпиада школьников «Ломоносов»;I;11;Победитель, призер;История;Максимальное количество баллов по ЕГЭ по истории
ФАКУЛЬТЕТ ИНОСТРАННЫХ ЯЗЫКОВ И РЕГИОНОВЕДЕНИЯ;Лингвистика;Политология;История;Олимпиада школьников «Ломоносов», Олимпиада школьников Санкт-Петербургского государственного университета;II;11;Победитель, призер;История;Максимальное количество баллов по ЕГЭ по истории
ФАКУЛЬТЕТ ИНОСТРАННЫХ ЯЗЫКОВ И РЕГИОНОВЕДЕНИЯ;Лингвистика;Обществознание;Обществознание;Всероссийская академическая олимпиада школьников имени В.И. Вернадского, Всероссийская олимпиада школьников «Высшая проба», Московская олимпиада школьников, Олимпиада МГИМО МИД России для школьников, Олимпиада РГГУ для школьников, Олимпиада школьников «Ломоносов», Олимпиада школьников РАНХиГС при Президенте РФ, Олимпиада школьников Санкт-Петербургского государственного университета;I, II;11;Победитель, призер;Обществознание;Максимальное количество баллов по ЕГЭ по обществознанию
ФАКУЛЬТЕТ ИНОСТРАННЫХ ЯЗЫКОВ И РЕГИОНОВЕДЕНИЯ;Лингвистика;Гуманитарные и социальные науки;История, обществознание;Всероссийская академическая олимпиада школьников имени В.И. Вернадского, Олимпиада МГИМО МИД России для школьников, Олимпиада школьников Санкт-Петербургского государственного университета, Телевизионная гуманитарная олимпиада школьников «Умницы и умники»;I, II;11;Победитель, призер;Обществознание;Максимальное количество баллов по ЕГЭ по обществознанию
ФАКУЛЬТЕТ ИНОСТРАННЫХ ЯЗЫКОВ И РЕГИОНОВЕДЕНИЯ;Лингвистика;Основы российской государственности;Обществознание;Олимпиада школьников «Ломоносов»;I;11;Победитель, призер;Обществознание;Максимальное количество баллов по ЕГЭ по обществознанию
ФАКУЛЬТЕТ ИНОСТРАННЫХ ЯЗЫКОВ И РЕГИОНОВЕДЕНИЯ;Культурология;Иностранный язык;Иностранный язык;Всероссийская олимпиада школьников «Высшая проба», Герценовская олимпиада школьников, Международная олимпиада школьников «Евразийская лингвистическая олимпиада», Межрегиональная олимпиада школьников на базе ведомственных образовательных организаций, Межрегиональные предметные олимпиады ФГАОУ ВО «Казанский (Приволжский) федеральный университет», Олимпиада по экономике в рамках международного экономического фестиваля школьников «Сибириада. Шаг в мечту», Олимпиада школьников «Ломоносов», Олимпиада школьников Санкт-Петербургского государственного университета, Плехановская олимпиада школьников;I, II;11;Победитель, призер;Иностранный язык;Максимальное количество баллов по дополнительному вступительному испытанию по иностранному языку
ФАКУЛЬТЕТ ИНОСТРАННЫХ ЯЗЫКОВ И РЕГИОНОВЕДЕНИЯ;Культурология;Лингвистика;Иностранный язык, русский язык, иностранный язык, математика;Московская олимпиада школьников, Турнир имени М.В. Ломоносова;I, II;11;Победитель, призер;Иностранный язык;Максимальное количество баллов по дополнительному вступительному испытанию по иностранному языку
ФАКУЛЬТЕТ ИНОСТРАННЫХ ЯЗЫКОВ И РЕГИОНОВЕДЕНИЯ;Культурология;Филология;Иностранный язык, литература, русский язык;Всероссийская олимпиада школьников «Высшая проба», Олимпиада школьников Санкт-Петербургского государственного университета;I;11;Победитель, призер;Иностранный язык;Максимальное количество баллов по дополнительному вступительному испытанию по иностранному языку
ФАКУЛЬТЕТ ИНОСТРАННЫХ ЯЗЫКОВ И РЕГИОНОВЕДЕНИЯ;Культурология;Обществознание;Обществознание;Всероссийская академическая олимпиада школьников имени В.И. Вернадского, Всероссийская олимпиада школьников «Высшая проба», Московская олимпиада школьников, Олимпиада МГИМО МИД России для школьников, Олимпиада РГГУ для школьников, Олимпиада школьников «Ломоносов», Олимпиада школьников РАНХиГС при Президенте РФ, Олимпиада школьников Санкт-Петербургского государственного университета;I, II;11;Победитель, призер;Обществознание;Максимальное количество баллов по ЕГЭ по обществознанию
ФАКУЛЬТЕТ ИНОСТРАННЫХ ЯЗЫКОВ И РЕГИОНОВЕДЕНИЯ;Культурология;Гуманитарные и социальные науки;История, обществознание;Всероссийская академическая олимпиада школьников имени В.И. Вернадского, Олимпиада МГИМО МИД России для школьников, Олимпиада школьников Санкт-Петербургского государственного университета, Телевизионная гуманитарная олимпиада школьников «Умницы и умники»;I, II;11;Победитель, призер;Обществознание;Максимальное количество баллов по ЕГЭ по обществознанию
ФАКУЛЬТЕТ ИНОСТРАННЫХ ЯЗЫКОВ И РЕГИОНОВЕДЕНИЯ;Культурология;Основы российской государственности;История, обществознание;Олимпиада школьников «Ломоносов»;I;11;Победитель, призер;Обществознание;Максимальное количество баллов по ЕГЭ по обществознанию
ФАКУЛЬТЕТ ИНОСТРАННЫХ ЯЗЫКОВ И РЕГИОНОВЕДЕНИЯ;Культурология;История;История;Всероссийская академическая олимпиада школьников имени В.И. Вернадского, Всероссийская олимпиада школьников «Высшая проба», Межрегиональная олимпиада школьников «Будущие исследователи – будущее науки», Московская олимпиада школьников, Олимпиада МГИМО МИД России для школьников, Олимпиада РГГУ для школьников, Олимпиада школьников «Ломоносов», Олимпиада школьников РАНХиГС при Президенте РФ, Олимпиада школьников Санкт-Петербургского государственного университета, Турнир имени М.В. Ломоносова;I, II;11;Победитель, призер;История;Максимальное количество баллов по ЕГЭ по истории
ФАКУЛЬТЕТ ИНОСТРАННЫХ ЯЗЫКОВ И РЕГИОНОВЕДЕНИЯ;Культурология;Гуманитарные и социальные науки;История, обществознание;Всероссийская академическая олимпиада школьников имени В.И. Вернадского, Олимпиада МГИМО МИД России для школьников, Олимпиада школьников Санкт-Петербургского государственного университета, Телевизионная гуманитарная олимпиада школьников «Умницы и умники»;I, II;11;Победитель, призер;История;Максимальное количество баллов по ЕГЭ по истории
ФАКУЛЬТЕТ ИНОСТРАННЫХ ЯЗЫКОВ И РЕГИОНОВЕДЕНИЯ;Культурология;Международные отношения и глобалистика;История;Олимпиада школьников «Ломоносов»;I;11;Победитель, призер;История;Максимальное количество баллов по ЕГЭ по истории
ФАКУЛЬТЕТ ИНОСТРАННЫХ ЯЗЫКОВ И РЕГИОНОВЕДЕНИЯ;Культурология;Основы российской государственности;История, обществознание;Олимпиада школьников «Ломоносов»;I;11;Победитель, призер;История;Максимальное количество баллов по ЕГЭ по истории
ФАКУЛЬТЕТ ИНОСТРАННЫХ ЯЗЫКОВ И РЕГИОНОВЕДЕНИЯ;Культурология;Политология;История;Олимпиада школьников «Ломоносов», Олимпиада школьников Санкт-Петербургского государственного университета;II;11;Победитель, призер;История;Максимальное количество баллов по ЕГЭ по истории
ФАКУЛЬТЕТ ИНОСТРАННЫХ ЯЗЫКОВ И РЕГИОНОВЕДЕНИЯ;Культурология;Литература;Литература;Олимпиада РГГУ для школьников, Олимпиада школьников «Ломоносов», Открытая региональная межвузовская олимпиада школьников (ОРМО) с международным участием, Турнир имени М.В. Ломоносова;I, II;11;Победитель, призер;Литература;Максимальное количество баллов по ЕГЭ по литературе
ФАКУЛЬТЕТ ИНОСТРАННЫХ ЯЗЫКОВ И РЕГИОНОВЕДЕНИЯ;Культурология;Филология;Литература;Всероссийская олимпиада школьников «Высшая проба», Олимпиада школьников Санкт-Петербургского государственного университета;I;11;Победитель, призер;Литература;Максимальное количество баллов по ЕГЭ по литературе
ФАКУЛЬТЕТ ИНОСТРАННЫХ ЯЗЫКОВ И РЕГИОНОВЕДЕНИЯ;Регионоведение России;Обществознание;Обществознание;Всероссийская академическая олимпиада школьников имени В.И. Вернадского, Всероссийская олимпиада школьников «Высшая проба», Московская олимпиада школьников, Олимпиада МГИМО МИД России для школьников, Олимпиада РГГУ для школьников, Олимпиада школьников «Ломоносов», Олимпиада школьников РАНХиГС при Президенте РФ, Олимпиада школьников Санкт-Петербургского государственного университета;I, II;11;Победитель, призер;Обществознание;Максимальное количество баллов по дополнительному вступительному испытанию по обществознанию
ФАКУЛЬТЕТ ИНОСТРАННЫХ ЯЗЫКОВ И РЕГИОНОВЕДЕНИЯ;Регионоведение России;Гуманитарные и социальные науки;Обществознание;Всероссийская академическая олимпиада школьников имени В.И. Вернадского, Олимпиада МГИМО МИД России для школьников, Олимпиада школьников Санкт-Петербургского государственного университета, Телевизионная гуманитарная олимпиада школьников «Умницы и умники»;I, II;11;Победитель, призер;Обществознание;Максимальное количество баллов по дополнительному вступительному испытанию по обществознанию
ФАКУЛЬТЕТ ИНОСТРАННЫХ ЯЗЫКОВ И РЕГИОНОВЕДЕНИЯ;Регионоведение России;Основы российской государственности;Обществознание;Олимпиада школьников «Ломоносов»;I;11;Победитель, призер;Обществознание;Максимальное количество баллов по дополнительному вступительному испытанию по обществознанию
ФАКУЛЬТЕТ ИНОСТРАННЫХ ЯЗЫКОВ И РЕГИОНОВЕДЕНИЯ;Регионоведение России;История;История;Всероссийская академическая олимпиада школьников имени В.И. Вернадского, Всероссийская олимпиада школьников «Высшая проба», Межрегиональная олимпиада школьников «Будущие исследователи – будущее науки», Московская олимпиада школьников, Олимпиада МГИМО МИД России для школьников, Олимпиада РГГУ для школьников, Олимпиада школьников «Ломоносов», Олимпиада школьников РАНХиГС при Президенте РФ, Олимпиада школьников Санкт-Петербургского государственного университета, Турнир имени М.В. Ломоносова;I, II;11;Победитель, призер;История;Максимальное количество баллов по ЕГЭ по истории
ФАКУЛЬТЕТ ИНОСТРАННЫХ ЯЗЫКОВ И РЕГИОНОВЕДЕНИЯ;Регионоведение России;Гуманитарные и социальные науки;История;Всероссийская академическая олимпиада школьников имени В.И. Вернадского, Олимпиада МГИМО МИД России для школьников, Олимпиада школьников Санкт-Петербургского государственного университета, Телевизионная гуманитарная олимпиада школьников «Умницы и умники»;I, II;11;Победитель, призер;История;Максимальное количество баллов по ЕГЭ по истории
ФАКУЛЬТЕТ ИНОСТРАННЫХ ЯЗЫКОВ И РЕГИОНОВЕДЕНИЯ;Регионоведение России;Международные отношения и глобалистика;История;Олимпиада школьников «Ломоносов»;I;11;Победитель, призер;История;Максимальное количество баллов по ЕГЭ по истории
ФАКУЛЬТЕТ ИНОСТРАННЫХ ЯЗЫКОВ И РЕГИОНОВЕДЕНИЯ;Регионоведение России;Основы российской государственности;История;Олимпиада школьников «Ломоносов»;I;11;Победитель, призер;История;Максимальное количество баллов по ЕГЭ по истории
ФАКУЛЬТЕТ ИНОСТРАННЫХ ЯЗЫКОВ И РЕГИОНОВЕДЕНИЯ;Регионоведение России;Политология;История;Олимпиада школьников «Ломоносов», Олимпиада школьников Санкт-Петербургского государственного университета;II;11;Победитель, призер;История;Максимальное количество баллов по ЕГЭ по истории
ФАКУЛЬТЕТ ИНОСТРАННЫХ ЯЗЫКОВ И РЕГИОНОВЕДЕНИЯ;Регионоведение России;География;География;Всероссийская олимпиада школьников «Высшая проба», Герценовская олимпиада школьников, Многопредметная олимпиада «Юные таланты», Олимпиада школьников «Ломоносов», Олимпиада школьников Санкт-Петербургского государственного университета, Открытая олимпиада Северо-Кавказского федерального университета среди учащихся образовательных организаций «45 параллель»;I, II;11;Победитель, призер;География;Максимальное количество баллов по ЕГЭ по географии
ФАКУЛЬТЕТ ИНОСТРАННЫХ ЯЗЫКОВ И РЕГИОНОВЕДЕНИЯ;Зарубежное регионоведение;Иностранный язык;Иностранный язык;Всероссийская олимпиада школьников «Высшая проба», Герценовская олимпиада школьников, Международная олимпиада школьников «Евразийская лингвистическая олимпиада», Межрегиональная олимпиада школьников на базе ведомственных образовательных организаций, Межрегиональные предметные олимпиады ФГАОУ ВО «Казанский (Приволжский) федеральный университет», Олимпиада по экономике в рамках международного экономического фестиваля школьников «Сибириада. Шаг в мечту», Олимпиада школьников «Ломоносов», Олимпиада школьников Санкт-Петербургского государственного университета, Плехановская олимпиада школьников;I, II;11;Победитель, призер;Иностранный язык;Максимальное количество баллов по дополнительному вступительному испытанию по иностранному языку
ФАКУЛЬТЕТ ИНОСТРАННЫХ ЯЗЫКОВ И РЕГИОНОВЕДЕНИЯ;Зарубежное регионоведение;Лингвистика;Иностранный язык, русский язык, иностранный язык, математика;Московская олимпиада школьников, Турнир имени М.В. Ломоносова;I, II;11;Победитель, призер;Иностранный язык;Максимальное количество баллов по дополнительному вступительному испытанию по иностранному языку
ФАКУЛЬТЕТ ИНОСТРАННЫХ ЯЗЫКОВ И РЕГИОНОВЕДЕНИЯ;Зарубежное регионоведение;Филология;Иностранный язык, литература, русский язык;Всероссийская олимпиада школьников «Высшая проба», Олимпиада школьников Санкт-Петербургского государственного университета;I;11;Победитель, призер;Иностранный язык;Максимальное количество баллов по дополнительному вступительному испытанию по иностранному языку
ФАКУЛЬТЕТ ИНОСТРАННЫХ ЯЗЫКОВ И РЕГИОНОВЕДЕНИЯ;Зарубежное регионоведение;История;История;Всероссийская академическая олимпиада школьников имени В.И. Вернадского, Всероссийская олимпиада школьников «Высшая проба», Межрегиональная олимпиада школьников «Будущие исследователи – будущее науки», Московская олимпиада школьников, Олимпиада МГИМО МИД России для школьников, Олимпиада РГГУ для школьников, Олимпиада школьников «Ломоносов», Олимпиада школьников РАНХиГС при Президенте РФ, Олимпиада школьников Санкт-Петербургского государственного университета, Турнир имени М.В. Ломоносова;I, II;11;Победитель, призер;История;Максимальное количество баллов по ЕГЭ по истории
ФАКУЛЬТЕТ ИНОСТРАННЫХ ЯЗЫКОВ И РЕГИОНОВЕДЕНИЯ;Зарубежное регионоведение;Гуманитарные и социальные науки;История, обществознание;Всероссийская академическая олимпиада школьников имени В.И. Вернадского, Олимпиада МГИМО МИД России для школьников, Олимпиада школьников Санкт-Петербургского государственного университета, Телевизионная гуманитарная олимпиада школьников «Умницы и умники»;I, II;11;Победитель, призер;История;Максимальное количество баллов по ЕГЭ по истории
ФАКУЛЬТЕТ ИНОСТРАННЫХ ЯЗЫКОВ И РЕГИОНОВЕДЕНИЯ;Зарубежное регионоведение;Международные отношения и глобалистика;История;Олимпиада школьников «Ломоносов»;I;11;Победитель, призер;История;Максимальное количество баллов по ЕГЭ по истории
ФАКУЛЬТЕТ ИНОСТРАННЫХ ЯЗЫКОВ И РЕГИОНОВЕДЕНИЯ;Зарубежное регионоведение;Основы российской государственности;История, обществознание;Олимпиада школьников «Ломоносов»;I;11;Победитель, призер;История;Максимальное количество баллов по ЕГЭ по истории
ФАКУЛЬТЕТ ИНОСТРАННЫХ ЯЗЫКОВ И РЕГИОНОВЕДЕНИЯ;Зарубежное регионоведение;Политология;История;Олимпиада школьников «Ломоносов», Олимпиада школьников Санкт-Петербургского государственного университета;II;11;Победитель, призер;История;Максимальное количество баллов по ЕГЭ по истории
ФАКУЛЬТЕТ ИНОСТРАННЫХ ЯЗЫКОВ И РЕГИОНОВЕДЕНИЯ;Зарубежное регионоведение;Обществознание;Обществознание;Всероссийская академическая олимпиада школьников имени В.И. Вернадского, Всероссийская олимпиада школьников «Высшая проба», Московская олимпиада школьников, Олимпиада МГИМО МИД России для школьников, Олимпиада РГГУ для школьников, Олимпиада школьников «Ломоносов», Олимпиада школьников РАНХиГС при Президенте РФ, Олимпиада школьников Санкт-Петербургского государственного университета;I, II;11;Победитель, призер;Обществознание;Максимальное количество баллов по ЕГЭ по обществознанию
ФАКУЛЬТЕТ ИНОСТРАННЫХ ЯЗЫКОВ И РЕГИОНОВЕДЕНИЯ;Зарубежное регионоведение;Гуманитарные и социальные науки;История, обществознание;Всероссийская академическая олимпиада школьников имени В.И. Вернадского, Олимпиада МГИМО МИД России для школьников, Олимпиада школьников Санкт-Петербургского государственного университета, Телевизионная гуманитарная олимпиада школьников «Умницы и умники»;I, II;11;Победитель, призер;Обществознание;Максимальное количество баллов по ЕГЭ по обществознанию
ФАКУЛЬТЕТ ИНОСТРАННЫХ ЯЗЫКОВ И РЕГИОНОВЕДЕНИЯ;Зарубежное регионоведение;Основы российской государственности;История, обществознание;Олимпиада школьников «Ломоносов»;I;11;Победитель, призер;Обществознание;Максимальное количество баллов по ЕГЭ по обществознанию
ФАКУЛЬТЕТ ИНОСТРАННЫХ ЯЗЫКОВ И РЕГИОНОВЕДЕНИЯ;Зарубежное регионоведение;География;География;Всероссийская олимпиада школьников «Высшая проба», Герценовская олимпиада школьников, Многопредметная олимпиада «Юные таланты», Олимпиада школьников «Ломоносов», Олимпиада школьников Санкт-Петербургского государственного университета, Открытая олимпиада Северо-Кавказского федерального университета среди учащихся образовательных организаций «45 параллель»;I, II;11;Победитель, призер;География;Максимальное количество баллов по ЕГЭ по географии
ФАКУЛЬТЕТ БИОИНЖЕНЕРИИ И БИОИНФОРМАТИКИ;Биоинженерия и биоинформатика;Математика;Математика;Всероссийская олимпиада школьников «Высшая проба», Олимпиада школьников «Ломоносов», Олимпиада школьников Санкт-Петербургского государственного университета, Санкт-Петербургская олимпиада школьников, Турнир городов;I;11;Победитель, призер;Математика;Максимальное количество баллов за ЕГЭ по математике
ФАКУЛЬТЕТ БИОИНЖЕНЕРИИ И БИОИНФОРМАТИКИ;Биоинженерия и биоинформатика;Химия;Химия;Всесибирская открытая олимпиада школьников, Межрегиональные предметные олимпиады ФГАОУ ВО «Казанский (Приволжский) федеральный университет», Многопредметная олимпиада «Юные таланты», Московская олимпиада школьников, Олимпиада школьников «Ломоносов», Санкт-Петербургская олимпиада школьников;I;11;Победитель;Химия;Максимальное количество баллов за ЕГЭ по химии
ФАКУЛЬТЕТ БИОИНЖЕНЕРИИ И БИОИНФОРМАТИКИ;Биоинженерия и биоинформатика;Аграрная генетика;Биология;Всероссийская олимпиада по агрогенетике для школьников старших классов «Иннагрика»;I;11;Победитель;Биология;Максимальное количество баллов за ЕГЭ по биологии
ФАКУЛЬТЕТ БИОИНЖЕНЕРИИ И БИОИНФОРМАТИКИ;Биоинженерия и биоинформатика;Биология;Биология;Всероссийская олимпиада по агрогенетике для школьников старших классов «Иннагрика», Олимпиада школьников «Ломоносов», Олимпиада школьников Санкт-Петербургского государственного университета;I;11;Победитель;Биология;Максимальное количество баллов за ЕГЭ по биологии
ФАКУЛЬТЕТ ФУНДАМЕНТАЛЬНОЙ ФИЗИКО-ХИМИЧЕСКОЙ ИНЖЕНЕРИИ;Прикладные математика и физика;Математика;Математика;Всероссийская олимпиада школьников «Высшая проба», Олимпиада школьников «Ломоносов», Олимпиада школьников Санкт-Петербургского государственного университета, Санкт-Петербургская олимпиада школьников, Турнир городов;I;11;Победитель;Математика;"Максимальное количество баллов по дополнительному вступительному испытанию по математике; Максимальное количество баллов по ЕГЭ по математике"
ФАКУЛЬТЕТ ФУНДАМЕНТАЛЬНОЙ ФИЗИКО-ХИМИЧЕСКОЙ ИНЖЕНЕРИИ;Прикладные математика и физика;Математика;Математика;Всероссийская олимпиада школьников «Высшая проба», Олимпиада школьников «Ломоносов», Олимпиада школьников Санкт-Петербургского государственного университета, Санкт-Петербургская олимпиада школьников, Турнир городов;I;11;Призер;Математика;Максимальное количество баллов по дополнительному вступительному испытанию по математике
ФАКУЛЬТЕТ ФУНДАМЕНТАЛЬНОЙ ФИЗИКО-ХИМИЧЕСКОЙ ИНЖЕНЕРИИ;Прикладные математика и физика;Математика;Математика;«Формула Единства»/«Третье тысячелетие», Всесибирская открытая олимпиада школьников, Международная олимпиада «Innopolis Open», Межрегиональная олимпиада школьников имени И.Я. Верченко, Объединенная межвузовская олимпиада школьников, Олимпиада Курчатов, Olimpiada shkolnikov «Fiztex», Олимпиада Юношеской математической школы, Отраслевая физико-математическая олимпиада школьников «Росатом», Турнир имени М.В. Ломоносова;II;11;Победитель;Математика;Максимальное количество баллов по дополнительному вступительному испытанию по математике
ФАКУЛЬТЕТ ФУНДАМЕНТАЛЬНОЙ ФИЗИКО-ХИМИЧЕСКОЙ ИНЖЕНЕРИИ;Прикладные математика и физика;Математика;Математика;«Формула Единства»/«Третье тысячелетие», Всесибирская открытая олимпиада школьников, Международная олимпиада «Innopolis Open», Межрегиональная олимпиада школьников имени И.Я. Верченко, Объединенная межвузовская олимпиада школьников, Олимпиада Курчатов, Olimpiada shkolnikov «Fiztex», Олимпиада Юношеской математической школы, Отраслевая физико-математическая олимпиада школьников «Росатом», Турнир имени М.В. Ломоносова;II;11;Призер;Математика;Максимальное количество баллов по ЕГЭ по математике
ФАКУЛЬТЕТ ФУНДАМЕНТАЛЬНОЙ ФИЗИКО-ХИМИЧЕСКОЙ ИНЖЕНЕРИИ;Прикладные математика и физика;Физика;Физика;Всероссийская олимпиада школьников «Высшая проба», Всесибирская открытая олимпиада школьников, Городская открытая олимпиада школьников по физике, Инженерная олимпиада школьников, Интернет-олимпиада школьников по физике, Московская олимпиада школьников, Олимпиада школьников «Ломоносов», Олимпиада школьников «Покори Воробьевы горы!», Olimpiada shkolnikov «Fiztex», Олимпиада школьников «Шаг в будущее», Олимпиада школьников Санкт-Петербургского государственного университета, Открытая межвузовская олимпиада школьников Сибирского федерального округа «Будущее Сибири», Отраслевая физико-математическая олимпиада школьников «Росатом», Санкт-Петербургская астрономическая олимпиада, Твой путь в настоящую науку, Турнир имени М.В. Ломоносова;I, II;11;Победитель, призер;Физика;Максимальное количество баллов по ЕГЭ по физике
ФАКУЛЬТЕТ ФУНДАМЕНТАЛЬНОЙ ФИЗИКО-ХИМИЧЕСКОЙ ИНЖЕНЕРИИ;Прикладные математика и физика;Инженерные науки;Фотоника, приборостроение, оптические и биотехнологические системы и технологии, ядерная энергетика и технологии, физико- технические науки и технологии, технологии материалов, нанотехнологии и наноматериалы, машиностроение;Всероссийский конкурс научных работ школьников «Юниор»;II;11;Победитель, призер;Физика или химия (по выбору абитуриента);Максимальное количество баллов по ЕГЭ по физике или химии (по выбору абитуриента)
ФАКУЛЬТЕТ ФУНДАМЕНТАЛЬНОЙ ФИЗИКО-ХИМИЧЕСКОЙ ИНЖЕНЕРИИ;Прикладные математика и физика;Автоматизация бизнес- процессов;Математика и механика, компьютерные и информационные науки, информатика и вычислительная техника, информационная - безопасность, электроника, радиотехника и системы связи, управление в технических системах, экономика и управление, автоматизация и управление технологическими процессами и производствами;Всероссийская междисциплинарная олимпиада школьников 8-11 классов «Национальная технологическая олимпиада»;II;11;Победитель, призер;Математика;Максимальное количество баллов по ЕГЭ по математике
ФАКУЛЬТЕТ ФУНДАМЕНТАЛЬНОЙ ФИЗИКО-ХИМИЧЕСКОЙ ИНЖЕНЕРИИ;Прикладные математика и физика;Автономные транспортные системы;Математика и механика, компьютерные и информационные науки, информатика и вычислительная техника, электроника, радиотехника и системы связи, машиностроение, техника и технологии наземного транспорта, авиационная и ракетно- космическая техника, аэронавигация и эксплуатация авиационной и ракетно- космической техники, управление в технических системах;Всероссийская междисциплинарная олимпиада школьников 8-11 классов «Национальная технологическая олимпиада»;II;11;Победитель, призер;Математика;Максимальное количество баллов по ЕГЭ по математике
ФАКУЛЬТЕТ ФУНДАМЕНТАЛЬНОЙ ФИЗИКО-ХИМИЧЕСКОЙ ИНЖЕНЕРИИ;Прикладные математика и физика;Беспилотный транспорт: аэрокосмические системы, беспилотные авиационные системы, водные робототехнические системы, летающая робототехника;Информатика и вычислительная техника, электроника, радиотехника и системы связи, фотоника, приборостроение, оптические и биотехнические системы и технологии, авиационная и ракетно-космическая техника, аэронавигация и эксплуатация авиационной и ракетно- космической техники, управление в технических системах;Всероссийская междисциплинарная олимпиада школьников 8-11 классов «Национальная технологическая олимпиада»;II;11;Победитель, призер;Физика;Максимальное количество баллов по ЕГЭ по физике
ФАКУЛЬТЕТ ФУНДАМЕНТАЛЬНОЙ ФИЗИКО-ХИМИЧЕСКОЙ ИНЖЕНЕРИИ;Прикладные математика и физика;Инженерные биологические системы;Науки о земле, биологические науки, фотоника, приборостроение, оптические и биотехнические системы и технологии, электро- и теплоэнергетика, промышленная экология и биотехнологии, техносферная безопасность и природообустройство, сельское, лесное и рыбное хозяйство;Всероссийская междисциплинарная олимпиада школьников 8-11 классов «Национальная технологическая олимпиада»;II;11;Победитель, призер;Физика или химия (по выбору абитуриента);Максимальное количество баллов по ЕГЭ по физике или химии (по выбору абитуриента)
ФАКУЛЬТЕТ ФУНДАМЕНТАЛЬНОЙ ФИЗИКО-ХИМИЧЕСКОЙ ИНЖЕНЕРИИ;Прикладные математика и физика;Ядерные технологии;Фотоника, приборостроение, оптические и биотехнические системы и технологии, ядерная энергетика и технологии, машиностроение, управление в технических системах;Всероссийская междисциплинарная олимпиада школьников 8-11 классов «Национальная технологическая олимпиада»;II;11;Победитель, призер;Физика;Максимальное количество баллов по ЕГЭ по физике
ФАКУЛЬТЕТ ФУНДАМЕНТАЛЬНОЙ ФИЗИКО-ХИМИЧЕСКОЙ ИНЖЕНЕРИИ;Прикладные математика и физика;Техника и технологии;Технологии материалов, машиностроение, фотоника, приборостроение, оптические и биотехнические системы и технологии, авиационная и ракетно-космическая техника, техника и технологии наземного транспорта, техника и технологии кораблестроения и водного транспорта, биотехнология, информационная безопасность, химические технологии;Многопрофильная инженерная олимпиада «Звезда»;I;11;Победитель, призер;Физика или химия (по выбору абитуриента);Максимальное количество баллов по ЕГЭ по физике или химии (по выбору абитуриента)
ФАКУЛЬТЕТ ФУНДАМЕНТАЛЬНОЙ ФИЗИКО-ХИМИЧЕСКОЙ ИНЖЕНЕРИИ;Прикладные математика и физика;Естественные науки;Архитектура, техника и технологии строительства, информационная безопасность, электроника, радиотехника и системы связи, фотоника, приборостроение, оптические и биотехнические системы и технологии, электро- и теплоэнергетика, ядерная энергетика и технологии, машиностроение, оружие и системы вооружения, химические технологии, промышленная экология и биотехнологии, техносферная безопасность и природообустройство, прикладная геология, горное дело, нефтегазовое дело и геодезия, технологии материалов, техника и технологии наземного транспорта, авиационная и ракетно- космическая техника, аэронавигация и эксплуатация авиационной и ракетно- космической техники, техника и технологии кораблестроения и водного транспорта, управление в технических системах, нанотехнологии и наноматериалы, технологии легкой промышленности, сельское, лесное и рыбное хозяйство;Многопрофильная инженерная олимпиада «Звезда»;II;11;Победитель, призер;Физика или химия (по выбору абитуриента);Максимальное количество баллов по ЕГЭ по физике или химии (по выбору абитуриента)
ФАКУЛЬТЕТ ФУНДАМЕНТАЛЬНОЙ ФИЗИКО-ХИМИЧЕСКОЙ ИНЖЕНЕРИИ;Прикладные математика и физика;Высокие технологии;Нанотехнологии и наноматериалы;Олимпиада школьников «Ломоносов»;I;11;Победитель, призер;Математика;"Максимальное количество баллов по дополнительному вступительному испытанию по математике; Максимальное количество баллов по ЕГЭ по математике"
ФАКУЛЬТЕТ ФУНДАМЕНТАЛЬНОЙ ФИЗИКО-ХИМИЧЕСКОЙ ИНЖЕНЕРИИ;Прикладные математика и физика;Космонавтика;Математика и механика;Олимпиада школьников «Ломоносов»;II;11;Победитель, призер;Математика;Максимальное количество баллов по ЕГЭ по математике
ФАКУЛЬТЕТ ФУНДАМЕНТАЛЬНОЙ ФИЗИКО-ХИМИЧЕСКОЙ ИНЖЕНЕРИИ;Прикладные математика и физика;Инженерное дело;Физика;Олимпиада школьников «Физтех»;II;11;Победитель, призер;Физика;Максимальное количество баллов по ЕГЭ по физике
ФАКУЛЬТЕТ ФУНДАМЕНТАЛЬНОЙ ФИЗИКО-ХИМИЧЕСКОЙ ИНЖЕНЕРИИ;Прикладные математика и физика;Научно-технический;Математика, физика;Olimpiada shkolnikov «Fiztex»;II;11;Победитель;Математика;Максимальное количество баллов по дополнительному вступительному испытанию по математике
ФАКУЛЬТЕТ ФУНДАМЕНТАЛЬНОЙ ФИЗИКО-ХИМИЧЕСКОЙ ИНЖЕНЕРИИ;Прикладные математика и физика;Научно-технический;Математика, физика;Olimpiada shkolnikov «Fiztex»;II;11;Призер;Физика;Максимальное количество баллов по ЕГЭ по физике
ФАКУЛЬТЕТ ФУНДАМЕНТАЛЬНОЙ ФИЗИКО-ХИМИЧЕСКОЙ ИНЖЕНЕРИИ;Прикладные математика и физика;Инженерное дело;Компьютерные и информационные науки, информатика и вычислительная техника, информационная безопасность, электроника, радиотехника и системы связи, фотоника, приборостроение, оптические и биотехнические системы и технологии, электро- и теплоэнергетика, ядерная энергетика и технологии, машиностроение, оружие и системы вооружения, техносферная безопасность и природоустройство, технологии материалов, техника и технологии наземного транспорта, авиационная и ракетно-космическая техника, управление в технических системах, нанотехнологии и наноматериалы;Олимпиада школьников «Шаг в будущее»;II;11;Победитель, призер;Физика;Максимальное количество баллов по ЕГЭ по физике
ФАКУЛЬТЕТ ФУНДАМЕНТАЛЬНОЙ ФИЗИКО-ХИМИЧЕСКОЙ ИНЖЕНЕРИИ;Прикладные математика и физика;Астрономия;Астрономия, физика;Санкт-Петербургская астрономическая олимпиада;I;11;Победитель, призер;Физика;Максимальное количество баллов по ЕГЭ по физике
ФАКУЛЬТЕТ ФУНДАМЕНТАЛЬНОЙ ФИЗИКО-ХИМИЧЕСКОЙ ИНЖЕНЕРИИ;Прикладные математика и физика;Механика и математическое моделирование;Математика и механика;Олимпиада школьников «Ломоносов»;II;11;Победитель;Математика;Максимальное количество баллов по дополнительному вступительному испытанию по математике
ФАКУЛЬТЕТ ФУНДАМЕНТАЛЬНОЙ ФИЗИКО-ХИМИЧЕСКОЙ ИНЖЕНЕРИИ;Прикладные математика и физика;Механика и математическое моделирование;Математика и механика;Олимпиада школьников «Ломоносов»;II;11;Призер;Математика;Максимальное количество баллов по ЕГЭ по математике
ФАКУЛЬТЕТ ФУНДАМЕНТАЛЬНОЙ ФИЗИКО-ХИМИЧЕСКОЙ ИНЖЕНЕРИИ;Прикладные математика и физика;Вероятность и статистика;Математика;Московская олимпиада школьников;II;11;Победитель;Математика;Максимальное количество баллов по дополнительному вступительному испытанию по математике
ФАКУЛЬТЕТ ФУНДАМЕНТАЛЬНОЙ ФИЗИКО-ХИМИЧЕСКОЙ ИНЖЕНЕРИИ;Прикладные математика и физика;Вероятность и статистика;Математика;Московская олимпиада школьников;II;11;Призер;Математика;Максимальное количество баллов по ЕГЭ по математике
ФАКУЛЬТЕТ ФУНДАМЕНТАЛЬНОЙ ФИЗИКО-ХИМИЧЕСКОЙ ИНЖЕНЕРИИ;Прикладные математика и физика;Химия;Химия;Всероссийская олимпиада школьников «Высшая проба», Всероссийская Сеченовская олимпиада школьников, Всесибирская открытая олимпиада школьников, Межрегиональная олимпиада школьников «Будущие исследователи – будущее науки», Межрегиональные предметные олимпиады ФГАОУ ВО «Казанский (Приволжский) федеральный университет», Многопредметная олимпиада «Юные таланты», Московская олимпиада школьников, Олимпиада по химии и химической технологии «Потомки Менделеева», Олимпиада школьников «Ломоносов», Олимпиада школьников Санкт-Петербургского государственного университета, Санкт-Петербургская олимпиада школьников, Турнир имени М.В. Ломоносова, Университетская олимпиада школьников «Бельчонок»;I, II;11;Победитель, призер;Химия;Максимальное количество баллов по ЕГЭ по химии
ФАКУЛЬТЕТ ФУНДАМЕНТАЛЬНОЙ ФИЗИКО-ХИМИЧЕСКОЙ ИНЖЕНЕРИИ;Фундаментальная и прикладная химия;Химия;Химия;Всесибирская открытая олимпиада школьников, Межрегиональные предметные олимпиады ФГАОУ ВО «Казанский (Приволжский) федеральный университет», Многопредметная олимпиада «Юные таланты», Московская олимпиада школьников, Олимпиада школьников «Ломоносов», Санкт-Петербургская олимпиада школьников;I;11;Победитель;Химия;"Максимальное количество баллов по дополнительному вступительному испытанию по химии; Максимальное количество баллов по ЕГЭ по химии"
ФАКУЛЬТЕТ ФУНДАМЕНТАЛЬНОЙ ФИЗИКО-ХИМИЧЕСКОЙ ИНЖЕНЕРИИ;Фундаментальная и прикладная химия;Химия;Химия;Всесибирская открытая олимпиада школьников, Межрегиональные предметные олимпиады ФГАОУ ВО «Казанский (Приволжский) федеральный университет», Многопредметная олимпиада «Юные таланты», Московская олимпиада школьников, Олимпиада школьников «Ломоносов», Санкт-Петербургская олимпиада школьников;I;11;Призер;Химия;Максимальное количество баллов по дополнительному вступительному испытанию по химии
ФАКУЛЬТЕТ ФУНДАМЕНТАЛЬНОЙ ФИЗИКО-ХИМИЧЕСКОЙ ИНЖЕНЕРИИ;Фундаментальная и прикладная химия;Химия;Химия;Всероссийская олимпиада школьников «Высшая проба», Всероссийская Сеченовская олимпиада школьников, Межрегиональная олимпиада школьников «Будущие исследователи – будущее науки», Олимпиада по химии и химической технологии «Потомки Менделеева», Олимпиада школьников Санкт-Петербургского государственного университета, Турнир имени М.В. Ломоносова, Университетская олимпиада школьников «Бельчонок»;II;11;Победитель;Химия;Максимальное количество баллов по дополнительному вступительному испытанию по химии
ФАКУЛЬТЕТ ФУНДАМЕНТАЛЬНОЙ ФИЗИКО-ХИМИЧЕСКОЙ ИНЖЕНЕРИИ;Фундаментальная и прикладная химия;Химия;Химия;Всероссийская олимпиада школьников «Высшая проба», Всероссийская Сеченовская олимпиада школьников, Межрегиональная олимпиада школьников «Будущие исследователи – будущее науки», Олимпиада по химии и химической технологии «Потомки Менделеева», Олимпиада школьников Санкт-Петербургского государственного университета, Турнир имени М.В. Ломоносова, Университетская олимпиада школьников «Бельчонок»;II;11;Призер;Химия;Максимальное количество баллов по ЕГЭ по химии
ФАКУЛЬТЕТ ФУНДАМЕНТАЛЬНОЙ ФИЗИКО-ХИМИЧЕСКОЙ ИНЖЕНЕРИИ;Фундаментальная и прикладная химия;Физика;Физика;Всероссийская олимпиада школьников «Высшая проба», Всесибирская открытая олимпиада школьников, Городская открытая олимпиада школьников по физике, Инженерная олимпиада школьников, Интернет-олимпиада школьников по физике, Московская олимпиада школьников, Олимпиада школьников «Ломоносов», Олимпиада школьников «Покори Воробьевы горы!», Olimpiada shkolnikov «Fiztex», Олимпиада школьников «Шаг в будущее», Олимпиада школьников Санкт-Петербургского государственного университета, Открытая межвузовская олимпиада школьников Сибирского федерального округа «Будущее Сибири», Отраслевая физико-математическая олимпиада школьников «Росатом», Санкт-Петербургская астрономическая олимпиада, Твой путь в настоящую науку, Турнир имени М.В. Ломоносова;I, II;11;Победитель, призер;Физика;Максимальное количество баллов по ЕГЭ по физике
ФАКУЛЬТЕТ ФУНДАМЕНТАЛЬНОЙ ФИЗИКО-ХИМИЧЕСКОЙ ИНЖЕНЕРИИ;Фундаментальная и прикладная химия;Инженерные науки;Фотоника, приборостроение, оптические и биотехнологические системы и технологии, ядерная энергетика и технологии, физико- технические науки и технологии, технологии материалов, нанотехнологии и наноматериалы, машиностроение;Всероссийский конкурс научных работ школьников «Юниор»;II;11;Победитель, призер;Физика;Максимальное количество баллов по ЕГЭ по физике
ФАКУЛЬТЕТ ФУНДАМЕНТАЛЬНОЙ ФИЗИКО-ХИМИЧЕСКОЙ ИНЖЕНЕРИИ;Фундаментальная и прикладная химия;Автоматизация бизнес- процессов;Математика и механика, компьютерные и информационные науки, информатика и вычислительная техника, информационная - безопасность, электроника, радиотехника и системы связи, управление в технических системах, экономика и управление, автоматизация и управление технологическими процессами и производствами;Всероссийская междисциплинарная олимпиада школьников 8-11 классов «Национальная технологическая олимпиада»;II;11;Победитель, призер;Математика;Максимальное количество баллов по ЕГЭ по математике
ФАКУЛЬТЕТ ФУНДАМЕНТАЛЬНОЙ ФИЗИКО-ХИМИЧЕСКОЙ ИНЖЕНЕРИИ;Фундаментальная и прикладная химия;Автономные транспортные системы;Математика и механика, компьютерные и информационные науки, информатика и вычислительная техника, электроника, радиотехника и системы связи, машиностроение, техника и технологии наземного транспорта, авиационная и ракетно- космическая техника, аэронавигация и эксплуатация авиационной и ракетно- космической техники, управление в технических системах;Всероссийская междисциплинарная олимпиада школьников 8-11 классов «Национальная технологическая олимпиада»;II;11;Победитель, призер;Математика;Максимальное количество баллов по ЕГЭ по математике
ФАКУЛЬТЕТ ФУНДАМЕНТАЛЬНОЙ ФИЗИКО-ХИМИЧЕСКОЙ ИНЖЕНЕРИИ;Фундаментальная и прикладная химия;Беспилотный транспорт: аэрокосмические системы, беспилотные авиационные системы, водные робототехнические системы, летающая робототехника;Информатика и вычислительная техника, электроника, радиотехника и системы связи, фотоника, приборостроение, оптические и биотехнические системы и технологии, авиационная и ракетно-космическая техника, аэронавигация и эксплуатация авиационной и ракетно-космической техники, управление в технических системах;Всероссийская междисциплинарная олимпиада школьников 8-11 классов «Национальная технологическая олимпиада»;II;11;Победитель, призер;Физика;Максимальное количество баллов по ЕГЭ по физике
ФАКУЛЬТЕТ ФУНДАМЕНТАЛЬНОЙ ФИЗИКО-ХИМИЧЕСКОЙ ИНЖЕНЕРИИ;Фундаментальная и прикладная химия;Инженерные биологические системы;Науки о земле, биологические науки, фотоника, приборостроение, оптические и биотехнические системы и технологии, электро- и теплоэнергетика, промышленная экология и биотехнологии, техносферная безопасность и природообустройство, сельское, лесное и рыбное хозяйство;Всероссийская междисциплинарная олимпиада школьников 8-11 классов «Национальная технологическая олимпиада»;II;11;Победитель, призер;Физика;Максимальное количество баллов по ЕГЭ по физике
ФАКУЛЬТЕТ ФУНДАМЕНТАЛЬНОЙ ФИЗИКО-ХИМИЧЕСКОЙ ИНЖЕНЕРИИ;Фундаментальная и прикладная химия;Ядерные технологии;Фотоника, приборостроение, оптические и биотехнические системы и технологии, ядерная энергетика и технологии, машиностроение, управление в технических системах;Всероссийская междисциплинарная олимпиада школьников 8-11 классов «Национальная технологическая олимпиада»;II;11;Победитель, призер;Физика;Максимальное количество баллов по ЕГЭ по физике
ФАКУЛЬТЕТ ФУНДАМЕНТАЛЬНОЙ ФИЗИКО-ХИМИЧЕСКОЙ ИНЖЕНЕРИИ;Фундаментальная и прикладная химия;Техника и технологии;Технологии материалов, машиностроение, фотоника, приборостроение, оптические и биотехнические системы и технологии, авиационная и ракетно-космическая техника, техника и технологии наземного транспорта, техника и технологии кораблестроения и водного транспорта, биотехнология, информационная безопасность, химические технологии;Многопрофильная инженерная олимпиада «Звезда»;I;11;Победитель;Химия;"Максимальное количество баллов по дополнительному вступительному испытанию по химии; Максимальное количество баллов по ЕГЭ по химии"
ФАКУЛЬТЕТ ФУНДАМЕНТАЛЬНОЙ ФИЗИКО-ХИМИЧЕСКОЙ ИНЖЕНЕРИИ;Фундаментальная и прикладная химия;Техника и технологии;Технологии материалов, машиностроение, фотоника, приборостроение, оптические и биотехнические системы и технологии, авиационная и ракетно-космическая техника, техника и технологии наземного транспорта, техника и технологии кораблестроения и водного транспорта, биотехнология, информационная безопасность, химические технологии;Многопрофильная инженерная олимпиада «Звезда»;I;11;Призер;Физика или химия (по выбору абитуриента);Максимальное количество баллов по ЕГЭ по физике или химии (по выбору абитуриента)
ФАКУЛЬТЕТ ФУНДАМЕНТАЛЬНОЙ ФИЗИКО-ХИМИЧЕСКОЙ ИНЖЕНЕРИИ;Фундаментальная и прикладная химия;Естественные науки;Архитектура, техника и технологии строительства, информационная безопасность, электроника, радиотехника и системы связи, фотоника, приборостроение, оптические и биотехнические системы и технологии, электро- и теплоэнергетика, ядерная энергетика и технологии, машиностроение, оружие и системы вооружения, химические технологии, промышленная экология и биотехнологии, техносферная безопасность и природообустройство, прикладная геология, горное дело, нефтегазовое, дело и геодезия, технологии материалов, техника и технологии наземного транспорта, авиационная и ракетно- космическая техника, аэронавигация и эксплуатация авиационной и ракетно- космической техники, техника и технологии кораблестроения и водного транспорта, управление в технических системах, нанотехнологии и наноматериалы, технологии легкой промышленности, сельское, лесное и рыбное хозяйство;Многопрофильная инженерная олимпиада «Звезда»;II;11;Победитель, призер;Физика;Максимальное количество баллов по ЕГЭ по физике
ФАКУЛЬТЕТ ФУНДАМЕНТАЛЬНОЙ ФИЗИКО-ХИМИЧЕСКОЙ ИНЖЕНЕРИИ;Фундаментальная и прикладная химия;Высокие технологии;Нанотехнологии и наноматериалы;Олимпиада школьников «Ломоносов»;I;11;Победитель, призер;Химия;"Максимальное количество баллов по дополнительному вступительному испытанию по химии; Максимальное количество баллов по ЕГЭ по химии"
ФАКУЛЬТЕТ ФУНДАМЕНТАЛЬНОЙ ФИЗИКО-ХИМИЧЕСКОЙ ИНЖЕНЕРИИ;Фундаментальная и прикладная химия;Космонавтика;Математика и механика;Олимпиада школьников «Ломоносов»;II;11;Победитель, призер;Математика;Максимальное количество баллов по ЕГЭ по математике
ФАКУЛЬТЕТ ФУНДАМЕНТАЛЬНОЙ ФИЗИКО-ХИМИЧЕСКОЙ ИНЖЕНЕРИИ;Фундаментальная и прикладная химия;Инженерное дело;Физика;Олимпиада школьников «Физтех»;II;11;Победитель, призер;Физика;Максимальное количество баллов по ЕГЭ по физике
ФАКУЛЬТЕТ ФУНДАМЕНТАЛЬНОЙ ФИЗИКО-ХИМИЧЕСКОЙ ИНЖЕНЕРИИ;Фундаментальная и прикладная химия;Научно-технический;Математика, физика;Olimpiada shkolnikov «Fiztex»;II;11;Победитель, призер;Физика;Максимальное количество баллов по ЕГЭ по физике
ФАКУЛЬТЕТ ФУНДАМЕНТАЛЬНОЙ ФИЗИКО-ХИМИЧЕСКОЙ ИНЖЕНЕРИИ;Фундаментальная и прикладная химия;Инженерное дело;Компьютерные и информационные науки, информатика и вычислительная техника, информационная безопасность, электроника, радиотехника и системы связи, фотоника, приборостроение, оптические и биотехнические системы и технологии, электро- и теплоэнергетика, ядерная энергетика и технологии, машиностроение, оружие и системы вооружения, техносферная безопасность и природоустройство, технологии материалов, техника и технологии наземного транспорта, авиационная и ракетно-космическая техника, управление в технических системах, нанотехнологии и наноматериалы;Олимпиада школьников «Шаг в будущее»;II;11;Победитель, призер;Физика;Максимальное количество баллов по ЕГЭ по физике
ФАКУЛЬТЕТ ФУНДАМЕНТАЛЬНОЙ ФИЗИКО-ХИМИЧЕСКОЙ ИНЖЕНЕРИИ;Фундаментальная и прикладная химия;Механика и математическое моделирование;Математика и механика;Олимпиада школьников «Ломоносов»;II;11;Победитель, призер;Математика;Максимальное количество баллов по ЕГЭ по математике
ФАКУЛЬТЕТ ФУНДАМЕНТАЛЬНОЙ ФИЗИКО-ХИМИЧЕСКОЙ ИНЖЕНЕРИИ;Фундаментальная и прикладная химия;Вероятность и статистика;Математика;Московская олимпиада школьников;II;11;Победитель, призер;Математика;Максимальное количество баллов по ЕГЭ по математике
ФАКУЛЬТЕТ ФУНДАМЕНТАЛЬНОЙ ФИЗИКО-ХИМИЧЕСКОЙ ИНЖЕНЕРИИ;Фундаментальная и прикладная химия;Математика;Математика;«Формула Единства»/«Третье тысячелетие», Всероссийская олимпиада школьников «Высшая проба», Всесибирская открытая олимпиада школьников, Международная олимпиада «Innopolis Open», Межрегиональная олимпиада школьников имени И.Я. Верченко, Объединенная межвузовская олимпиада школьников, Олимпиада Курчатов, Олимпиада школьников «Ломоносов», Olimpiada shkolnikov «Fiztex», Олимпиада школьников Санкт-Петербургского государственного университета, Олимпиада Юношеской математической школы, Отраслевая физико-математическая олимпиада школьников «Росатом», Санкт-Петербургская олимпиада школьников, Турнир городов, Турнир имени М.В. Ломоносова;I, II;11;Победитель, призер;Математика;Максимальное количество баллов по ЕГЭ по математике
ВЫСШАЯ ШКОЛА ГОСУДАРСТВЕННОГО АДМИНИСТРИРОВАНИЯ (ФАКУЛЬТЕТ);Бизнес-информатика;Математика;Математика;Всероссийская олимпиада школьников «Высшая проба», Олимпиада школьников «Ломоносов», Олимпиада школьников Санкт-Петербургского государственного университета, Санкт-Петербургская олимпиада школьников, Турнир городов;I;11;Победитель, призер;Математика;Зачисление без вступительных испытаний
ВЫСШАЯ ШКОЛА ГОСУДАРСТВЕННОГО АДМИНИСТРИРОВАНИЯ (ФАКУЛЬТЕТ);Бизнес-информатика;Математика;Математика;«Формула Единства»/«Третье тысячелетие», Всесибирская открытая олимпиада школьников, Международная олимпиада «Innopolis Open», Межрегиональная олимпиада школьников имени И.Я. Верченко, Объединенная межвузовская олимпиада школьников, Олимпиада Курчатов, Olimpiada shkolnikov «Fiztex», Олимпиада Юношеской математической школы, Отраслевая физико-математическая олимпиада школьников «Росатом», Турнир имени М.В. Ломоносова;II;11;Победитель, призер;Математика;Максимальное количество баллов по дополнительному вступительному испытанию по математике
ВЫСШАЯ ШКОЛА ГОСУДАРСТВЕННОГО АДМИНИСТРИРОВАНИЯ (ФАКУЛЬТЕТ);Бизнес-информатика;Экономика;Экономика;Всероссийская академическая олимпиада школьников имени В.И. Вернадского, Всероссийская олимпиада школьников «Высшая проба»;I;11;Победитель, призер;Математика;Зачисление без вступительных испытаний
ВЫСШАЯ ШКОЛА ГОСУДАРСТВЕННОГО АУДИТА (ФАКУЛЬТЕТ);Юриспруденция;Обществознание;Обществознание;Всероссийская академическая олимпиада школьников имени В.И. Вернадского, Всероссийская олимпиада школьников «Высшая проба», Олимпиада школьников «Ломоносов», Олимпиада школьников Санкт-Петербургского государственного университета;I;11;Победитель;Обществознание;Зачисление без вступительных испытаний
ВЫСШАЯ ШКОЛА ГОСУДАРСТВЕННОГО АУДИТА (ФАКУЛЬТЕТ);Юриспруденция;Обществознание;Обществознание;Всероссийская академическая олимпиада школьников имени В.И. Вернадского, Всероссийская олимпиада школьников «Высшая проба», Олимпиада школьников «Ломоносов», Олимпиада школьников Санкт-Петербургского государственного университета;I;11;Призер;Обществознание;Максимальное количество баллов по дополнительному вступительному испытанию по обществознанию
ВЫСШАЯ ШКОЛА ГОСУДАРСТВЕННОГО АУДИТА (ФАКУЛЬТЕТ);Юриспруденция;Обществознание;Обществознание;Московская олимпиада школьников, Олимпиада МГИМО МИД России для школьников, Олимпиада РГГУ для школьников, Олимпиада школьников РАНХиГС при Президенте РФ;II;11;Победитель, призер;Обществознание;Максимальное количество баллов по дополнительному вступительному испытанию по обществознанию
ВЫСШАЯ ШКОЛА ГОСУДАРСТВЕННОГО АУДИТА (ФАКУЛЬТЕТ);Юриспруденция;Право;"Право; обществознание; юриспруденция";Олимпиада школьников «Ломоносов»;I;11;Победитель, призер;Обществознание;Зачисление без вступительных испытаний
ВЫСШАЯ ШКОЛА ГОСУДАРСТВЕННОГО АУДИТА (ФАКУЛЬТЕТ);Юриспруденция;Право;"Право; обществознание; юриспруденция";Всероссийская олимпиада школьников «Высшая проба», Всероссийская олимпиада школьников «Юридические высоты!», Кутафинская олимпиада школьников по праву, Межрегиональная олимпиада по праву «ФЕМИДА», Олимпиада школьников Санкт-Петербургского государственного университета, Олимпиада школьников федерального государственного бюджетного образовательного учреждения высшего образования «Всероссийский государственный университет юстиции (РПА Минюста России)» «В мир права»;I;11;Победитель;Обществознание;Зачисление без вступительных испытаний
ВЫСШАЯ ШКОЛА ГОСУДАРСТВЕННОГО АУДИТА (ФАКУЛЬТЕТ);Юриспруденция;Право;"Право; обществознание; юриспруденция";Всероссийская олимпиада школьников «Высшая проба», Всероссийская олимпиада школьников «Юридические высоты!», Кутафинская олимпиада школьников по праву, Межрегиональная олимпиада по праву «ФЕМИДА», Олимпиада школьников Санкт-Петербургского государственного университета, Олимпиада школьников федерального государственного бюджетного образовательного учреждения высшего образования «Всероссийский государственный университет юстиции (РПА Минюста России)» «В мир права»;I;11;Призер;Обществознание;Максимальное количество баллов по дополнительному вступительному испытанию по обществознанию
ВЫСШАЯ ШКОЛА ГОСУДАРСТВЕННОГО АУДИТА (ФАКУЛЬТЕТ);Юриспруденция;Право;"Право; обществознание; юриспруденция";Всероссийская олимпиада школьников «Высшая проба», Всероссийская олимпиада школьников «Юридические высоты!», Кутафинская олимпиада школьников по праву, Межрегиональная олимпиада по праву «ФЕМИДА», Олимпиада школьников Санкт-Петербургского государственного университета, Олимпиада школьников федерального государственного бюджетного образовательного учреждения высшего образования «Всероссийский государственный университет юстиции (РПА Минюста России)» «В мир права»;II;11;Победитель, призер;Обществознание;Максимальное количество баллов по дополнительному вступительному испытанию по обществознанию
ВЫСШАЯ ШКОЛА ГОСУДАРСТВЕННОГО АУДИТА (ФАКУЛЬТЕТ);Юриспруденция;Финансовая безопасность;Информатика, обществознание, экономика, информационная безопасность;Международная олимпиада по финансовой безопасности;I;11;Победитель;Обществознание;Зачисление без вступительных испытаний
ВЫСШАЯ ШКОЛА ГОСУДАРСТВЕННОГО АУДИТА (ФАКУЛЬТЕТ);Юриспруденция;Финансовая безопасность;Информатика, обществознание, экономика, информационная безопасность;Международная олимпиада по финансовой безопасности;I;11;Призер;Обществознание;Максимальное количество баллов по дополнительному вступительному испытанию по обществознанию
ВЫСШАЯ ШКОЛА ГОСУДАРСТВЕННОГО АУДИТА (ФАКУЛЬТЕТ);Юриспруденция;Гуманитарные и социальные науки;История, обществознание;Всероссийская академическая олимпиада школьников имени В.И. Вернадского, Телевизионная гуманитарная олимпиада школьников «Умницы и умники»;I;11;Победитель;Обществознание;Зачисление без вступительных испытаний
ВЫСШАЯ ШКОЛА ГОСУДАРСТВЕННОГО АУДИТА (ФАКУЛЬТЕТ);Юриспруденция;Гуманитарные и социальные науки;История, обществознание;Всероссийская академическая олимпиада школьников имени В.И. Вернадского, Телевизионная гуманитарная олимпиада школьников «Умницы и умники»;I;11;Призер;Обществознание;Максимальное количество баллов по дополнительному вступительному испытанию по обществознанию
ВЫСШАЯ ШКОЛА ГОСУДАРСТВЕННОГО АУДИТА (ФАКУЛЬТЕТ);Юриспруденция;Гуманитарные и социальные науки;История, обществознание;Олимпиада МГИМО МИД России для школьников, Олимпиада школьников Санкт-Петербургского государственного университета;II;11;Победитель, призер;Обществознание;Максимальное количество баллов по дополнительному вступительному испытанию по обществознанию
ВЫСШАЯ ШКОЛА ГОСУДАРСТВЕННОГО АУДИТА (ФАКУЛЬТЕТ);Юриспруденция;Основы российской государственности;История, обществознание;Олимпиада школьников «Ломоносов»;I;11;Победитель;Обществознание;Зачисление без вступительных испытаний
ВЫСШАЯ ШКОЛА ГОСУДАРСТВЕННОГО АУДИТА (ФАКУЛЬТЕТ);Юриспруденция;Основы российской государственности;История, обществознание;Олимпиада школьников «Ломоносов»;I;11;Призер;Обществознание;Максимальное количество баллов по дополнительному вступительному испытанию по обществознанию
ВЫСШАЯ ШКОЛА ГОСУДАРСТВЕННОГО АУДИТА (ФАКУЛЬТЕТ);Юриспруденция;История;История;Всероссийская академическая олимпиада школьников имени В.И. Вернадского, Всероссийская олимпиада школьников «Высшая проба», Олимпиада школьников «Ломоносов», Олимпиада школьников Санкт-Петербургского государственного университета;I;11;Победитель;Обществознание;Зачисление без вступительных испытаний
ВЫСШАЯ ШКОЛА ГОСУДАРСТВЕННОГО АУДИТА (ФАКУЛЬТЕТ);Юриспруденция;История;История;Всероссийская академическая олимпиада школьников имени В.И. Вернадского, Всероссийская олимпиада школьников «Высшая проба», Олимпиада школьников «Ломоносов», Олимпиада школьников Санкт-Петербургского государственного университета;I;11;Призер;Обществознание;испытаний Максимальное количество баллов по дополнительному вступительному испытанию по обществознанию
ВЫСШАЯ ШКОЛА ГОСУДАРСТВЕННОГО АУДИТА (ФАКУЛЬТЕТ);Юриспруденция;История;История;Межрегиональная олимпиада школьников «Будущие исследователи – будущее науки», Московская олимпиада школьников, Олимпиада МГИМО МИД России для школьников, Олимпиада РГГУ для школьников, Олимпиада школьников РАНХиГС при Президенте РФ, Турнир имени М.В. Ломоносова;II;11;Победитель, призер;Обществознание;испытаний Максимальное количество баллов по дополнительному вступительному испытанию по обществознанию
ВЫСШАЯ ШКОЛА ГОСУДАРСТВЕННОГО АУДИТА (ФАКУЛЬТЕТ);Юриспруденция;Политология;"История; политические науки и регионоведение";Олимпиада школьников «Ломоносов», Олимпиада школьников Санкт-Петербургского государственного университета;II;11;Победитель, призер;Обществознание;Максимальное количество баллов по дополнительному вступительному испытанию по обществознанию
ВЫСШАЯ ШКОЛА ГОСУДАРСТВЕННОГО АУДИТА (ФАКУЛЬТЕТ);Юриспруденция;Философия;"Философия, этика и религиоведение; философия, этика и религиоведение, теология, психологические науки";Всероссийская олимпиада школьников «Высшая проба», Олимпиада школьников «Ломоносов», Олимпиада школьников Санкт-Петербургского государственного университета;I, II;11;Победитель, призер;Обществознание;Максимальное количество баллов по дополнительному вступительному испытанию по обществознанию
ВЫСШАЯ ШКОЛА ГОСУДАРСТВЕННОГО АУДИТА (ФАКУЛЬТЕТ);Юриспруденция;Финансовая грамотность;Экономика;Всероссийская олимпиада школьников «Высшая проба», Всероссийская олимпиада школьников «Миссия выполнима. Твое призвание – финансист!»;I, II;11;Победитель, призер;Обществознание;Максимальное количество баллов по дополнительному вступительному испытанию по обществознанию
ВЫСШАЯ ШКОЛА ГОСУДАРСТВЕННОГО АУДИТА (ФАКУЛЬТЕТ);Юриспруденция;История;История;Всероссийская академическая олимпиада школьников имени В.И. Вернадского, Всероссийская олимпиада школьников «Высшая проба», Межрегиональная олимпиада школьников «Будущие исследователи – будущее науки», Московская олимпиада школьников, Олимпиада МГИМО МИД России для школьников, Олимпиада РГГУ для школьников, Олимпиада школьников «Ломоносов», Олимпиада школьников РАНХиГС при Президенте РФ, Олимпиада школьников Санкт-Петербургского государственного университета, Турнир имени М.В. Ломоносова;I, II;11;Победитель, призер;История;Максимальное количество баллов по ЕГЭ по истории
ВЫСШАЯ ШКОЛА ГОСУДАРСТВЕННОГО АУДИТА (ФАКУЛЬТЕТ);Экономика;Математика;Математика;«Формула Единства»/«Третье тысячелетие», Всероссийская олимпиада школьников «Высшая проба», Всесибирская открытая олимпиада школьников, Международная олимпиада «Innopolis Open», Межрегиональная олимпиада школьников имени И.Я. Верченко, Объединенная межвузовская олимпиада школьников, Олимпиада Курчатов, Олимпиада школьников «Ломоносов», Olimpiada shkolnikov «Fiztex», Олимпиада школьников Санкт-Петербургского государственного университета, Олимпиада Юношеской математической школы, Отраслевая физико-математическая олимпиада школьников «Росатом», Санкт-Петербургская олимпиада школьников, Турнир городов, Турнир имени М.В. Ломоносова;I, II;11;Победитель, призер;Математика;Максимальное количество баллов по дополнительному вступительному испытанию по математике
ВЫСШАЯ ШКОЛА ГОСУДАРСТВЕННОГО АУДИТА (ФАКУЛЬТЕТ);Экономика;Экономика;Экономика;Всероссийская академическая олимпиада школьников имени В.И. Вернадского, Всероссийская олимпиада школьников «Высшая проба»;I;11;Победитель;Математика;Зачисление без вступительных испытаний
ВЫСШАЯ ШКОЛА ГОСУДАРСТВЕННОГО АУДИТА (ФАКУЛЬТЕТ);Экономика;Экономика;Экономика;Всероссийская академическая олимпиада школьников имени В.И. Вернадского, Всероссийская олимпиада школьников «Высшая проба»;I;11;Призер;Математика;Максимальное количество баллов по дополнительному вступительному испытанию по математике
ВЫСШАЯ ШКОЛА ГОСУДАРСТВЕННОГО АУДИТА (ФАКУЛЬТЕТ);Экономика;Экономика;Экономика;Всероссийская олимпиада школьников «Миссия выполнима. Твое призвание – финансист!», Московская олимпиада школьников, Олимпиада по экономике в рамках международного экономического фестиваля школьников «Сибириада. Шаг в мечту», Олимпиада школьников Санкт-Петербургского государственного университета;II;11;Победитель, призер;Математика;Максимальное количество баллов по дополнительному вступительному испытанию по математике
ВЫСШАЯ ШКОЛА ГОСУДАРСТВЕННОГО АУДИТА (ФАКУЛЬТЕТ);Экономика;Финансовая грамотность;Экономика;Всероссийская олимпиада школьников «Высшая проба», Всероссийская олимпиада школьников «Миссия выполнима. Твое призвание – финансист!»;I, II;11;Победитель, призер;Математика;Максимальное количество баллов по дополнительному вступительному испытанию по математике
ВЫСШАЯ ШКОЛА ГОСУДАРСТВЕННОГО АУДИТА (ФАКУЛЬТЕТ);Экономика;Финансовая безопасность;Информатика, обществознание, экономика, информационная безопасность;Международная олимпиада по финансовой безопасности;I;11;Победитель, призер;Математика;Максимальное количество баллов по дополнительному вступительному испытанию по математике
ВЫСШАЯ ШКОЛА ГОСУДАРСТВЕННОГО АУДИТА (ФАКУЛЬТЕТ);Экономика;Основы бизнеса;Экономика и управление;Всероссийская олимпиада школьников «Высшая проба»;II;11;Победитель, призер;Математика;Максимальное количество баллов по дополнительному вступительному испытанию по математике
ВЫСШАЯ ШКОЛА ГОСУДАРСТВЕННОГО АУДИТА (ФАКУЛЬТЕТ);Экономика;Информатика;Информатика;Всероссийская олимпиада по искусственному интеллекту, Всероссийская олимпиада школьников «Высшая проба», Всесибирская открытая олимпиада школьников, Вузовско-академическая олимпиада по информатике, Международная олимпиада «Innopolis Open», Московская олимпиада школьников, Олимпиада школьников «Гранит науки», Олимпиада школьников «Ломоносов», Олимпиада школьников по информатике и программированию, Олимпиада школьников по программированию «ТехноКубок», Олимпиада школьников Санкт-Петербургского государственного университета, Открытая олимпиада школьников, Открытая олимпиада школьников по программированию, Открытая олимпиада школьников по программированию «Когнитивные технологии», Отраслевая физико-математическая олимпиада школьников «Росатом», Университетская олимпиада школьников «Бельчонок»;I, II;11;Победитель, призер;Математика;Максимальное количество баллов по дополнительному вступительному испытанию по математике
ВЫСШАЯ ШКОЛА ГОСУДАРСТВЕННОГО АУДИТА (ФАКУЛЬТЕТ);Экономика;Обществознание;Обществознание;Всероссийская академическая олимпиада школьников имени В.И. Вернадского, Всероссийская олимпиада школьников «Высшая проба», Московская олимпиада школьников, Олимпиада МГИМО МИД России для школьников, Олимпиада РГГУ для школьников, Олимпиада школьников «Ломоносов», Олимпиада школьников РАНХиГС при Президенте РФ, Олимпиада школьников Санкт-Петербургского государственного университета;I, II;11;Победитель, призер;Обществознание;Максимальное количество баллов по ЕГЭ по обществознанию
ВЫСШАЯ ШКОЛА ТЕЛЕВИДЕНИЯ (ФАКУЛЬТЕТ);Телевидение;Литература;Литература;Олимпиада школьников «Ломоносов», Олимпиада школьников «Покори Воробьевы горы!», Олимпиада РГГУ для школьников, Турнир имени М.В. Ломоносова;I, II;11;Победитель, призер;Литература;Максимальное количество баллов по ЕГЭ по литературе
ВЫСШАЯ ШКОЛА ТЕЛЕВИДЕНИЯ (ФАКУЛЬТЕТ);Телевидение;Филология;"Языкознание и литературоведение, литература; иностранный язык, литература, русский язык";Всероссийская олимпиада школьников «Высшая проба», Олимпиада школьников Санкт- Петербургского государственного университета;I;11;Победитель, призер;Литература;Максимальное количество баллов по ЕГЭ по литературе
ВЫСШАЯ ШКОЛА ТЕЛЕВИДЕНИЯ (ФАКУЛЬТЕТ);Телевидение;История;История;Олимпиада школьников «Ломоносов», Всероссийская олимпиада школьников «Высшая проба», Олимпиада школьников «Покори Воробьевы горы!», Московская олимпиада школьников, Турнир имени М.В. Ломоносова, Олимпиада РГГУ для школьников;I, II;11;Победитель, призер;История;Максимальное количество баллов по ЕГЭ по истории
ВЫСШАЯ ШКОЛА ТЕЛЕВИДЕНИЯ (ФАКУЛЬТЕТ);Телевидение;Гуманитарные и социальные науки;История, обществознание;Всероссийская академическая олимпиада школьников имени В.И. Вернадского, Телевизионная гуманитарная олимпиада школьников «Умницы и умники»;I;11;Победитель, призер;История;Максимальное количество баллов по ЕГЭ по истории
ВЫСШАЯ ШКОЛА СОВРЕМЕННЫХ СОЦИАЛЬНЫХ НАУК (ФАКУЛЬТЕТ);Социология;Гуманитарные и социальные науки;История, обществознание;Всероссийская академическая олимпиада школьников имени В.И. Вернадского, Телевизионная гуманитарная олимпиада школьников «Умницы и умники»;I;11;Победитель, призер;Обществознание;Зачисление без вступительных испытаний
ВЫСШАЯ ШКОЛА СОВРЕМЕННЫХ СОЦИАЛЬНЫХ НАУК (ФАКУЛЬТЕТ);Социология;Обществознание;Обществознание;Олимпиада школьников «Ломоносов», Олимпиада школьников «Покори Воробьевы горы!»;I;11;Победитель;Обществознание;Зачисление без вступительных испытаний
ВЫСШАЯ ШКОЛА СОВРЕМЕННЫХ СОЦИАЛЬНЫХ НАУК (ФАКУЛЬТЕТ);Социология;Обществознание;Обществознание;Олимпиада школьников «Ломоносов», Олимпиада школьников «Покори Воробьевы горы!»;I;11;Призер;Обществознание;Максимальное количество баллов по дополнительному вступительному испытанию по обществознанию
ВЫСШАЯ ШКОЛА СОВРЕМЕННЫХ СОЦИАЛЬНЫХ НАУК (ФАКУЛЬТЕТ);Социология;Гуманитарные и социальные науки;Средства массовой информации и информационно-библиотечное дело, политические науки и регионоведение;Телевизионная гуманитарная олимпиада школьников «Умницы и умники»;I;11;Победитель, призер;Обществознание;Максимальное количество баллов по дополнительному вступительному испытанию по обществознанию
ВЫСШАЯ ШКОЛА СОВРЕМЕННЫХ СОЦИАЛЬНЫХ НАУК (ФАКУЛЬТЕТ);Социология;Основы российской государственности;История, обществознание;Олимпиада школьников «Ломоносов»;I;11;Победитель, призер;Обществознание;Максимальное количество баллов по дополнительному вступительному испытанию по обществознанию
ВЫСШАЯ ШКОЛА СОВРЕМЕННЫХ СОЦИАЛЬНЫХ НАУК (ФАКУЛЬТЕТ);Социология;Обществознание;Обществознание;Всероссийская академическая олимпиада школьников имени В.И. Вернадского, Всероссийская олимпиада школьников «Высшая проба», Московская олимпиада школьников, Олимпиада МГИМО МИД России для школьников, Олимпиада РГГУ для школьников, Олимпиада школьников «Ломоносов», Олимпиада школьников РАНХиГС при Президенте РФ, Олимпиада школьников Санкт-Петербургского государственного университета;I, II;11;Победитель, призер;Обществознание;Максимальное количество баллов по дополнительному вступительному испытанию по обществознанию
ВЫСШАЯ ШКОЛА СОВРЕМЕННЫХ СОЦИАЛЬНЫХ НАУК (ФАКУЛЬТЕТ);Социология;Математика;Математика;«Формула Единства»/«Третье тысячелетие», Всероссийская олимпиада школьников «Высшая проба», Всесибирская открытая олимпиада школьников, Международная олимпиада «Innopolis Open», Межрегиональная олимпиада школьников имени И.Я. Верченко, Объединенная межвузовская олимпиада школьников, Олимпиада Курчатов, Олимпиада школьников «Ломоносов», Olimpiada shkolnikov «Fiztex», Олимпиада школьников Санкт-Петербургского государственного университета, Олимпиада Юношеской математической школы, Отраслевая физико-математическая олимпиада школьников «Росатом», Санкт-Петербургская олимпиада школьников, Турнир городов, Турнир имени М.В. Ломоносова;I, II;11;Победитель, призер;Математика;Максимальное количество баллов по ЕГЭ по математике
ВЫСШАЯ ШКОЛА СОВРЕМЕННЫХ СОЦИАЛЬНЫХ НАУК (ФАКУЛЬТЕТ);Социология;История;История;Всероссийская академическая олимпиада школьников имени В.И. Вернадского, Всероссийская олимпиада школьников «Высшая проба», Межрегиональная олимпиада школьников «Будущие исследователи – будущее науки», Московская олимпиада школьников, Олимпиада МГИМО МИД России для школьников, Олимпиада РГГУ для школьников, Олимпиада школьников «Ломоносов», Олимпиада школьников РАНХиГС при Президенте РФ, Олимпиада школьников Санкт-Петербургского государственного университета, Турнир имени М.В. Ломоносова;I, II;11;Победитель, призер;История;Максимальное количество баллов по ЕГЭ по истории
ВЫСШАЯ ШКОЛА СОВРЕМЕННЫХ СОЦИАЛЬНЫХ НАУК (ФАКУЛЬТЕТ);Социология;Иностранный язык;Иностранный язык;Всероссийская олимпиада школьников «Высшая проба», Герценовская олимпиада школьников, Международная олимпиада школьников «Евразийская лингвистическая олимпиада», Межрегиональная олимпиада школьников на базе ведомственных образовательных организаций, Межрегиональные предметные олимпиады ФГАОУ ВО «Казанский (Приволжский) федеральный университет», Олимпиада по экономике в рамках международного экономического фестиваля школьников «Сибириада. Шаг в мечту», Олимпиада школьников «Ломоносов», Олимпиада школьников Санкт-Петербургского государственного университета, Плехановская олимпиада школьников;I, II;11;Победитель, призер;Иностранный язык;Максимальное количество баллов по ЕГЭ по иностранному языку
ВЫСШАЯ ШКОЛА СОВРЕМЕННЫХ СОЦИАЛЬНЫХ НАУК (ФАКУЛЬТЕТ);Менеджмент;Экономика;Экономика;Всероссийская академическая олимпиада школьников имени В.И. Вернадского;I;11;Победитель, призер;Обществознание;Зачисление без вступительных испытаний
ВЫСШАЯ ШКОЛА СОВРЕМЕННЫХ СОЦИАЛЬНЫХ НАУК (ФАКУЛЬТЕТ);Менеджмент;Финансовая грамотность;Экономика;Всероссийская олимпиада школьников «Высшая проба»;I;11;Победитель, призер;Обществознание;Максимальное количество баллов по дополнительному вступительному испытанию по обществознанию
ВЫСШАЯ ШКОЛА СОВРЕМЕННЫХ СОЦИАЛЬНЫХ НАУК (ФАКУЛЬТЕТ);Менеджмент;Основы бизнеса;Экономика и управление;Всероссийская олимпиада школьников «Высшая проба»;II;11;Победитель, призер;Обществознание;Максимальное количество баллов по дополнительному вступительному испытанию по обществознанию Максимальное количество баллов
ВЫСШАЯ ШКОЛА СОВРЕМЕННЫХ СОЦИАЛЬНЫХ НАУК (ФАКУЛЬТЕТ);Менеджмент;Математика;Математика;«Формула Единства»/«Третье тысячелетие», Всероссийская олимпиада школьников «Высшая проба», Всесибирская открытая олимпиада школьников, Международная олимпиада «Innopolis Open», Межрегиональная олимпиада школьников имени И.Я. Верченко, Объединенная межвузовская олимпиада школьников, Олимпиада Курчатов, Олимпиада школьников «Ломоносов», Olimpiada shkolnikov «Fiztex», Олимпиада школьников Санкт-Петербургского государственного университета, Олимпиада Юношеской математической школы, Отраслевая физико-математическая олимпиада школьников «Росатом», Санкт-Петербургская олимпиада школьников, Турнир городов, Турнир имени М.В. Ломоносова;I, II;11;Победитель, призер;Математика;"Максимальное количество баллов по дополнительному вступительному испытанию по математике;"
ВЫСШАЯ ШКОЛА СОВРЕМЕННЫХ СОЦИАЛЬНЫХ НАУК (ФАКУЛЬТЕТ);Менеджмент;Иностранный язык;Иностранный язык;Всероссийская олимпиада школьников «Высшая проба», Герценовская олимпиада школьников, Международная олимпиада школьников «Евразийская лингвистическая олимпиада», Межрегиональная олимпиада школьников на базе ведомственных образовательных организаций, Межрегиональные предметные олимпиады ФГАОУ ВО «Казанский (Приволжский) федеральный университет», Олимпиада по экономике в рамках международного экономического фестиваля школьников «Сибириада. Шаг в мечту», Олимпиада школьников «Ломоносов», Олимпиада школьников Санкт-Петербургского государственного университета, Плехановская олимпиада школьников;I, II;11;Победитель, призер;Иностранный язык;Максимальное количество баллов по ЕГЭ по иностранному языку
ВЫСШАЯ ШКОЛА СОВРЕМЕННЫХ СОЦИАЛЬНЫХ НАУК (ФАКУЛЬТЕТ);Менеджмент;Обществознание;Обществознание;Всероссийская академическая олимпиада школьников имени В.И. Вернадского, Всероссийская олимпиада школьников «Высшая проба», Московская олимпиада школьников, Олимпиада МГИМО МИД России для школьников, Олимпиада РГГУ для школьников, Олимпиада школьников «Ломоносов», Олимпиада школьников РАНХиГС при Президенте РФ, Олимпиада школьников Санкт-Петербургского государственного университета;I, II;11;Победитель, призер;Обществознание;Максимальное количество баллов по ЕГЭ по обществознанию
ВЫСШАЯ ШКОЛА СОВРЕМЕННЫХ СОЦИАЛЬНЫХ НАУК (ФАКУЛЬТЕТ);Менеджмент;История;История;Всероссийская академическая олимпиада школьников имени В.И. Вернадского, Всероссийская олимпиада школьников «Высшая проба», Межрегиональная олимпиада школьников «Будущие исследователи – будущее науки», Московская олимпиада школьников, Олимпиада МГИМО МИД России для школьников, Олимпиада РГГУ для школьников, Олимпиада школьников «Ломоносов», Олимпиада школьников РАНХиГС при Президенте РФ, Олимпиада школьников Санкт-Петербургского государственного университета, Турнир имени М.В. Ломоносова;I, II;11;Победитель, призер;История;Максимальное количество баллов по ЕГЭ по истории
ВЫСШАЯ ШКОЛА СОВРЕМЕННЫХ СОЦИАЛЬНЫХ НАУК (ФАКУЛЬТЕТ);Менеджмент;Иформатика;Информатика;Всероссийская олимпиада по искусственному интеллекту, Всероссийская олимпиада школьников «Высшая проба», Всесибирская открытая олимпиада школьников, Вузовско-академическая олимпиада по информатике, Международная олимпиада «Innopolis Open», Московская олимпиада школьников, Олимпиада школьников «Гранит науки», Олимпиада школьников «Ломоносов», Олимпиада школьников по информатике и программированию, Олимпиада школьников по программированию «ТехноКубок», Олимпиада школьников Санкт-Петербургского государственного университета, Открытая олимпиада школьников, Открытая олимпиада школьников по программированию, Открытая олимпиада школьников по программированию «Когнитивные технологии», Отраслевая физико-математическая олимпиада школьников «Росатом», Университетская олимпиада школьников «Бельчонок»;I, II;11;Победитель, призер;Информатика;Максимальное количество баллов по ЕГЭ по информатике
ВЫСШАЯ ШКОЛА СОВРЕМЕННЫХ СОЦИАЛЬНЫХ НАУК (ФАКУЛЬТЕТ);Управление персоналом;Экономика;Экономика;Всероссийская академическая олимпиада школьников имени В.И. Вернадского;I;11;Победитель, призер;Обществознание;Зачисление без вступительных испытаний
ВЫСШАЯ ШКОЛА СОВРЕМЕННЫХ СОЦИАЛЬНЫХ НАУК (ФАКУЛЬТЕТ);Управление персоналом;Гуманитарные и социальные науки;Средства массовой информации и информационно-библиотечное дело, политические науки и регионоведение;Телевизионная гуманитарная олимпиада школьников «Умницы и умники»;I;11;Победитель, призер;Обществознание;Максимальное количество баллов по дополнительному вступительному испытанию по обществознанию
ВЫСШАЯ ШКОЛА СОВРЕМЕННЫХ СОЦИАЛЬНЫХ НАУК (ФАКУЛЬТЕТ);Управление персоналом;Основы бизнеса;Экономика и управление;Всероссийская олимпиада школьников «Высшая проба»;II;11;Победитель, призер;Обществознание;Максимальное количество баллов по дополнительному вступительному испытанию по обществознанию
ВЫСШАЯ ШКОЛА СОВРЕМЕННЫХ СОЦИАЛЬНЫХ НАУК (ФАКУЛЬТЕТ);Управление персоналом;Гуманитарные и социальные науки;История, обществознание;Всероссийская академическая олимпиада школьников имени В.И. Вернадского;I;11;Победитель, призер;Обществознание;Максимальное количество баллов по дополнительному вступительному испытанию по обществознанию
ВЫСШАЯ ШКОЛА СОВРЕМЕННЫХ СОЦИАЛЬНЫХ НАУК (ФАКУЛЬТЕТ);Управление персоналом;Финансовая грамотность;Экономика;Всероссийская олимпиада школьников «Высшая проба»;I;11;Победитель, призер;Обществознание;Максимальное количество баллов по дополнительному вступительному испытанию по обществознанию
ВЫСШАЯ ШКОЛА СОВРЕМЕННЫХ СОЦИАЛЬНЫХ НАУК (ФАКУЛЬТЕТ);Управление персоналом;Иностранный язык;Иностранный язык;Всероссийская олимпиада школьников «Высшая проба», Герценовская олимпиада школьников, Международная олимпиада школьников «Евразийская лингвистическая олимпиада», Межрегиональная олимпиада школьников на базе ведомственных образовательных организаций, Межрегиональные предметные олимпиады ФГАОУ ВО «Казанский (Приволжский) федеральный университет», Олимпиада по экономике в рамках международного экономического фестиваля школьников «Сибириада. Шаг в мечту», Олимпиада школьников «Ломоносов», Олимпиада школьников Санкт-Петербургского государственного университета, Плехановская олимпиада школьников;I, II;11;Победитель, призер;Иностранный язык;Максимальное количество баллов по ЕГЭ по иностранному языку
ВЫСШАЯ ШКОЛА СОВРЕМЕННЫХ СОЦИАЛЬНЫХ НАУК (ФАКУЛЬТЕТ);Управление персоналом;Обществознание;Обществознание;Всероссийская академическая олимпиада школьников имени В.И. Вернадского, Всероссийская олимпиада школьников «Высшая проба», Московская олимпиада школьников, Олимпиада МГИМО МИД России для школьников, Олимпиада РГГУ для школьников, Олимпиада школьников «Ломоносов», Олимпиада школьников РАНХиГС при Президенте РФ, Олимпиада школьников Санкт-Петербургского государственного университета;I, II;11;Победитель, призер;Обществознание;Максимальное количество баллов по ЕГЭ по обществознанию
ВЫСШАЯ ШКОЛА СОВРЕМЕННЫХ СОЦИАЛЬНЫХ НАУК (ФАКУЛЬТЕТ);Управление персоналом;История;История;Всероссийская академическая олимпиада школьников имени В.И. Вернадского, Всероссийская олимпиада школьников «Высшая проба», Межрегиональная олимпиада школьников «Будущие исследователи – будущее науки», Московская олимпиада школьников, Олимпиада МГИМО МИД России для школьников, Олимпиада РГГУ для школьников, Олимпиада школьников «Ломоносов», Олимпиада школьников РАНХиГС при Президенте РФ, Олимпиада школьников Санкт-Петербургского государственного университета, Турнир имени М.В. Ломоносова;I, II;11;Победитель, призер;История;Максимальное количество баллов по ЕГЭ по истории
ВЫСШАЯ ШКОЛА СОВРЕМЕННЫХ СОЦИАЛЬНЫХ НАУК (ФАКУЛЬТЕТ);Управление персоналом;Иформатика;Информатика;Всероссийская олимпиада по искусственному интеллекту, Всероссийская олимпиада школьников «Высшая проба», Всесибирская открытая олимпиада школьников, Вузовско-академическая олимпиада по информатике, Международная олимпиада «Innopolis Open», Московская олимпиада школьников, Олимпиада школьников «Гранит науки», Олимпиада школьников «Ломоносов», Олимпиада школьников по информатике и программированию, Олимпиада школьников по программированию «ТехноКубок», Олимпиада школьников Санкт-Петербургского государственного университета, Открытая олимпиада школьников, Открытая олимпиада школьников по программированию, Открытая олимпиада школьников по программированию «Когнитивные технологии», Отраслевая физико-математическая олимпиада школьников «Росатом», Университетская олимпиада школьников «Бельчонок»;I, II;11;Победитель, призер;Информатика;Максимальное количество баллов по ЕГЭ по информатике
ВЫСШАЯ ШКОЛА СОВРЕМЕННЫХ СОЦИАЛЬНЫХ НАУК (ФАКУЛЬТЕТ);Управление персоналом;Математика;Математика;«Формула Единства»/«Третье тысячелетие», Всероссийская олимпиада школьников «Высшая проба», Всесибирская открытая олимпиада школьников, Международная олимпиада «Innopolis Open», Межрегиональная олимпиада школьников имени И.Я. Верченко, Объединенная межвузовская олимпиада школьников, Олимпиада Курчатов, Олимпиада школьников «Ломоносов», Olimpiada shkolnikov «Fiztex», Олимпиада школьников Санкт-Петербургского государственного университета, Олимпиада Юношеской математической школы, Отраслевая физико-математическая олимпиада школьников «Росатом», Санкт-Петербургская олимпиада школьников, Турнир городов, Турнир имени М.В. Ломоносова;I, II;11;Победитель, призер;Математика;Максимальное количество баллов по ЕГЭ по математике
ФАКУЛЬТЕТ ПОЛИТОЛОГИИ;Политология;Международные отношения и глобалистика;История;Олимпиада школьников «Ломоносов»;I;11;Победитель;История;Зачисление без вступительных испытаний
ФАКУЛЬТЕТ ПОЛИТОЛОГИИ;Политология;Международные отношения и глобалистика;История;Олимпиада школьников «Ломоносов»;I;11;Призер;История;Максимальное количество баллов по дополнительному вступительному испытанию по истории
ФАКУЛЬТЕТ ПОЛИТОЛОГИИ;Политология;Основы российской государственности;История, обществознание;Олимпиада школьников «Ломоносов»;I;11;Победитель;История;Зачисление без вступительных испытаний
ФАКУЛЬТЕТ ПОЛИТОЛОГИИ;Политология;Основы российской государственности;История, обществознание;Олимпиада школьников «Ломоносов»;I;11;Призер;История;Максимальное количество баллов по дополнительному вступительному испытанию по истории
ФАКУЛЬТЕТ ПОЛИТОЛОГИИ;Политология;История;История;Всероссийская академическая олимпиада школьников имени В.И. Вернадского, Всероссийская олимпиада школьников «Высшая проба», Олимпиада школьников «Ломоносов», Олимпиада школьников Санкт-Петербургского государственного университета;I;11;Победитель;История;Зачисление без вступительных испытаний
ФАКУЛЬТЕТ ПОЛИТОЛОГИИ;Политология;История;История;Всероссийская академическая олимпиада школьников имени В.И. Вернадского, Всероссийская олимпиада школьников «Высшая проба», Олимпиада школьников «Ломоносов», Олимпиада школьников Санкт-Петербургского государственного университета;I;11;Призер;История;Максимальное количество баллов по дополнительному вступительному испытанию по истории
ФАКУЛЬТЕТ ПОЛИТОЛОГИИ;Политология;История;История;Межрегиональная олимпиада школьников «Будущие исследователи – будущее науки», Московская олимпиада школьников, Олимпиада МГИМО МИД России для школьников, Олимпиада РГГУ для школьников, Олимпиада школьников РАНХиГС при Президенте РФ, Турнир имени М.В. Ломоносова;II;11;Победитель, призер;История;Максимальное количество баллов по ЕГЭ по истории
ФАКУЛЬТЕТ ПОЛИТОЛОГИИ;Политология;Политология;История;Олимпиада школьников «Ломоносов», Олимпиада школьников Санкт-Петербургского государственного университета;II;11;Победитель, призер;История;Максимальное количество баллов по ЕГЭ по истории
ФАКУЛЬТЕТ ПОЛИТОЛОГИИ;Политология;Гуманитарные и социальные науки;Средства массовой информации и библиотечное дело, политические науки и регионоведение;Телевизионная гуманитарная олимпиада школьников «Умники и умницы»;I;11;Победитель, призер;Обществознание;Максимальное количество баллов по ЕГЭ по обществознанию
ФАКУЛЬТЕТ ПОЛИТОЛОГИИ;Политология;Политология;Политические науки и регионоведение;*;I;11;Победитель, призер;Обществознание;Максимальное количество баллов по ЕГЭ по обществознанию
ФАКУЛЬТЕТ ПОЛИТОЛОГИИ;Политология;Обществознание;Обществознание;Всероссийская академическая олимпиада школьников имени В.И. Вернадского, Всероссийская олимпиада школьников «Высшая проба», Московская олимпиада школьников, Олимпиада МГИМО МИД России для школьников, Олимпиада РГГУ для школьников, Олимпиада школьников «Ломоносов», Олимпиада школьников РАНХиГС при Президенте РФ, Олимпиада школьников Санкт-Петербургского государственного университета;I, II;11;Победитель, призер;Обществознание;Максимальное количество баллов по ЕГЭ по обществознанию
ФАКУЛЬТЕТ ПОЛИТОЛОГИИ;Политология;Гуманитарные и социальные науки;История и обществознание;Всероссийская академическая олимпиада школьников имени В.И. Вернадского, Олимпиада МГИМО МИД России для школьников, Олимпиада школьников Санкт-Петербургского государственного университета, Телевизионная гуманитарная олимпиада школьников «Умницы и умники»;I, II;11;Победитель, призер;Обществознание;Максимальное количество баллов по ЕГЭ по обществознанию
ФАКУЛЬТЕТ ПОЛИТОЛОГИИ;Политология;Международные отношения;Политические науки и регионоведение;Всероссийская олимпиада школьников «Высшая проба», Олимпиада школьников Санкт-Петербургского государственного университета;II;11;Победитель, призер;Обществознание;Максимальное количество баллов по ЕГЭ по обществознанию
ФАКУЛЬТЕТ ПОЛИТОЛОГИИ;Политология;География;География;Всероссийская олимпиада школьников «Высшая проба», Герценовская олимпиада школьников, Многопредметная олимпиада «Юные таланты», Московская олимпиада школьников, Олимпиада школьников «Покори Воробьевы горы!», Олимпиада школьников СПбГУ, Открытая олимпиада «45 параллель»;I, II;11;Победитель, призер;География;Максимальное количество баллов по ЕГЭ по географии
ФАКУЛЬТЕТ ПОЛИТОЛОГИИ;Политология;Иностранный язык;Иностранный язык;Всероссийская олимпиада школьников «Высшая проба», Герценовская олимпиада школьников, Международная олимпиада школьников «Евразийская лингвистическая олимпиада», Межрегиональная олимпиада школьников на базе ведомственных образовательных организаций, Межрегиональные предметные олимпиады ФГАОУ ВО «Казанский (Приволжский) Федеральный университет», Олимпиада РГГУ для школьников, Олимпиада школьников «Ломоносов», Олимпиада школьников СПбГУ, Плехановская олимпиада школьников;I, II;11;Победитель, призер;Иностранный язык;Максимальное количество баллов по ЕГЭ по иностранному языку
ФАКУЛЬТЕТ ПОЛИТОЛОГИИ;Конфликтология;Обществознание;Обществознание;Всероссийская академическая олимпиада школьников имени В.И. Вернадского, Всероссийская олимпиада школьников «Высшая проба», Олимпиада школьников «Ломоносов», Олимпиада школьников Санкт-Петербургского государственного университета;I;11;Победитель;Обществознание;Зачисление без вступительных испытаний
ФАКУЛЬТЕТ ПОЛИТОЛОГИИ;Конфликтология;Обществознание;Обществознание;Всероссийская академическая олимпиада школьников имени В.И. Вернадского, Всероссийская олимпиада школьников «Высшая проба», Олимпиада школьников «Ломоносов», Олимпиада школьников Санкт-Петербургского государственного университета;I;11;Призер;Обществознание;Максимальное количество баллов по дополнительному вступительному испытанию по обществознанию
ФАКУЛЬТЕТ ПОЛИТОЛОГИИ;Конфликтология;Обществознание;Обществознание;Московская олимпиада школьников, Олимпиада МГИМО МИД России для школьников, Олимпиада РГГУ для школьников, Олимпиада школьников РАНХиГС при Президенте РФ;II;11;Победитель, призер;Обществознание;Максимальное количество баллов по ЕГЭ по обществознанию
ФАКУЛЬТЕТ ПОЛИТОЛОГИИ;Конфликтология;Политология;Политические науки и регионоведение;Олимпиада школьников СПбГУ;I;11;Победитель;Обществознание;Зачисление без вступительных испытаний
ФАКУЛЬТЕТ ПОЛИТОЛОГИИ;Конфликтология;Политология;Политические науки и регионоведение;Олимпиада школьников СПбГУ;I;11;Призер;Обществознание;Максимальное количество баллов по дополнительному вступительному испытанию по обществознанию
ФАКУЛЬТЕТ ПОЛИТОЛОГИИ;Конфликтология;Гуманитарные и социальные науки;Средства массовой информации и библиотечное дело, политические науки и регионоведение;Телевизионная гуманитарная олимпиада школьников «Умники и умницы»;I;11;Победитель;Обществознание;Зачисление без вступительных испытаний
ФАКУЛЬТЕТ ПОЛИТОЛОГИИ;Конфликтология;Гуманитарные и социальные науки;Средства массовой информации и библиотечное дело, политические науки и регионоведение;Телевизионная гуманитарная олимпиада школьников «Умники и умницы»;I;11;Призер;Обществознание;Максимальное количество баллов по дополнительному вступительному испытанию по обществознанию
ФАКУЛЬТЕТ ПОЛИТОЛОГИИ;Конфликтология;Гуманитарные и социальные науки;История и обществознание;Всероссийская академическая олимпиада школьников имени В.И. Вернадского, Телевизионная гуманитарная олимпиада школьников «Умницы и умники»;I;11;Победитель;Обществознание;Зачисление без вступительных испытаний
ФАКУЛЬТЕТ ПОЛИТОЛОГИИ;Конфликтология;Гуманитарные и социальные науки;История и обществознание;Всероссийская академическая олимпиада школьников имени В.И. Вернадского, Телевизионная гуманитарная олимпиада школьников «Умницы и умники»;I;11;Призер;Обществознание;Максимальное количество баллов по дополнительному вступительному испытанию по обществознанию
ФАКУЛЬТЕТ ПОЛИТОЛОГИИ;Конфликтология;Гуманитарные и социальные науки;История и обществознание;Олимпиада МГИМО МИД России для школьников, Олимпиада школьников Санкт-Петербургского государственного университета;II;11;Победитель, призер;Обществознание;Максимальное количество баллов по ЕГЭ по обществознанию
ФАКУЛЬТЕТ ПОЛИТОЛОГИИ;Конфликтология;Международные отношения;Политические науки и регионоведение;Всероссийская олимпиада школьников «Высшая проба», Олимпиада школьников Санкт-Петербургского государственного университета;II;11;Победитель, призер;Обществознание;Максимальное количество баллов по ЕГЭ по обществознанию
ФАКУЛЬТЕТ ПОЛИТОЛОГИИ;Конфликтология;Основы российской государственности;История, обществознание;Олимпиада школьников «Ломоносов»;I;11;Победитель, призер;История;Максимальное количество баллов по ЕГЭ по истории
ФАКУЛЬТЕТ ПОЛИТОЛОГИИ;Конфликтология;Международные отношения и глобалистика;История;Олимпиада школьников «Ломоносов»;I;11;Победитель, призер;История;Максимальное количество баллов по ЕГЭ по истории
ФАКУЛЬТЕТ ПОЛИТОЛОГИИ;Конфликтология;История;История;Всероссийская академическая олимпиада школьников имени В.И. Вернадского, Всероссийская олимпиада школьников «Высшая проба», Межрегиональная олимпиада школьников «Будущие исследователи – будущее науки», Московская олимпиада школьников, Олимпиада МГИМО МИД России для школьников, Олимпиада РГГУ для школьников, Олимпиада школьников «Ломоносов», Олимпиада школьников РАНХиГС при Президенте РФ, Олимпиада школьников Санкт-Петербургского государственного университета, Турнир имени М.В. Ломоносова;I, II;11;Победитель, призер;История;Максимальное количество баллов по ЕГЭ по истории
ФАКУЛЬТЕТ ПОЛИТОЛОГИИ;Конфликтология;Политология;История;Олимпиада школьников «Ломоносов»;II;11;Победитель, призер;История;Максимальное количество баллов по ЕГЭ по истории
ФАКУЛЬТЕТ ПОЛИТОЛОГИИ;Конфликтология;Математика;Математика;«Формула Единства»/«Третье тысячелетие», Всероссийская олимпиада школьников «Высшая проба», Всесибирская открытая олимпиада школьников, Международная олимпиада «Innopolis Open», Межрегиональная олимпиада школьников имени И.Я. Верченко, Объединенная межвузовская олимпиада школьников, Олимпиада Курчатов, Олимпиада школьников «Ломоносов», Olimpiada shkolnikov «Fiztex», Олимпиада школьников Санкт-Петербургского государственного университета, Олимпиада Юношеской математической школы, Отраслевая физико-математическая олимпиада школьников «Росатом», Санкт-Петербургская олимпиада школьников, Турнир городов, Турнир имени М.В. Ломоносова;I, II;11;Победитель, призер;Математика;Максимальное количество баллов по ЕГЭ по математике
ФАКУЛЬТЕТ ПОЛИТОЛОГИИ;Конфликтология;Вероятность и статистика;Математика;Московская олимпиада школьников;II;11;Победитель, призер;Математика;Максимальное количество баллов по ЕГЭ по математике
ФАКУЛЬТЕТ ПОЛИТОЛОГИИ;Конфликтология;Биология;Биология;Всероссийская олимпиада по агрогенетике для школьников старших классов «Иннагрика», Всероссийская олимпиада школьников «Высшая проба», Всероссийская Сеченовская олимпиада школьников, Всесибирская открытая олимпиада школьников, Межрегиональная олимпиада школьников «Будущие исследователи – будущее науки», Олимпиада школьников «Ломоносов», Olimpiada shkolnikov «Fiztex», Олимпиада школьников Санкт-Петербургского государственного университета, Турнир имени М.В. Ломоносова;I, II;11;Победитель, призер;Биология;Максимальное количество баллов по ЕГЭ по биологии
ВЫСШАЯ ШКОЛА КУЛЬТУРНОЙ ПОЛИТИКИ И УПРАВЛЕНИЯ В ГУМАНИТАРНОЙ СФЕРЕ (ФАКУЛЬТЕТ);Продюсерство;История искусств;Искусство;Московская олимпиада школьников Олимпиада школьников;I;11;Победитель, призер;Литература;Максимальное количество баллов по дополнительному вступительному испытанию творческой направленности по специальности «Продюсерство»
ВЫСШАЯ ШКОЛА КУЛЬТУРНОЙ ПОЛИТИКИ И УПРАВЛЕНИЯ В ГУМАНИТАРНОЙ СФЕРЕ (ФАКУЛЬТЕТ);Продюсерство;Литература;Литература;Олимпиада школьников «Ломоносов», Олимпиада школьников «Покори Воробьевы горы!»;I;11;Победитель, призер;Литература;Максимальное количество баллов по ЕГЭ по литературе
ВЫСШАЯ ШКОЛА КУЛЬТУРНОЙ ПОЛИТИКИ И УПРАВЛЕНИЯ В ГУМАНИТАРНОЙ СФЕРЕ (ФАКУЛЬТЕТ);Продюсерство;Филология;Иностранный язык, литература, русский язык;Олимпиада шгокроыль!»ников Санкт- Петербургского государственного университета;I;11;Победитель, призер;Литература;Максимальное количество баллов по ЕГЭ по литературе
ВЫСШАЯ ШКОЛА КУЛЬТУРНОЙ ПОЛИТИКИ И УПРАВЛЕНИЯ В ГУМАНИТАРНОЙ СФЕРЕ (ФАКУЛЬТЕТ);Продюсерство;Иностранный язык;Иностранный язык;Олимпиада школьников «Ломоносов», Олимпиада школьников «Покори Воробьевы горы!», Олимпиада школьников Санкт-Петербургского государственного университета;I;11;Победитель, призер;Иностранный язык;Максимальное количество баллов по ЕГЭ по иностранному языку
ВЫСШАЯ ШКОЛА КУЛЬТУРНОЙ ПОЛИТИКИ И УПРАВЛЕНИЯ В ГУМАНИТАРНОЙ СФЕРЕ (ФАКУЛЬТЕТ);Продюсерство;Физика;Физика;Всероссийская олимпиада школьников «Высшая проба», Всесибирская открытая олимпиада школьников, Городская открытая олимпиада школьников по физике, Инженерная олимпиада школьников, Интернет-олимпиада школьников по физике, Московская олимпиада школьников, Олимпиада школьников «Ломоносов», Олимпиада школьников «Покори Воробьевы горы!», Olimpiada shkolnikov «Fiztex», Олимпиада школьников «Шаг в будущее», Олимпиада школьников Санкт-Петербургского государственного университета, Открытая межвузовская олимпиада школьников Сибирского федерального округа «Будущее Сибири», Отраслевая физико-математическая олимпиада школьников «Росатом», Санкт-Петербургская астрономическая олимпиада, Твой путь в настоящую науку, Турнир имени М.В. Ломоносова;I, II;11;Победитель, призер;Физика;Максимальное количество баллов по ЕГЭ по физике
ВЫСШАЯ ШКОЛА КУЛЬТУРНОЙ ПОЛИТИКИ И УПРАВЛЕНИЯ В ГУМАНИТАРНОЙ СФЕРЕ (ФАКУЛЬТЕТ);Продюсерство;Информатика;Информатика;Всероссийская олимпиада по искусственному интеллекту, Всероссийская олимпиада школьников «Высшая проба», Всесибирская открытая олимпиада школьников, Вузовско-академическая олимпиада по информатике, Международная олимпиада «Innopolis Open», Московская олимпиада школьников, Олимпиада школьников «Гранит науки», Олимпиада школьников «Ломоносов», Олимпиада школьников по информатике и программированию, Олимпиада школьников по программированию «ТехноКубок», Олимпиада школьников Санкт-Петербургского государственного университета, Открытая олимпиада школьников, Открытая олимпиада школьников по программированию, Открытая олимпиада школьников по программированию «Когнитивные технологии», Отраслевая физико-математическая олимпиада школьников «Росатом», Университетская олимпиада школьников «Бельчонок»;I, II;11;Победитель, призер;Информатика;Максимальное количество баллов по ЕГЭ по истории
ВЫСШАЯ ШКОЛА КУЛЬТУРНОЙ ПОЛИТИКИ И УПРАВЛЕНИЯ В ГУМАНИТАРНОЙ СФЕРЕ (ФАКУЛЬТЕТ);"Менеджмент (профиль ""Менеджмент в культуре"")";Иностранный язык;Иностранный язык;Олимпиада школьников «Ломоносов», Олимпиада школьников «Покори Воробьевы горы!», Олимпиада школьников Санкт-Петербургского государственного университета;I;11;Победитель, призер;Иностранный язык;Максимальное количество баллов по ЕГЭ по иностранному языку
ВЫСШАЯ ШКОЛА КУЛЬТУРНОЙ ПОЛИТИКИ И УПРАВЛЕНИЯ В ГУМАНИТАРНОЙ СФЕРЕ (ФАКУЛЬТЕТ);"Менеджмент (профиль ""Менеджмент в культуре"")";История;История;Всероссийская академическая олимпиада школьников имени В.И. Вернадского, Всероссийская олимпиада школьников «Высшая проба», Межрегиональная олимпиада школьников «Будущие исследователи – будущее науки», Московская олимпиада школьников, Олимпиада МГИМО МИД России для школьников, Олимпиада РГГУ для школьников, Олимпиада школьников «Ломоносов», Олимпиада школьников РАНХиГС при Президенте РФ, Олимпиада школьников Санкт-Петербургского государственного университета, Турнир имени М.В. Ломоносова;I, II;11;Победитель, призер;История;Максимальное количество баллов по ЕГЭ по истории
ВЫСШАЯ ШКОЛА КУЛЬТУРНОЙ ПОЛИТИКИ И УПРАВЛЕНИЯ В ГУМАНИТАРНОЙ СФЕРЕ (ФАКУЛЬТЕТ);"Менеджмент (профиль ""Менеджмент в культуре"")";Информатика;Информатика;Всероссийская олимпиада по искусственному интеллекту, Всероссийская олимпиада школьников «Высшая проба», Всесибирская открытая олимпиада школьников, Вузовско-академическая олимпиада по информатике, Международная олимпиада «Innopolis Open», Московская олимпиада школьников, Олимпиада школьников «Гранит науки», Олимпиада школьников «Ломоносов», Олимпиада школьников по информатике и программированию, Олимпиада школьников по программированию «ТехноКубок», Олимпиада школьников Санкт-Петербургского государственного университета, Открытая олимпиада школьников, Открытая олимпиада школьников по программированию, Открытая олимпиада школьников по программированию «Когнитивные технологии», Отраслевая физико-математическая олимпиада школьников «Росатом», Университетская олимпиада школьников «Бельчонок»;I, II;11;Победитель, призер;Информатика;Максимальное количество баллов по ЕГЭ по информатике
ВЫСШАЯ ШКОЛА КУЛЬТУРНОЙ ПОЛИТИКИ И УПРАВЛЕНИЯ В ГУМАНИТАРНОЙ СФЕРЕ (ФАКУЛЬТЕТ);"Менеджмент (профиль ""Менеджмент в культуре"")";Обществознание;Обществознание;Всероссийская академическая олимпиада школьников имени В.И. Вернадского, Всероссийская олимпиада школьников «Высшая проба», Олимпиада школьников «Ломоносов», Олимпиада школьников Санкт-Петербургского государственного университета;I;11;Победитель, призер;Обществознание;Максимальное количество баллов по ЕГЭ по обществознанию
ВЫСШАЯ ШКОЛА КУЛЬТУРНОЙ ПОЛИТИКИ И УПРАВЛЕНИЯ В ГУМАНИТАРНОЙ СФЕРЕ (ФАКУЛЬТЕТ);"Менеджмент (профиль ""Менеджмент в спорте"")";Обществознание;Обществознание;Всероссийская академическая олимпиада школьников имени В.И. Вернадского, Всероссийская олимпиада школьников «Высшая проба», Олимпиада школьников «Ломоносов», Олимпиада школьников Санкт-Петербургского государственного университета;I;11;Победитель, призер;Обществознание;Максимальное количество баллов по ЕГЭ по обществознанию
ВЫСШАЯ ШКОЛА КУЛЬТУРНОЙ ПОЛИТИКИ И УПРАВЛЕНИЯ В ГУМАНИТАРНОЙ СФЕРЕ (ФАКУЛЬТЕТ);"Менеджмент (профиль ""Менеджмент в спорте"")";Иностранный язык;Иностранный язык;Олимпиада школьников «Ломоносов», Олимпиада школьников «Покори Воробьевы горы!», Олимпиада школьников Санкт-Петербургского государственного университета;I;11;Победитель, призер;Иностранный язык;Максимальное количество баллов по ЕГЭ по иностранному языку
ВЫСШАЯ ШКОЛА КУЛЬТУРНОЙ ПОЛИТИКИ И УПРАВЛЕНИЯ В ГУМАНИТАРНОЙ СФЕРЕ (ФАКУЛЬТЕТ);"Менеджмент (профиль ""Менеджмент в спорте"")";История;История;Всероссийская академическая олимпиада школьников имени В.И. Вернадского, Всероссийская олимпиада школьников «Высшая проба», Межрегиональная олимпиада школьников «Будущие исследователи – будущее науки», Московская олимпиада школьников, Олимпиада МГИМО МИД России для школьников, Олимпиада РГГУ для школьников, Олимпиада школьников «Ломоносов», Олимпиада школьников РАНХиГС при Президенте РФ, Олимпиада школьников Санкт-Петербургского государственного университета, Турнир имени М.В. Ломоносова;I, II;11;Победитель, призер;История;Максимальное количество баллов по ЕГЭ по истории
ВЫСШАЯ ШКОЛА КУЛЬТУРНОЙ ПОЛИТИКИ И УПРАВЛЕНИЯ В ГУМАНИТАРНОЙ СФЕРЕ (ФАКУЛЬТЕТ);"Менеджмент (профиль ""Менеджмент в спорте"")";Информатика;Информатика;Всероссийская олимпиада по искусственному интеллекту, Всероссийская олимпиада школьников «Высшая проба», Всесибирская открытая олимпиада школьников, Вузовско-академическая олимпиада по информатике, Международная олимпиада «Innopolis Open», Московская олимпиада школьников, Олимпиада школьников «Гранит науки», Олимпиада школьников «Ломоносов», Олимпиада школьников по информатике и программированию, Олимпиада школьников по программированию «ТехноКубок», Олимпиада школьников Санкт-Петербургского государственного университета, Открытая олимпиада школьников, Открытая олимпиада школьников по программированию, Открытая олимпиада школьников по программированию «Когнитивные технологии», Отраслевая физико-математическая олимпиада школьников «Росатом», Университетская олимпиада школьников «Бельчонок»;I, II;11;Победитель, призер;Информатика;Максимальное количество баллов по ЕГЭ по информатике
ВЫСШАЯ ШКОЛА КУЛЬТУРНОЙ ПОЛИТИКИ И УПРАВЛЕНИЯ В ГУМАНИТАРНОЙ СФЕРЕ (ФАКУЛЬТЕТ);"Менеджмент (профиль ""Музейный и галерейный менеджмент"")";Иностранный язык;Иностранный язык;Олимпиада школьников «Ломоносов», Олимпиада школьников «Покори Воробьевы горы!», Олимпиада школьников Санкт-Петербургского государственного университета;I;11;Победитель, призер;Иностранный язык;Максимальное количество баллов по ЕГЭ по иностранному языку
ВЫСШАЯ ШКОЛА КУЛЬТУРНОЙ ПОЛИТИКИ И УПРАВЛЕНИЯ В ГУМАНИТАРНОЙ СФЕРЕ (ФАКУЛЬТЕТ);"Менеджмент (профиль ""Музейный и галерейный менеджмент"")";Обществознание;Обществознание;Всероссийская академическая олимпиада школьников имени В.И. Вернадского, Всероссийская олимпиада школьников «Высшая проба», Олимпиада школьников «Ломоносов», Олимпиада школьников Санкт-Петербургского государственного университета;I;11;Победитель, призер;Обществознание;Максимальное количество баллов по ЕГЭ по обществознанию
ВЫСШАЯ ШКОЛА КУЛЬТУРНОЙ ПОЛИТИКИ И УПРАВЛЕНИЯ В ГУМАНИТАРНОЙ СФЕРЕ (ФАКУЛЬТЕТ);"Менеджмент (профиль ""Музейный и галерейный менеджмент"")";История;История;Всероссийская академическая олимпиада школьников имени В.И. Вернадского, Всероссийская олимпиада школьников «Высшая проба», Межрегиональная олимпиада школьников «Будущие исследователи – будущее науки», Московская олимпиада школьников, Олимпиада МГИМО МИД России для школьников, Олимпиада РГГУ для школьников, Олимпиада школьников «Ломоносов», Олимпиада школьников РАНХиГС при Президенте РФ, Олимпиада школьников Санкт-Петербургского государственного университета, Турнир имени М.В. Ломоносова;I, II;11;Победитель, призер;История;Максимальное количество баллов по ЕГЭ по истории
ВЫСШАЯ ШКОЛА КУЛЬТУРНОЙ ПОЛИТИКИ И УПРАВЛЕНИЯ В ГУМАНИТАРНОЙ СФЕРЕ (ФАКУЛЬТЕТ);"Менеджмент (профиль ""Музейный и галерейный менеджмент"")";Информатика;Информатика;Всероссийская олимпиада по искусственному интеллекту, Всероссийская олимпиада школьников «Высшая проба», Всесибирская открытая олимпиада школьников, Вузовско-академическая олимпиада по информатике, Международная олимпиада «Innopolis Open», Московская олимпиада школьников, Олимпиада школьников «Гранит науки», Олимпиада школьников «Ломоносов», Олимпиада школьников по информатике и программированию, Олимпиада школьников по программированию «ТехноКубок», Олимпиада школьников Санкт-Петербургского государственного университета, Открытая олимпиада школьников, Открытая олимпиада школьников по программированию, Открытая олимпиада школьников по программированию «Когнитивные технологии», Отраслевая физико-математическая олимпиада школьников «Росатом», Университетская олимпиада школьников «Бельчонок»;I, II;11;Победитель, призер;Информатика;Максимальное количество баллов по ЕГЭ по информатике
ВЫСШАЯ ШКОЛА КУЛЬТУРНОЙ ПОЛИТИКИ И УПРАВЛЕНИЯ В ГУМАНИТАРНОЙ СФЕРЕ (ФАКУЛЬТЕТ);"Менеджмент (профиль "" Менеджмент и маркетинг в сфере культуры и культурный туризм"")";Обществознание;Обществознание;Всероссийская академическая олимпиада школьников имени В.И. Вернадского, Всероссийская олимпиада школьников «Высшая проба», Олимпиада школьников «Ломоносов», Олимпиада школьников Санкт-Петербургского государственного университета;I;11;Победитель, призер;Обществознание;Максимальное количество баллов по ЕГЭ по обществознанию
ВЫСШАЯ ШКОЛА КУЛЬТУРНОЙ ПОЛИТИКИ И УПРАВЛЕНИЯ В ГУМАНИТАРНОЙ СФЕРЕ (ФАКУЛЬТЕТ);"Менеджмент (профиль "" Менеджмент и маркетинг в сфере культуры и культурный туризм"")";Иностранный язык;Иностранный язык;Олимпиада школьников «Ломоносов», Олимпиада школьников «Покори Воробьевы горы!», Олимпиада школьников Санкт-Петербургского государственного университета;I;11;Победитель, призер;Иностранный язык;Максимальное количество баллов по ЕГЭ по иностранному языку
ВЫСШАЯ ШКОЛА КУЛЬТУРНОЙ ПОЛИТИКИ И УПРАВЛЕНИЯ В ГУМАНИТАРНОЙ СФЕРЕ (ФАКУЛЬТЕТ);"Менеджмент (профиль "" Менеджмент и маркетинг в сфере культуры и культурный туризм"")";История;История;Всероссийская академическая олимпиада школьников имени В.И. Вернадского, Всероссийская олимпиада школьников «Высшая проба», Межрегиональная олимпиада школьников «Будущие исследователи – будущее науки», Московская олимпиада школьников, Олимпиада МГИМО МИД России для школьников, Олимпиада РГГУ для школьников, Олимпиада школьников «Ломоносов», Олимпиада школьников РАНХиГС при Президенте РФ, Олимпиада школьников Санкт-Петербургского государственного университета, Турнир имени М.В. Ломоносова;I, II;11;Победитель, призер;История;Максимальное количество баллов по ЕГЭ по истории
ВЫСШАЯ ШКОЛА КУЛЬТУРНОЙ ПОЛИТИКИ И УПРАВЛЕНИЯ В ГУМАНИТАРНОЙ СФЕРЕ (ФАКУЛЬТЕТ);"Менеджмент (профиль "" Менеджмент и маркетинг в сфере культуры и культурный туризм"")";Информатика;Информатика;Всероссийская олимпиада по искусственному интеллекту, Всероссийская олимпиада школьников «Высшая проба», Всесибирская открытая олимпиада школьников, Вузовско-академическая олимпиада по информатике, Международная олимпиада «Innopolis Open», Московская олимпиада школьников, Олимпиада школьников «Гранит науки», Олимпиада школьников «Ломоносов», Олимпиада школьников по информатике и программированию, Олимпиада школьников по программированию «ТехноКубок», Олимпиада школьников Санкт-Петербургского государственного университета, Открытая олимпиада школьников, Открытая олимпиада школьников по программированию, Открытая олимпиада школьников по программированию «Когнитивные технологии», Отраслевая физико-математическая олимпиада школьников «Росатом», Университетская олимпиада школьников «Бельчонок»;I, II;11;Победитель, призер;Информатика;Максимальное количество баллов по ЕГЭ по информатике
ФАКУЛЬТЕТ ГОСУДАРСТВЕННОГО УПРАВЛЕНИЯ;Государственное и муниципальное управление;Математика;Математика;Всероссийская олимпиада школьников «Высшая проба», Олимпиада школьников «Ломоносов», Олимпиада школьников Санкт-Петербургского государственного университета, Санкт-Петербургская олимпиада школьников, Турнир городов;I;11;Победитель, призер;Математика;Максимальное количество баллов по ЕГЭ по математике
ФАКУЛЬТЕТ ГОСУДАРСТВЕННОГО УПРАВЛЕНИЯ;Государственное и муниципальное управление;Обществознание;Обществознание;Всероссийская академическая олимпиада школьников имени В.И. Вернадского, Всероссийская олимпиада школьников «Высшая проба», Олимпиада школьников «Ломоносов», Олимпиада школьников Санкт-Петербургского государственного университета;I;11;Победитель, призер;Обществознание;Максимальное количество баллов по ЕГЭ по обществознанию
ФАКУЛЬТЕТ ГОСУДАРСТВЕННОГО УПРАВЛЕНИЯ;Государственное и муниципальное управление;Основы российской государственности;Обществознание;Олимпиада школьников «Ломоносов»;I;11;Победитель, призер;Обществознание;Максимальное количество баллов по ЕГЭ по обществознанию
ФАКУЛЬТЕТ ГОСУДАРСТВЕННОГО УПРАВЛЕНИЯ;Государственное и муниципальное управление;Иностранный язык;Иностранный язык;Всероссийская олимпиада школьников «Высшая проба», Олимпиада школьников «Ломоносов», Олимпиада школьников Санкт-Петербургского государственного университета;I;11;Победитель, призер;Иностранный язык;Максимальное количество баллов по ЕГЭ по иностранному языку
ФАКУЛЬТЕТ ГОСУДАРСТВЕННОГО УПРАВЛЕНИЯ;Менеджмент;Математика;Математика;Всероссийская олимпиада школьников «Высшая проба», Олимпиада школьников «Ломоносов», Олимпиада школьников Санкт-Петербургского государственного университета, Санкт-Петербургская олимпиада школьников, Турнир городов;I;11;Победитель, призер;Математика;Максимальное количество баллов по ЕГЭ по математике
ФАКУЛЬТЕТ ГОСУДАРСТВЕННОГО УПРАВЛЕНИЯ;Менеджмент;Обществознание;Обществознание;Всероссийская академическая олимпиада школьников имени В.И. Вернадского, Всероссийская олимпиада школьников «Высшая проба», Олимпиада школьников «Ломоносов», Олимпиада школьников Санкт-Петербургского государственного университета;I;11;Победитель, призер;Обществознание;Максимальное количество баллов по ЕГЭ по обществознанию
ФАКУЛЬТЕТ ГОСУДАРСТВЕННОГО УПРАВЛЕНИЯ;Менеджмент;Основы российской государственности;Обществознание;Олимпиада школьников «Ломоносов»;I;11;Победитель, призер;Обществознание;Максимальное количество баллов по ЕГЭ по обществознанию
ФАКУЛЬТЕТ ГОСУДАРСТВЕННОГО УПРАВЛЕНИЯ;Менеджмент;Иностранный язык;Иностранный язык;Всероссийская олимпиада школьников «Высшая проба», Олимпиада школьников «Ломоносов», Олимпиада школьников Санкт-Петербургского государственного университета;I;11;Победитель, призер;Иностранный язык;Максимальное количество баллов по ЕГЭ по иностранному языку
ФАКУЛЬТЕТ ГОСУДАРСТВЕННОГО УПРАВЛЕНИЯ;Управление персоналом;Математика;Математика;Всероссийская олимпиада школьников «Высшая проба», Олимпиада школьников «Ломоносов», Олимпиада школьников Санкт-Петербургского государственного университета, Санкт-Петербургская олимпиада школьников, Турнир городов;I;11;Победитель, призер;Математика;Максимальное количество баллов по ЕГЭ по математике
ФАКУЛЬТЕТ ГОСУДАРСТВЕННОГО УПРАВЛЕНИЯ;Управление персоналом;Обществознание;Обществознание;Всероссийская академическая олимпиада школьников имени В.И. Вернадского, Всероссийская олимпиада школьников «Высшая проба», Олимпиада школьников «Ломоносов», Олимпиада школьников Санкт-Петербургского государственного университета;I;11;Победитель, призер;Обществознание;Максимальное количество баллов по ЕГЭ по обществознанию
ФАКУЛЬТЕТ ГОСУДАРСТВЕННОГО УПРАВЛЕНИЯ;Управление персоналом;Основы российской государственности;Обществознание;Олимпиада школьников «Ломоносов»;I;11;Победитель, призер;Обществознание;Максимальное количество баллов по ЕГЭ по обществознанию
ФАКУЛЬТЕТ ГОСУДАРСТВЕННОГО УПРАВЛЕНИЯ;Управление персоналом;Иностранный язык;Иностранный язык;Всероссийская олимпиада школьников «Высшая проба», Олимпиада школьников «Ломоносов», Олимпиада школьников Санкт-Петербургского государственного университета;I;11;Победитель, призер;Иностранный язык;Максимальное количество баллов по ЕГЭ по иностранному языку
ФАКУЛЬТЕТ ГОСУДАРСТВЕННОГО УПРАВЛЕНИЯ;Политология;Обществознание;Обществознание;Всероссийская академическая олимпиада школьников имени В.И. Вернадского, Всероссийская олимпиада школьников «Высшая проба», Олимпиада школьников «Ломоносов», Олимпиада школьников Санкт-Петербургского государственного университета;I;11;Победитель, призер;Обществознание;Максимальное количество баллов по ЕГЭ по обществознанию
ФАКУЛЬТЕТ ГОСУДАРСТВЕННОГО УПРАВЛЕНИЯ;Политология;Основы российской государственности;Обществознание;Олимпиада школьников «Ломоносов»;I;11;Победитель, призер;Обществознание;Максимальное количество баллов по ЕГЭ по обществознанию
ФАКУЛЬТЕТ ГОСУДАРСТВЕННОГО УПРАВЛЕНИЯ;Политология;География;География;Многопредметная олимпиада «Юные таланты», Олимпиада школьников «Ломоносов», Олимпиада школьников Санкт-Петербургского государственного университета;I;10, 11;Победитель, призер;География;Максимальное количество баллов по ЕГЭ по географии
ФАКУЛЬТЕТ ГОСУДАРСТВЕННОГО УПРАВЛЕНИЯ;Политология;Иностранный язык;Иностранный язык;Всероссийская олимпиада школьников «Высшая проба», Олимпиада школьников «Ломоносов», Олимпиада школьников Санкт-Петербургского государственного университета;I;11;Победитель, призер;Иностранный язык;Максимальное количество баллов по ЕГЭ по иностранному языку
ФАКУЛЬТЕТ ГОСУДАРСТВЕННОГО УПРАВЛЕНИЯ;Политология;История;История;Всероссийская академическая олимпиада школьников имени В.И. Вернадского, Всероссийская олимпиада школьников «Высшая проба», Олимпиада школьников «Ломоносов», Олимпиада школьников Санкт-Петербургского государственного университета;I;11;Победитель, призер;История;Максимальное количество баллов по ЕГЭ по истории
ФАКУЛЬТЕТ ГОСУДАРСТВЕННОГО УПРАВЛЕНИЯ;Политология;Основы российской государственности;История;Олимпиада школьников «Ломоносов»;I;11;Победитель, призер;История;Максимальное количество баллов по ЕГЭ по истории
ВЫСШАЯ ШКОЛА БИЗНЕСА (ФАКУЛЬТЕТ);Менеджмент (профиль «Управление бизнесом и предпринимательство»);Математика;Математика;Всероссийская олимпиада школьников «Высшая проба», Московская олимпиада школьников, Олимпиада школьников «Ломоносов», Олимпиада школьников «Покори Воробьевы горы!», Турнир городов,Санкт- Петербургская олимпиада школьников, «Формула единства»/ «Третье тысячелетие», Всесибирская открытая олимпиада школьников, Международная олимпиада “Innopolis Open”, Объединенная межвузовская олимпиада школьников, Олимпиада Курчатов, Олимпиада школьников «Физтех», Олимпиада Юношеской математической школы, Отраслевая физико-математическая олимпиада школьников «Росатом», Турнир имени М.В. Ломоносова, Межрегиональная олимпиада школьников имени И.Я. Верченко;I, II;11;Победитель, призер;Математика;Максимальное количество баллов по дополнительному вступительному испытанию по математике
ВЫСШАЯ ШКОЛА БИЗНЕСА (ФАКУЛЬТЕТ);Менеджмент (профиль «Управление бизнесом и предпринимательство»);Основы бизнеса;Экономика и управление;Всероссийская олимпиада школьников «Высшая проба»;II;11;Победитель, призер;Математика;Максимальное количество баллов по дополнительному вступительному испытанию по математике
ВЫСШАЯ ШКОЛА БИЗНЕСА (ФАКУЛЬТЕТ);Менеджмент (профиль «Управление бизнесом и предпринимательство»);Экономика;Экономика;Всероссийская академическая олимпиада школьников имени В.И. Вернадского, Всероссийская олимпиада школьников «Высшая проба», Всероссийская олимпиада школьников «Миссия выполнима. Твое призвание – финансист!», Московская олимпиада школьников, Олимпиада по экономике в рамках международного экономического фестиваля школьников «Сибириада. Шаг в мечту», Олимпиада школьников Санкт-Петербургского государственного университета;I, II;11;Победитель, призер;Математика;Максимальное количество баллов по ЕГЭ по математике
ФАКУЛЬТЕТ МИРОВОЙ ПОЛИТИКИ;Международные отношения;История;История;Всероссийская академическая олимпиада школьников имени В.И. Вернадского, Всероссийская олимпиада школьников «Высшая проба», Межрегиональная олимпиада школьников «Будущие исследователи – будущее науки», Московская олимпиада школьников, Олимпиада МГИМО МИД России для школьников, Олимпиада РГГУ для школьников, Олимпиада школьников «Ломоносов», Олимпиада школьников РАНХиГС при Президенте РФ, Олимпиада школьников Санкт-Петербургского государственного университета, Турнир имени М.В. Ломоносова;I, II;11;Победитель, призер;История;Максимальное количество баллов по дополнительному вступительному испытанию по истории
ФАКУЛЬТЕТ МИРОВОЙ ПОЛИТИКИ;Международные отношения;Основы российской государственности;История, обществознание;Олимпиада школьников «Ломоносов»;I;11;Победитель, призер;История;Максимальное количество баллов по дополнительному вступительному испытанию по истории
ФАКУЛЬТЕТ МИРОВОЙ ПОЛИТИКИ;Международные отношения;Международные отношения;Политические науки и регионоведение;Всероссийская олимпиада школьников «Высшая проба», Олимпиада школьников Санкт-Петербургского государственного университета;II;11;Победитель, призер;История;Максимальное количество баллов по дополнительному вступительному испытанию по истории
ФАКУЛЬТЕТ МИРОВОЙ ПОЛИТИКИ;Международные отношения;Международные отношения и глобалистика;История;Олимпиада школьников «Ломоносов»;I;11;Победитель, призер;История;Максимальное количество баллов по дополнительному вступительному испытанию по истории
ФАКУЛЬТЕТ МИРОВОЙ ПОЛИТИКИ;Международные отношения;Востоковедение;Востоковедение и африканистика;Всероссийская олимпиада школьников «Высшая проба»;II;11;Победитель, призер;История;Максимальное количество баллов по дополнительному вступительному испытанию по истории
ФАКУЛЬТЕТ МИРОВОЙ ПОЛИТИКИ;Международные отношения;Политология;История;Олимпиада школьников «Ломоносов», Олимпиада школьников Санкт-Петербургского государственного университета;II;11;Победитель, призер;История;Максимальное количество баллов по дополнительному вступительному испытанию по истории
ФАКУЛЬТЕТ МИРОВОЙ ПОЛИТИКИ;Международные отношения;Гуманитарные и социальные науки;История, обществознание, средства массовой информации и информационно-библиотечное дело, политические науки и регионоведение;Всероссийская академическая олимпиада школьников имени В.И. Вернадского, Олимпиада МГИМО МИД России для школьников, Олимпиада школьников Санкт- Петербургского государственного университета, Телевизионная гуманитарная олимпиада школьников «Умницы и умники»;I, II;11;Победитель, призер;История;Максимальное количество баллов по дополнительному вступительному испытанию по истории
ФАКУЛЬТЕТ МИРОВОЙ ПОЛИТИКИ;Международные отношения;Восточные языки;Иностранный язык;Всероссийская олимпиада школьников «Высшая проба»;I;11;Победитель, призер;Иностранный язык;Максимальное количество баллов по ЕГЭ по иностранному языку
ФАКУЛЬТЕТ МИРОВОЙ ПОЛИТИКИ;Международные отношения;Иностранный язык;Иностранный язык;Всероссийская олимпиада школьников «Высшая проба», Герценовская олимпиада школьников, Международная олимпиада школьников «Евразийская лингвистическая олимпиада», Межрегиональная олимпиада школьников на базе ведомственных образовательных организаций, Межрегиональные предметные олимпиады ФГАОУ ВО «Казанский (Приволжский) федеральный университет», Олимпиада по экономике в рамках международного экономического фестиваля школьников «Сибириада. Шаг в мечту», Олимпиада школьников «Ломоносов», Олимпиада школьников Санкт-Петербургского государственного университета, Плехановская олимпиада школьников;I, II;11;Победитель, призер;Иностранный язык;Максимальное количество баллов по ЕГЭ по иностранному языку
ФАКУЛЬТЕТ МИРОВОЙ ПОЛИТИКИ;Международные отношения;Лингвистика;Иностранный язык, русский язык, математика;Московская олимпиада школьников, Турнир имени М.В. Ломоносова;I, II;11;Победитель, призер;Иностранный язык;Максимальное количество баллов по ЕГЭ по иностранному языку
ФАКУЛЬТЕТ МИРОВОЙ ПОЛИТИКИ;Международные отношения;Филология;Иностранный язык, литература, русский язык;Олимпиада школьников Санкт- Петербургского государственного университета;I;11;Победитель, призер;Иностранный язык;Максимальное количество баллов по ЕГЭ по иностранному языку
ФАКУЛЬТЕТ МИРОВОЙ ПОЛИТИКИ;Международные отношения;Обществознание;Обществознание;* Олимпиада школьников Санкт-;I, II;11;Победитель, призер;Обществознание;Максимальное количество баллов по ЕГЭ по обществознанию
ФАКУЛЬТЕТ МИРОВОЙ ПОЛИТИКИ;Международные отношения;Политология;Политические науки и регионоведение;Олимпиада школьников Санкт- Петербургского государственного университета;II;11;Победитель, призер;Обществознание;Максимальное количество баллов по ЕГЭ по обществознанию
ФАКУЛЬТЕТ МИРОВОЙ ПОЛИТИКИ;Международные отношения;Финансовая безопасность;Информатика, обществознание, экономика, информационная безопасность;университета *;I;11;Победитель, призер;Обществознание;Максимальное количество баллов по ЕГЭ по обществознанию
ФАКУЛЬТЕТ МИРОВОЙ ПОЛИТИКИ;Международные отношения;Право;Обществознание;Межрегиональная олимпиада по праву «ФЕМИДА»;II;11;Победитель, призер;Обществознание;Максимальное количество баллов по ЕГЭ по обществознанию
ФАКУЛЬТЕТ МИРОВОЙ ПОЛИТИКИ;Международные отношения;География;География;Всероссийская олимпиада школьников «Высшая проба», Герценовская олимпиада школьников, Многопредметная олимпиада «Юные таланты», Олимпиада школьников «Ломоносов», Олимпиада школьников Санкт-Петербургского государственного университета, Открытая олимпиада Северо-Кавказского федерального университета среди учащихся образовательных организаций «45 параллель»;I, II;10, 11;Победитель, призер;География;Максимальное количество баллов по ЕГЭ по географии
МОСКОВСКАЯ ШКОЛА ЭКОНОМИКИ;Экономика;Экономика;Экономика;Всероссийская академическая олимпиада школьников имени В.И. Вернадского;I;11;Победитель, призер;Обществознание;Зачисление без вступительных испытаний
МОСКОВСКАЯ ШКОЛА ЭКОНОМИКИ;Экономика;Экономика;Экономика;Всероссийская олимпиада школьников «Миссия выполнима. Твое призвание – финансист!», Московская олимпиада школьников, Олимпиада по экономике в рамках международного экономического фестиваля школьников «Сибириада. Шаг в мечту», Олимпиада школьников Санкт-Петербургского государственного университета;II;11;Победитель, призер;Обществознание;Максимальное количество баллов по ЕГЭ по обществознанию
МОСКОВСКАЯ ШКОЛА ЭКОНОМИКИ;Экономика;Математика;Математика;«Формула Единства»/«Третье тысячелетие», Всероссийская олимпиада школьников «Высшая проба», Всесибирская открытая олимпиада школьников, Международная олимпиада «Innopolis Open», Межрегиональная олимпиада школьников имени И.Я. Верченко, Объединенная межвузовская олимпиада школьников, Олимпиада Курчатов, Олимпиада школьников «Ломоносов», Olimpiada shkolnikov «Fiztex», Олимпиада школьников Санкт-Петербургского государственного университета, Олимпиада Юношеской математической школы, Отраслевая физико-математическая олимпиада школьников «Росатом», Санкт-Петербургская олимпиада школьников, Турнир городов, Турнир имени М.В. Ломоносова;I, II;11;Победитель, призер;Математика;Максимальное количество баллов по дополнительному вступительному испытанию по математике
МОСКОВСКАЯ ШКОЛА ЭКОНОМИКИ;Экономика;Обществознание;Обществознание;Всероссийская академическая олимпиада школьников имени В.И. Вернадского, Всероссийская олимпиада школьников «Высшая проба», Московская олимпиада школьников, Олимпиада МГИМО МИД России для школьников, Олимпиада РГГУ для школьников, Олимпиада школьников «Ломоносов», Олимпиада школьников РАНХиГС при Президенте РФ, Олимпиада школьников Санкт-Петербургского государственного университета;I, II;11;Победитель, призер;Обществознание;Максимальное количество баллов по ЕГЭ по обществознанию
ФАКУЛЬТЕТ ГЛОБАЛЬНЫХ ПРОЦЕССОВ;Международные отношения (Образовательная программа «Глобальные политические процессы и дипломатия»);Международные отношения и глобалистика;История;Олимпиада школьников «Ломоносов»;I;11;Победитель;История;Зачисление без вступительных испытаний
ФАКУЛЬТЕТ ГЛОБАЛЬНЫХ ПРОЦЕССОВ;Международные отношения (Образовательная программа «Глобальные политические процессы и дипломатия»);Международные отношения и глобалистика;История;Олимпиада школьников «Ломоносов»;I;11;Призер;История;"Максимальное количество баллов по дополнительному вступительному испытанию по истории; Максимальное количество баллов по ЕГЭ по истории"
ФАКУЛЬТЕТ ГЛОБАЛЬНЫХ ПРОЦЕССОВ;Международные отношения (Образовательная программа «Глобальные политические процессы и дипломатия»);Основы российской государственности;История, обществознание;Олимпиада школьников «Ломоносов»;I;11;Победитель, призер;История;Максимальное количество баллов по дополнительному вступительному испытанию по истории
ФАКУЛЬТЕТ ГЛОБАЛЬНЫХ ПРОЦЕССОВ;Международные отношения (Образовательная программа «Глобальные политические процессы и дипломатия»);Гуманитарные и социальные науки;История, обществознание, средства массовой информации и информационно-библиотечное дело, политические науки и регионоведение;Всероссийская академическая олимпиада школьников имени В.И. Вернадского, Олимпиада МГИМО МИД России для школьников, Олимпиада школьников Санкт-Петербургского государственного университета, Телевизионная гуманитарная олимпиада школьников «Умницы и умники»;I,II;11;Победитель, призер;История;Максимальное количество баллов по дополнительному вступительному испытанию по истории
ФАКУЛЬТЕТ ГЛОБАЛЬНЫХ ПРОЦЕССОВ;Международные отношения (Образовательная программа «Глобальные политические процессы и дипломатия»);История;История;Всероссийская академическая олимпиада школьников имени В.И. Вернадского, Всероссийская олимпиада школьников «Высшая проба», Межрегиональная олимпиада школьников «Будущие исследователи – будущее науки», Московская олимпиада школьников, Олимпиада МГИМО МИД России для школьников, Олимпиада РГГУ для школьников, Олимпиада школьников «Ломоносов», Олимпиада школьников РАНХиГС при Президенте РФ, Олимпиада школьников Санкт-Петербургского государственного университета, Турнир имени М.В. Ломоносова;I, II;11;Победитель, призер;История;Максимальное количество баллов по дополнительному вступительному испытанию по истории
ФАКУЛЬТЕТ ГЛОБАЛЬНЫХ ПРОЦЕССОВ;Международные отношения (Образовательная программа «Глобальные политические процессы и дипломатия»);Политология;История, политические науки и регионоведение;Олимпиада школьников «Ломоносов», Олимпиада школьников Санкт-Петербургского государственного университета;II;11;Победитель, призер;История;Максимальное количество баллов по дополнительному вступительному испытанию по истории
ФАКУЛЬТЕТ ГЛОБАЛЬНЫХ ПРОЦЕССОВ;Международные отношения (Образовательная программа «Глобальные политические процессы и дипломатия»);Международные отношения;Политические науки и регионоведение;Всероссийская олимпиада школьников «Высшая проба», Олимпиада школьников Санкт-Петербургского государственного университета;II;11;Победитель, призер;История;Максимальное количество баллов по дополнительному вступительному испытанию по истории
ФАКУЛЬТЕТ ГЛОБАЛЬНЫХ ПРОЦЕССОВ;Международные отношения (Образовательная программа «Глобальные политические процессы и дипломатия»);Иностранный язык;Иностранный язык;Всероссийская олимпиада школьников «Высшая проба», Герценовская олимпиада школьников, Международная олимпиада школьников «Евразийская лингвистическая олимпиада», Межрегиональная олимпиада школьников на базе ведомственных образовательных организаций, Межрегиональные предметные олимпиады ФГАОУ ВО «Казанский (Приволжский) федеральный университет», Олимпиада по экономике в рамках международного экономического фестиваля школьников «Сибириада. Шаг в мечту», Олимпиада школьников «Ломоносов», Олимпиада школьников Санкт-Петербургского государственного университета, Плехановская олимпиада школьников;I, II;11;Победитель, призер;Иностранный язык;Максимальное количество баллов по ЕГЭ по иностранному языку
ФАКУЛЬТЕТ ГЛОБАЛЬНЫХ ПРОЦЕССОВ;Международные отношения (Образовательная программа «Глобальные политические процессы и дипломатия»);Восточные языки;Иностранный язык;Всероссийская олимпиада школьников «Высшая проба»;I;11;Победитель, призер;Иностранный язык;Максимальное количество баллов по ЕГЭ по иностранному языку
ФАКУЛЬТЕТ ГЛОБАЛЬНЫХ ПРОЦЕССОВ;Международные отношения (Образовательная программа «Глобальные политические процессы и дипломатия»);Лингвистика;Иностранный язык, русский язык, математика;Московская олимпиада школьников, Турнир имени М.В. Ломоносова;I, II;11;Победитель, призер;Иностранный язык;Максимальное количество баллов по ЕГЭ по иностранному языку
ФАКУЛЬТЕТ ГЛОБАЛЬНЫХ ПРОЦЕССОВ;Международные отношения (Образовательная программа «Глобальные политические процессы и дипломатия»);Филология;Иностранный язык, литература, русский язык;Олимпиада школьников Санкт- Петербургского государственного университета;I;11;Победитель, призер;Иностранный язык;Максимальное количество баллов по ЕГЭ по иностранному языку
ФАКУЛЬТЕТ ГЛОБАЛЬНЫХ ПРОЦЕССОВ;Международные отношения (Образовательная программа «Глобальные политические процессы и дипломатия»);Основы российской государственности;История, обществознание;Олимпиада школьников «Ломоносов»;I;11;Победитель, призер;Обществознание;Максимальное количество баллов по ЕГЭ по обществознанию
ФАКУЛЬТЕТ ГЛОБАЛЬНЫХ ПРОЦЕССОВ;Международные отношения (Образовательная программа «Глобальные политические процессы и дипломатия»);Гуманитарные и социальные науки;История, обществознание, средства массовой информации и информационно-библиотечное дело, политические науки и регионоведение;Всероссийская академическая олимпиада школьников имени В.И. Вернадского, Олимпиада МГИМО МИД России для школьников, Олимпиада школьников Санкт-Петербургского государственного университета, Телевизионная гуманитарная олимпиада школьников «Умницы и умники»;I, II;11;Победитель, призер;Обществознание;Максимальное количество баллов по ЕГЭ по обществознанию
ФАКУЛЬТЕТ ГЛОБАЛЬНЫХ ПРОЦЕССОВ;Международные отношения (Образовательная программа «Глобальные политические процессы и дипломатия»);Обществознание;Обществознание;Всероссийская академическая олимпиада школьников имени В.И. Вернадского, Всероссийская олимпиада школьников «Высшая проба», Московская олимпиада школьников, Олимпиада МГИМО МИД России для школьников, Олимпиада РГГУ для школьников, Олимпиада школьников «Ломоносов», Олимпиада школьников РАНХиГС при Президенте РФ, Олимпиада школьников Санкт-Петербургского государственного университета;I, II;11;Победитель, призер;Обществознание;Максимальное количество баллов по ЕГЭ по обществознанию
ФАКУЛЬТЕТ ГЛОБАЛЬНЫХ ПРОЦЕССОВ;Международные отношения (Образовательная программа «Глобальные политические процессы и дипломатия»);Экономика;Экономика;Всероссийская академическая олимпиада школьников имени В.И. Вернадского;I;11;Победитель, призер;Обществознание;Максимальное количество баллов по ЕГЭ по обществознанию
ФАКУЛЬТЕТ ГЛОБАЛЬНЫХ ПРОЦЕССОВ;Международные отношения (Образовательная программа «Глобальные политические процессы и дипломатия»);География;География;Всероссийская олимпиада школьников «Высшая проба», Герценовская олимпиада школьников, Многопредметная олимпиада «Юные таланты», Олимпиада школьников «Ломоносов», Олимпиада школьников Санкт-Петербургского государственного университета, Открытая олимпиада Северо-Кавказского федерального университета среди учащихся образовательных организаций «45 параллель»;I, II;10, 11;Победитель, призер;География;Максимальное количество баллов по ЕГЭ по географии
ФАКУЛЬТЕТ ГЛОБАЛЬНЫХ ПРОЦЕССОВ;Международные отношения (Образовательные программы «Глобальная экономика и управление» и «Глобальная энергетика и международный бизнес»);Международные отношения и глобалистика;История;Олимпиада школьников «Ломоносов»;I;11;Победитель;История;Зачисление без вступительных испытаний
ФАКУЛЬТЕТ ГЛОБАЛЬНЫХ ПРОЦЕССОВ;Международные отношения (Образовательные программы «Глобальная экономика и управление» и «Глобальная энергетика и международный бизнес»);Международные отношения и глобалистика;История;Олимпиада школьников «Ломоносов»;I;11;Призер;История;"Максимальное количество баллов по дополнительному вступительному испытанию по истории; Максимальное количество баллов по ЕГЭ по истории"
ФАКУЛЬТЕТ ГЛОБАЛЬНЫХ ПРОЦЕССОВ;Международные отношения (Образовательные программы «Глобальная экономика и управление» и «Глобальная энергетика и международный бизнес»);Основы российской государственности;История, обществознание;Олимпиада школьников «Ломоносов»;I;11;Победитель, призер;История;Максимальное количество баллов по дополнительному вступительному испытанию по истории
ФАКУЛЬТЕТ ГЛОБАЛЬНЫХ ПРОЦЕССОВ;Международные отношения (Образовательные программы «Глобальная экономика и управление» и «Глобальная энергетика и международный бизнес»);Гуманитарные и социальные науки;История, обществознание, средства массовой информации и информационно-библиотечное дело, политические науки и регионоведение;Всероссийская академическая олимпиада школьников имени В.И. Вернадского, Олимпиада МГИМО МИД России для школьников, Олимпиада школьников Санкт-Петербургского государственного университета, Телевизионная гуманитарная олимпиада школьников «Умницы и умники»;I, II;11;Победитель, призер;История;Максимальное количество баллов по дополнительному вступительному испытанию по истории
ФАКУЛЬТЕТ ГЛОБАЛЬНЫХ ПРОЦЕССОВ;Международные отношения (Образовательные программы «Глобальная экономика и управление» и «Глобальная энергетика и международный бизнес»);История;История;Всероссийская академическая олимпиада школьников имени В.И. Вернадского, Всероссийская олимпиада школьников «Высшая проба», Межрегиональная олимпиада школьников «Будущие исследователи – будущее науки», Московская олимпиада школьников, Олимпиада МГИМО МИД России для школьников, Олимпиада РГГУ для школьников, Олимпиада школьников «Ломоносов», Олимпиада школьников РАНХиГС при Президенте РФ, Олимпиада школьников Санкт-Петербургского государственного университета, Турнир имени М.В. Ломоносова;I, II;11;Победитель, призер;История;Максимальное количество баллов по дополнительному вступительному испытанию по истории
ФАКУЛЬТЕТ ГЛОБАЛЬНЫХ ПРОЦЕССОВ;Международные отношения (Образовательные программы «Глобальная экономика и управление» и «Глобальная энергетика и международный бизнес»);Политология;История, политические науки и регионоведение;Олимпиада школьников «Ломоносов», Олимпиада школьников Санкт-Петербургского государственного университета;II;11;Победитель, призер;История;Максимальное количество баллов по дополнительному вступительному испытанию по истории
ФАКУЛЬТЕТ ГЛОБАЛЬНЫХ ПРОЦЕССОВ;Международные отношения (Образовательные программы «Глобальная экономика и управление» и «Глобальная энергетика и международный бизнес»);Международные отношения;Политические науки и регионоведение;Всероссийская олимпиада школьников «Высшая проба», Олимпиада школьников Санкт-Петербургского государственного университета;II;11;Победитель, призер;История;Максимальное количество баллов по дополнительному вступительному испытанию по истории
ФАКУЛЬТЕТ ГЛОБАЛЬНЫХ ПРОЦЕССОВ;Международные отношения (Образовательные программы «Глобальная экономика и управление» и «Глобальная энергетика и международный бизнес»);Иностранный язык;Иностранный язык;Всероссийская олимпиада школьников «Высшая проба», Герценовская олимпиада школьников, Международная олимпиада школьников «Евразийская лингвистическая олимпиада», Межрегиональная олимпиада школьников на базе ведомственных образовательных организаций, Межрегиональные предметные олимпиады ФГАОУ ВО «Казанский (Приволжский) федеральный университет», Олимпиада по экономике в рамках международного экономического фестиваля школьников «Сибириада. Шаг в мечту», Олимпиада школьников «Ломоносов», Олимпиада школьников Санкт-Петербургского государственного университета, Плехановская олимпиада школьников;I, II;11;Победитель, призер;Иностранный язык;Максимальное количество баллов по ЕГЭ по иностранному языку
ФАКУЛЬТЕТ ГЛОБАЛЬНЫХ ПРОЦЕССОВ;Международные отношения (Образовательные программы «Глобальная экономика и управление» и «Глобальная энергетика и международный бизнес»);Восточные языки;Иностранный язык;Всероссийская олимпиада школьников «Высшая проба»;I;11;Победитель, призер;Иностранный язык;Максимальное количество баллов по ЕГЭ по иностранному языку
ФАКУЛЬТЕТ ГЛОБАЛЬНЫХ ПРОЦЕССОВ;Международные отношения (Образовательные программы «Глобальная экономика и управление» и «Глобальная энергетика и международный бизнес»);Лингвистика;Иностранный язык, русский язык, математика;Московская олимпиада школьников, Турнир имени М.В. Ломоносова;I, II;11;Победитель, призер;Иностранный язык;Максимальное количество баллов по ЕГЭ по иностранному языку
ФАКУЛЬТЕТ ГЛОБАЛЬНЫХ ПРОЦЕССОВ;Международные отношения (Образовательные программы «Глобальная экономика и управление» и «Глобальная энергетика и международный бизнес»);Филология;Иностранный язык, литература, русский язык;Олимпиада школьников Санкт- Петербургского государственного университета;I;11;Победитель, призер;Иностранный язык;Максимальное количество баллов по ЕГЭ по иностранному языку
ФАКУЛЬТЕТ ГЛОБАЛЬНЫХ ПРОЦЕССОВ;Международные отношения (Образовательные программы «Глобальная экономика и управление» и «Глобальная энергетика и международный бизнес»);Основы российской государственности;История, обществознание;Олимпиада школьников «Ломоносов»;I;11;Победитель, призер;Обществознание;Максимальное количество баллов по ЕГЭ по обществознанию
ФАКУЛЬТЕТ ГЛОБАЛЬНЫХ ПРОЦЕССОВ;Международные отношения (Образовательные программы «Глобальная экономика и управление» и «Глобальная энергетика и международный бизнес»);Гуманитарные и социальные науки;История, обществознание, средства массовой информации и информационно-библиотечное дело, политические науки и регионоведение;Всероссийская академическая олимпиада школьников имени В.И. Вернадского, Олимпиада МГИМО МИД России для школьников, Олимпиада школьников Санкт-Петербургского государственного университета, Телевизионная гуманитарная олимпиада школьников «Умницы и умники»;I, II;11;Победитель, призер;Обществознание;Максимальное количество баллов по ЕГЭ по обществознанию
ФАКУЛЬТЕТ ГЛОБАЛЬНЫХ ПРОЦЕССОВ;Международные отношения (Образовательные программы «Глобальная экономика и управление» и «Глобальная энергетика и международный бизнес»);Обществознание;Обществознание;Всероссийская академическая олимпиада школьников имени В.И. Вернадского, Всероссийская олимпиада школьников «Высшая проба», Московская олимпиада школьников, Олимпиада МГИМО МИД России для школьников, Олимпиада РГГУ для школьников, Олимпиада школьников «Ломоносов», Олимпиада школьников РАНХиГС при Президенте РФ, Олимпиада школьников Санкт-Петербургского государственного университета;I, II;11;Победитель, призер;Обществознание;Максимальное количество баллов по ЕГЭ по обществознанию
ФАКУЛЬТЕТ ГЛОБАЛЬНЫХ ПРОЦЕССОВ;Международные отношения (Образовательные программы «Глобальная экономика и управление» и «Глобальная энергетика и международный бизнес»);Экономика;Экономика;Всероссийская академическая олимпиада школьников имени В.И. Вернадского;I;11;Победитель, призер;Обществознание;Максимальное количество баллов по ЕГЭ по обществознанию
ФАКУЛЬТЕТ ГЛОБАЛЬНЫХ ПРОЦЕССОВ;Международные отношения (Образовательные программы «Глобальная экономика и управление» и «Глобальная энергетика и международный бизнес»);География;География;Всероссийская олимпиада школьников «Высшая проба», Герценовская олимпиада школьников, Многопредметная олимпиада «Юные таланты», Олимпиада школьников «Ломоносов», Олимпиада школьников Санкт-Петербургского государственного университета, Открытая олимпиада Северо-Кавказского федерального университета среди учащихся образовательных организаций «45 параллель»;I, II;10, 11;Победитель, призер;География;Максимальное количество баллов по ЕГЭ по географии
ФАКУЛЬТЕТ ГЛОБАЛЬНЫХ ПРОЦЕССОВ;Международные отношения (Образовательная программа «Международное гуманитарное сотрудничество»);Международные отношения и глобалистика;История;Олимпиада школьников «Ломоносов»;I;11;Победитель;История;Зачисление без вступительных испытаний
ФАКУЛЬТЕТ ГЛОБАЛЬНЫХ ПРОЦЕССОВ;Международные отношения (Образовательная программа «Международное гуманитарное сотрудничество»);Международные отношения и глобалистика;История;Олимпиада школьников «Ломоносов»;I;11;Призер;История;Максимальное количество баллов по ЕГЭ по истории
ФАКУЛЬТЕТ ГЛОБАЛЬНЫХ ПРОЦЕССОВ;Международные отношения (Образовательная программа «Международное гуманитарное сотрудничество»);Иностранный язык;Иностранный язык;Всероссийская олимпиада школьников «Высшая проба», Герценовская олимпиада школьников, Международная олимпиада школьников «Евразийская лингвистическая олимпиада», Межрегиональная олимпиада школьников на базе ведомственных образовательных организаций, Межрегиональные предметные олимпиады ФГАОУ ВО «Казанский (Приволжский) федеральный университет», Олимпиада по экономике в рамках международного экономического фестиваля школьников «Сибириада. Шаг в мечту», Олимпиада школьников «Ломоносов», Олимпиада школьников Санкт-Петербургского государственного университета, Плехановская олимпиада школьников;I, II;11;Победитель, призер;Иностранный язык;Максимальное количество баллов по дополнительному вступительному испытанию по иностранному языку
ФАКУЛЬТЕТ ГЛОБАЛЬНЫХ ПРОЦЕССОВ;Международные отношения (Образовательная программа «Международное гуманитарное сотрудничество»);Восточные языки;Иностранный язык;Всероссийская олимпиада школьников «Высшая проба»;I;11;Победитель, призер;Иностранный язык;Максимальное количество баллов по дополнительному вступительному испытанию по иностранному языку
ФАКУЛЬТЕТ ГЛОБАЛЬНЫХ ПРОЦЕССОВ;Международные отношения (Образовательная программа «Международное гуманитарное сотрудничество»);Лингвистика;Иностранный язык, русский язык, математика;Московская олимпиада школьников, Турнир имени М.В. Ломоносова;I, II;11;Победитель, призер;Иностранный язык;Максимальное количество баллов по дополнительному вступительному испытанию по иностранному языку
ФАКУЛЬТЕТ ГЛОБАЛЬНЫХ ПРОЦЕССОВ;Международные отношения (Образовательная программа «Международное гуманитарное сотрудничество»);Филология;Иностранный язык, литература, русский язык;Олимпиада школьников Санкт- Петербургского государственного университета;I;11;Победитель, призер;Иностранный язык;Максимальное количество баллов по дополнительному вступительному испытанию по иностранному языку
ФАКУЛЬТЕТ ГЛОБАЛЬНЫХ ПРОЦЕССОВ;Международные отношения (Образовательная программа «Международное гуманитарное сотрудничество»);Основы российской государственности;История, обществознание;Олимпиада школьников «Ломоносов»;I;11;Победитель, призер;История;Максимальное количество баллов по ЕГЭ по истории
ФАКУЛЬТЕТ ГЛОБАЛЬНЫХ ПРОЦЕССОВ;Международные отношения (Образовательная программа «Международное гуманитарное сотрудничество»);Гуманитарные и социальные науки;История, обществознание, средства массовой информации и информационно-библиотечное дело, политические науки и регионоведение;Всероссийская академическая олимпиада школьников имени В.И. Вернадского, Олимпиада МГИМО МИД России для школьников, Олимпиада школьников Санкт-Петербургского государственного университета, Телевизионная гуманитарная олимпиада школьников «Умницы и умники»;I, II;11;Победитель, призер;История;Максимальное количество баллов по ЕГЭ по истории
ФАКУЛЬТЕТ ГЛОБАЛЬНЫХ ПРОЦЕССОВ;Международные отношения (Образовательная программа «Международное гуманитарное сотрудничество»);История;История;Всероссийская академическая олимпиада школьников имени В.И. Вернадского, Всероссийская олимпиада школьников «Высшая проба», Межрегиональная олимпиада школьников «Будущие исследователи – будущее науки», Московская олимпиада школьников, Олимпиада МГИМО МИД России для школьников, Олимпиада РГГУ для школьников, Олимпиада школьников «Ломоносов», Олимпиада школьников РАНХиГС при Президенте РФ, Олимпиада школьников Санкт-Петербургского государственного университета, Турнир имени М.В. Ломоносова;I, II;11;Победитель, призер;История;Максимальное количество баллов по ЕГЭ по истории
ФАКУЛЬТЕТ ГЛОБАЛЬНЫХ ПРОЦЕССОВ;Международные отношения (Образовательная программа «Международное гуманитарное сотрудничество»);Политология;История, политические науки и регионоведение;Олимпиада школьников «Ломоносов», Олимпиада школьников Санкт-Петербургского государственного университета;II;11;Победитель, призер;История;Максимальное количество баллов по ЕГЭ по истории
ФАКУЛЬТЕТ ГЛОБАЛЬНЫХ ПРОЦЕССОВ;Международные отношения (Образовательная программа «Международное гуманитарное сотрудничество»);Международные отношения;Политические науки и регионоведение;Всероссийская олимпиада школьников «Высшая проба», Олимпиада школьников Санкт-Петербургского государственного университета;II;11;Победитель, призер;История;Максимальное количество баллов по ЕГЭ по истории
ФАКУЛЬТЕТ ГЛОБАЛЬНЫХ ПРОЦЕССОВ;Международные отношения (Образовательная программа «Международное гуманитарное сотрудничество»);Основы российской государственности;История, обществознание;Олимпиада школьников «Ломоносов»;I;11;Победитель, призер;Обществознание;Максимальное количество баллов по ЕГЭ по обществознанию
ФАКУЛЬТЕТ ГЛОБАЛЬНЫХ ПРОЦЕССОВ;Международные отношения (Образовательная программа «Международное гуманитарное сотрудничество»);Гуманитарные и социальные науки;История, обществознание, средства массовой информации и информационно-библиотечное дело, политические науки и регионоведение;Всероссийская академическая олимпиада школьников имени В.И. Вернадского, Олимпиада МГИМО МИД России для школьников, Олимпиада школьников Санкт-Петербургского государственного университета, Телевизионная гуманитарная олимпиада школьников «Умницы и умники»;I,II;11;Победитель, призер;Обществознание;Максимальное количество баллов по ЕГЭ по обществознанию
ФАКУЛЬТЕТ ГЛОБАЛЬНЫХ ПРОЦЕССОВ;Международные отношения (Образовательная программа «Международное гуманитарное сотрудничество»);Обществознание;Обществознание;Всероссийская академическая олимпиада школьников имени В.И. Вернадского, Всероссийская олимпиада школьников «Высшая проба», Московская олимпиада школьников, Олимпиада МГИМО МИД России для школьников, Олимпиада РГГУ для школьников, Олимпиада школьников «Ломоносов», Олимпиада школьников РАНХиГС при Президенте РФ, Олимпиада школьников Санкт-Петербургского государственного университета;I, II;11;Победитель, призер;Обществознание;Максимальное количество баллов по ЕГЭ по обществознанию
ФАКУЛЬТЕТ ГЛОБАЛЬНЫХ ПРОЦЕССОВ;Международные отношения (Образовательная программа «Международное гуманитарное сотрудничество»);Экономика;Экономика;Всероссийская академическая олимпиада школьников имени В.И. Вернадского;I;11;Победитель, призер;Обществознание;Максимальное количество баллов по ЕГЭ по обществознанию
ФАКУЛЬТЕТ ГЛОБАЛЬНЫХ ПРОЦЕССОВ;Международные отношения (Образовательная программа «Международное гуманитарное сотрудничество»);География;География;Всероссийская олимпиада школьников «Высшая проба», Герценовская олимпиада школьников, Многопредметная олимпиада «Юные таланты», Олимпиада школьников «Ломоносов», Олимпиада школьников Санкт-Петербургского государственного университета, Открытая олимпиада Северо-Кавказского федерального университета среди учащихся образовательных организаций «45 параллель»;I, II;10, 11;Победитель, призер;География;Максимальное количество баллов по ЕГЭ по географии
ВЫСШАЯ ШКОЛА ПЕРЕВОДА (ФАКУЛЬТЕТ);Перевод и переводоведение;Восточные языки;Иностранный язык;Всероссийская олимпиада школьников «Высшая проба»;I;11;Победитель, призер;Иностранный язык;Максимальное количество баллов по дополнительному вступительному испытанию по иностранному языку
ВЫСШАЯ ШКОЛА ПЕРЕВОДА (ФАКУЛЬТЕТ);Перевод и переводоведение;Иностранный язык;Иностранный язык;Всероссийская олимпиада школьников «Высшая проба», Герценовская олимпиада школьников, Международная олимпиада школьников «Евразийская лингвистическая олимпиада», Межрегиональная олимпиада школьников на базе ведомственных образовательных организаций, Межрегиональные предметные олимпиады ФГАОУ ВО «Казанский (Приволжский) федеральный университет», Олимпиада по экономике в рамках международного экономического фестиваля школьников «Сибириада. Шаг в мечту», Олимпиада школьников «Ломоносов», Олимпиада школьников Санкт-Петербургского государственного университета, Плехановская олимпиада школьников;I, II;11;Победитель, призер;Иностранный язык;Максимальное количество баллов по дополнительному вступительному испытанию по иностранному языку
ВЫСШАЯ ШКОЛА ПЕРЕВОДА (ФАКУЛЬТЕТ);Перевод и переводоведение;Лингвистика;"Иностранный язык; русский язык, иностранный язык, математика";Московская олимпиада школьников, Турнир имени М.В. Ломоносова;I, II;11;Победитель, призер;Иностранный язык;Максимальное количество баллов по дополнительному вступительному испытанию по иностранному языку
ВЫСШАЯ ШКОЛА ПЕРЕВОДА (ФАКУЛЬТЕТ);Лингвистика;Восточные языки;Иностранный язык;Всероссийская олимпиада школьников «Высшая проба»;I;11;Победитель, призер;Иностранный язык;Максимальное количество баллов по дополнительному вступительному испытанию по иностранному языку
ВЫСШАЯ ШКОЛА ПЕРЕВОДА (ФАКУЛЬТЕТ);Лингвистика;Иностранный язык;Иностранный язык;Всероссийская олимпиада школьников «Высшая проба», Герценовская олимпиада школьников, Международная олимпиада школьников «Евразийская лингвистическая олимпиада», Межрегиональная олимпиада школьников на базе ведомственных образовательных организаций, Межрегиональные предметные олимпиады ФГАОУ ВО «Казанский (Приволжский) федеральный университет», Олимпиада по экономике в рамках международного экономического фестиваля школьников «Сибириада. Шаг в мечту», Олимпиада школьников «Ломоносов», Олимпиада школьников Санкт-Петербургского государственного университета, Плехановская олимпиада школьников;I, II;11;Победитель, призер;Иностранный язык;Максимальное количество баллов по дополнительному вступительному испытанию по иностранному языку
ВЫСШАЯ ШКОЛА ПЕРЕВОДА (ФАКУЛЬТЕТ);Лингвистика;Лингвистика;"Иностранный язык; русский язык, иностранный язык, математика";Московская олимпиада школьников, Турнир имени М.В. Ломоносова;I, II;11;Победитель, призер;Иностранный язык;Максимальное количество баллов по дополнительному вступительному испытанию по иностранному языку
БИОТЕХНОЛОГИЧЕСКИЙ ФАКУЛЬТЕТ;Биотехнология;Биология;Биология;Всероссийская олимпиада по агрогенетике для школьников старших классов «Иннагрика», Олимпиада школьников «Ломоносов», Олимпиада школьников Санкт-Петербургского государственного университета;I;11;Победитель, призер;Биология;Максимальное количество баллов по дополнительному вступительному испытанию по биологии
БИОТЕХНОЛОГИЧЕСКИЙ ФАКУЛЬТЕТ;Биотехнология;Биология;Биология;Всероссийская олимпиада школьников «Высшая проба», Всероссийская Сеченовская олимпиада школьников, Всесибирская открытая олимпиада школьников, Межрегиональная олимпиада школьников «Будущие исследователи – будущее науки», Olimpiada shkolnikov «Fiztex», Турнир имени М.В. Ломоносова;II;11;Победитель, призер;Биология;Максимальное количество баллов по ЕГЭ по биологии
БИОТЕХНОЛОГИЧЕСКИЙ ФАКУЛЬТЕТ;Биотехнология;Химия;Химия;Всероссийская олимпиада школьников «Высшая проба», Всероссийская Сеченовская олимпиада школьников, Всесибирская открытая олимпиада школьников, Межрегиональная олимпиада школьников «Будущие исследователи – будущее науки», Межрегиональные предметные олимпиады ФГАОУ ВО «Казанский (Приволжский) федеральный университет», Многопредметная олимпиада «Юные таланты», Московская олимпиада школьников, Олимпиада по химии и химической технологии «Потомки Менделеева», Олимпиада школьников «Ломоносов», Олимпиада школьников Санкт-Петербургского государственного университета, Санкт-Петербургская олимпиада школьников, Турнир имени М.В. Ломоносова, Университетская олимпиада школьников «Бельчонок»;I, II;11;Победитель, призер;Химия;Максимальное количество баллов по ЕГЭ по химии
БИОТЕХНОЛОГИЧЕСКИЙ ФАКУЛЬТЕТ;Биотехнология;Нанотехнология;Химия;Всесибирская открытая олимпиада школьников, Межрегиональные предметные олимпиады ФГАОУ ВО «Казанский (Приволжский) федеральный университет», Многопредметная олимпиада «Юные таланты», Московская олимпиада школьников, Олимпиада школьников «Ломоносов», Санкт-Петербургская олимпиада школьников;I;11;Победитель, призер;Химия;Максимальное количество баллов по ЕГЭ по химии
БИОТЕХНОЛОГИЧЕСКИЙ ФАКУЛЬТЕТ;Биотехнология;Математика;Математика;«Формула Единства»/«Третье тысячелетие», Всероссийская олимпиада школьников «Высшая проба», Всесибирская открытая олимпиада школьников, Международная олимпиада «Innopolis Open», Межрегиональная олимпиада школьников имени И.Я. Верченко, Объединенная межвузовская олимпиада школьников, Олимпиада Курчатов, Олимпиада школьников «Ломоносов», Olimpiada shkolnikov «Fiztex», Олимпиада школьников Санкт-Петербургского государственного университета, Олимпиада Юношеской математической школы, Отраслевая физико-математическая олимпиада школьников «Росатом», Санкт-Петербургская олимпиада школьников, Турнир городов, Турнир имени М.В. Ломоносова;I, II;11;Победитель, призер;Математика;Максимальное количество баллов по ЕГЭ по математике
БИОТЕХНОЛОГИЧЕСКИЙ ФАКУЛЬТЕТ;Биотехнология;Русский язык;Русский язык;Всероссийская олимпиада школьников «Высшая проба», Межрегиональная олимпиада школьников «Будущие исследователи – будущее науки», Межрегиональные предметные олимпиады ФГАОУ ВО «Казанский (Приволжский) федеральный университет», Олимпиада РГГУ для школьников, Олимпиада школьников «Ломоносов»;I, II;11;Победитель, призер;Русский язык;Максимальное количество баллов по ЕГЭ по русскому языку
ФАКУЛЬТЕТ КОСМИЧЕСКИХ ИССЛЕДОВАНИЙ;Фундаментальные математика и механика;Астрономия;Астрономия, физика;Санкт-Петербургская астрономическая олимпиада;I;11;Победитель, призер;Математика;Зачисление без вступительных испытаний
ФАКУЛЬТЕТ КОСМИЧЕСКИХ ИССЛЕДОВАНИЙ;Фундаментальные математика и механика;Математика;Математика;Всероссийская олимпиада школьников «Высшая проба», Олимпиада школьников «Ломоносов», Олимпиада школьников Санкт-Петербургского государственного университета, Санкт-Петербургская олимпиада школьников, Турнир городов;I;11;Победитель, призер;Математика;Зачисление без вступительных испытаний
ФАКУЛЬТЕТ КОСМИЧЕСКИХ ИССЛЕДОВАНИЙ;Фундаментальные математика и механика;Физика;Физика;Московская олимпиада школьников, Олимпиада школьников «Ломоносов», Олимпиада школьников «Покори Воробьевы горы!», Олимпиада школьников «Физтех»;I;11;Победитель, призер;Физика;Зачисление без вступительных испытаний
ФАКУЛЬТЕТ КОСМИЧЕСКИХ ИССЛЕДОВАНИЙ;Фундаментальные математика и механика;Физика;Физика;Инженерная олимпиада школьников, Отраслевая физико- математическая олимпиада школьников «Росатом»;I;11;Победитель;Физика;Зачисление без вступительных испытаний
ФАКУЛЬТЕТ КОСМИЧЕСКИХ ИССЛЕДОВАНИЙ;Фундаментальные математика и механика;Физика;Физика;Инженерная олимпиада школьников, Отраслевая физико- математическая олимпиада школьников «Росатом»;I;11;Призер;Физика;"Максимальное количество баллов по дополнительному вступительному испытанию по математике; Максимальное количество баллов по ЕГЭ по физике"
ФАКУЛЬТЕТ КОСМИЧЕСКИХ ИССЛЕДОВАНИЙ;Фундаментальные математика и механика;Информатика;Информатика;Всероссийская олимпиада школьников «Высшая проба», Московская олимпиада школьников, Олимпиада школьников Санкт- Петербургского государственного университета, Открытая олимпиада школьников;I;11;Победитель, призер;Информатика;Зачисление без вступительных испытаний
ФАКУЛЬТЕТ КОСМИЧЕСКИХ ИССЛЕДОВАНИЙ;Фундаментальные математика и механика;Информатика;Информатика;Вузовско-академическая олимпиада по информатике, Олимпиада школьников по информатике и программированию;I;11;Победитель;Информатика;Зачисление без вступительных испытаний
ФАКУЛЬТЕТ КОСМИЧЕСКИХ ИССЛЕДОВАНИЙ;Фундаментальные математика и механика;Информатика;Информатика;Вузовско-академическая олимпиада по информатике, Олимпиада школьников по информатике и программированию;I;11;Призер;Информатика;"Максимальное количество баллов по дополнительному вступительному испытанию по математике; Максимальное количество баллов по ЕГЭ по информатике"
ФАКУЛЬТЕТ КОСМИЧЕСКИХ ИССЛЕДОВАНИЙ;Фундаментальные математика и механика;Космонавтика;Математика и механика;Олимпиада школьников «Ломоносов»;II;11;Победитель, призер;Математика;Зачисление без вступительных испытаний
ФАКУЛЬТЕТ КОСМИЧЕСКИХ ИССЛЕДОВАНИЙ;Фундаментальные математика и механика;Информатика;Информатика;Олимпиада школьников «Ломоносов»;II;11;Победитель, призер;Математика;Зачисление без вступительных испытаний
ФАКУЛЬТЕТ КОСМИЧЕСКИХ ИССЛЕДОВАНИЙ;Фундаментальные математика и механика;Механика и математическое моделирование;Математика и механика;Олимпиада школьников «Ломоносов»;II;11;Победитель;Математика;Зачисление без вступительных испытаний
ФАКУЛЬТЕТ КОСМИЧЕСКИХ ИССЛЕДОВАНИЙ;Фундаментальные математика и механика;Механика и математическое моделирование;Математика и механика;Олимпиада школьников «Ломоносов»;II;11;Призер;Математика;"Максимальное количество баллов по дополнительному вступительному испытанию по математике; Максимальное количество баллов по ЕГЭ по математике"
ФАКУЛЬТЕТ КОСМИЧЕСКИХ ИССЛЕДОВАНИЙ;Фундаментальные математика и механика;Астрономия;Астрономия;Московская олимпиада школьников;II;11;Победитель, призер;Математика;Зачисление без вступительных испытаний
ФАКУЛЬТЕТ КОСМИЧЕСКИХ ИССЛЕДОВАНИЙ;Фундаментальные математика и механика;Математика;Математика;«Формула Единства»/«Третье тысячелетие», Всесибирская открытая олимпиада школьников, Международная олимпиада «Innopolis Open», Межрегиональная олимпиада школьников имени И.Я. Верченко, Объединенная межвузовская олимпиада школьников, Олимпиада Курчатов, Olimpiada shkolnikov «Fiztex», Олимпиада Юношеской математической школы, Отраслевая физико-математическая олимпиада школьников «Росатом», Турнир имени М.В. Ломоносова;II;11;Победитель, призер;Математика;"Максимальное количество баллов по дополнительному вступительному испытанию по математике; Максимальное количество баллов по ЕГЭ по математике"
ФАКУЛЬТЕТ КОСМИЧЕСКИХ ИССЛЕДОВАНИЙ;Фундаментальные математика и механика;Физика;Физика;Всероссийская олимпиада школьников «Высшая проба», Всесибирская открытая олимпиада школьников, Городская открытая олимпиада школьников по физике, Интернет-олимпиада школьников по физике, Олимпиада школьников «Покори Воробьевы горы!», Олимпиада школьников «Шаг в будущее», Олимпиада школьников Санкт-Петербургского государственного университета, Открытая межвузовская олимпиада школьников Сибирского федерального округа «Будущее Сибири», Твой путь в настоящую науку, Турнир имени М.В. Ломоносова;II;11;Победитель, призер;Физика;"Максимальное количество баллов по дополнительному вступительному испытанию по математике; Максимальное количество баллов по ЕГЭ по физике"
ФАКУЛЬТЕТ КОСМИЧЕСКИХ ИССЛЕДОВАНИЙ;Фундаментальные математика и механика;Информатика;Информатика;Международная олимпиада «Innopolis Open», Олимпиада школьников по программированию «ТехноКубок», Открытая олимпиада школьников по программированию «Когнитивные технологии», Отраслевая физико-математическая олимпиада школьников «Росатом», Олимпиада школьников «Гранит науки», Университетская олимпиада школьников «Бельчонок», Всесибирская открытая олимпиада школьников;II;11;Победитель, призер;Математика;"Максимальное количество баллов по дополнительному вступительному испытанию по математике; Максимальное количество баллов по ЕГЭ по информатике"
ФИЛИАЛ МГУ В Г. ГРОЗНОМ;Прикладная математика и информатика;Математика;Математика;Всероссийская олимпиада школьников «Высшая проба», Олимпиада школьников «Ломоносов», Олимпиада школьников Санкт-Петербургского государственного университета, Санкт-Петербургская олимпиада школьников, Турнир городов;I;11;Победитель, призер;Математика;Максимальное количество баллов по дополнительному вступительному испытанию по математике
ФИЛИАЛ МГУ В Г. ГРОЗНОМ;Прикладная математика и информатика;Математика;Математика;«Формула Единства»/«Третье тысячелетие», Всесибирская открытая олимпиада школьников, Международная олимпиада «Innopolis Open», Межрегиональная олимпиада школьников имени И.Я. Верченко, Объединенная межвузовская олимпиада школьников, Олимпиада Курчатов, Olimpiada shkolnikov «Fiztex», Олимпиада Юношеской математической школы, Отраслевая физико-математическая олимпиада школьников «Росатом», Турнир имени М.В. Ломоносова;II;11;Победитель, призер;Математика;Максимальное количество баллов по ЕГЭ по математике
ФИЛИАЛ МГУ В Г. ГРОЗНОМ;Юриспруденция;Обществознание;Обществознание;Всероссийская академическая олимпиада школьников имени В.И. Вернадского, Всероссийская олимпиада школьников «Высшая проба», Олимпиада школьников «Ломоносов», Олимпиада школьников Санкт-Петербургского государственного университета;I;11;Победитель, призер;Обществознание;Максимальное количество баллов по дополнительному вступительному испытанию по обществознанию
ФИЛИАЛ МГУ В Г. ГРОЗНОМ;Юриспруденция;Обществознание;Обществознание;Московская олимпиада школьников, Олимпиада МГИМО МИД России для школьников, Олимпиада РГГУ для школьников, Олимпиада школьников РАНХиГС при Президенте РФ;II;11;Победитель, призер;Обществознание;Максимальное количество баллов по ЕГЭ по обществознанию
ФИЛИАЛ МГУ В Г. ГРОЗНОМ;Юриспруденция;История;История;Всероссийская академическая олимпиада школьников имени В.И. Вернадского, Всероссийская олимпиада школьников «Высшая проба», Межрегиональная олимпиада школьников «Будущие исследователи – будущее науки», Московская олимпиада школьников, Олимпиада МГИМО МИД России для школьников, Олимпиада РГГУ для школьников, Олимпиада школьников «Ломоносов», Олимпиада школьников РАНХиГС при Президенте РФ, Олимпиада школьников Санкт-Петербургского государственного университета, Турнир имени М.В. Ломоносова;I, II;11;Победитель, призер;История;Максимальное количество баллов по ЕГЭ по истории
ФИЛИАЛ МГУ В Г. ГРОЗНОМ;Менеджмент;Математика;Математика;Всероссийская олимпиада школьников «Высшая проба», Олимпиада школьников «Ломоносов», Олимпиада школьников Санкт-Петербургского государственного университета, Санкт-Петербургская олимпиада школьников, Турнир городов;I;11;Победитель, призер;Математика;Максимальное количество баллов по дополнительному вступительному испытанию по математике
ФИЛИАЛ МГУ В Г. ГРОЗНОМ;Менеджмент;Математика;Математика;«Формула Единства»/«Третье тысячелетие», Всесибирская открытая олимпиада школьников, Международная олимпиада «Innopolis Open», Межрегиональная олимпиада школьников имени И.Я. Верченко, Объединенная межвузовская олимпиада школьников, Олимпиада Курчатов, Olimpiada shkolnikov «Fiztex», Олимпиада Юношеской математической школы, Отраслевая физико-математическая олимпиада школьников «Росатом», Турнир имени М.В. Ломоносова;II;11;Победитель, призер;Математика;Максимальное количество баллов по ЕГЭ по математике
ФИЛИАЛ МГУ В Г. ГРОЗНОМ;Фундаментальная и прикладная биология;Биология;Биология;Всероссийская олимпиада по агрогенетике для школьников старших классов «Иннагрика», Всероссийская олимпиада школьников «Высшая проба», Всероссийская Сеченовская олимпиада школьников, Всесибирская открытая олимпиада школьников, Межрегиональная олимпиада школьников «Будущие исследователи – будущее науки», Олимпиада школьников «Ломоносов», Olimpiada shkolnikov «Fiztex», Олимпиада школьников Санкт-Петербургского государственного университета, Турнир имени М.В. Ломоносова;I, II;11;Победитель, призер;Биология;Максимальное количество баллов по дополнительному вступительному испытанию по биологии
ФИЛИАЛ МГУ В Г. ГРОЗНОМ;Фундаментальная и прикладная биология;Химия;Химия;Всероссийская олимпиада школьников «Высшая проба», Всероссийская Сеченовская олимпиада школьников, Всесибирская открытая олимпиада школьников, Межрегиональная олимпиада школьников «Будущие исследователи – будущее науки», Межрегиональные предметные олимпиады ФГАОУ ВО «Казанский (Приволжский) федеральный университет», Многопредметная олимпиада «Юные таланты», Московская олимпиада школьников, Олимпиада по химии и химической технологии «Потомки Менделеева», Олимпиада школьников «Ломоносов», Олимпиада школьников Санкт-Петербургского государственного университета, Санкт-Петербургская олимпиада школьников, Турнир имени М.В. Ломоносова, Университетская олимпиада школьников «Бельчонок»;I, II;11;Победитель, призер;Химия;Максимальное количество баллов по ЕГЭ по химии
ФИЛИАЛ МГУ В Г. ГРОЗНОМ;Фармация;Химия;Химия;Всероссийская олимпиада школьников «Высшая проба», Всероссийская Сеченовская олимпиада школьников, Всесибирская открытая олимпиада школьников, Межрегиональная олимпиада школьников «Будущие исследователи – будущее науки», Межрегиональные предметные олимпиады ФГАОУ ВО «Казанский (Приволжский) федеральный университет», Многопредметная олимпиада «Юные таланты», Московская олимпиада школьников, Олимпиада по химии и химической технологии «Потомки Менделеева», Олимпиада школьников «Ломоносов», Олимпиада школьников Санкт-Петербургского государственного университета, Санкт-Петербургская олимпиада школьников, Турнир имени М.В. Ломоносова, Университетская олимпиада школьников «Бельчонок»;I, II;11;Победитель, призер;Химия;Максимальное количество баллов по дополнительному вступительному испытанию по химии
ФИЛИАЛ МГУ В Г. ГРОЗНОМ;Фармация;Биология;Биология;Всероссийская олимпиада по агрогенетике для школьников старших классов «Иннагрика», Всероссийская олимпиада школьников «Высшая проба», Всероссийская Сеченовская олимпиада школьников, Всесибирская открытая олимпиада школьников, Межрегиональная олимпиада школьников «Будущие исследователи – будущее науки», Олимпиада школьников «Ломоносов», Olimpiada shkolnikov «Fiztex», Олимпиада школьников Санкт-Петербургского государственного университета, Турнир имени М.В. Ломоносова;I, II;11;Победитель, призер;Биология;Максимальное количество баллов по ЕГЭ по биологии
ФИЛИАЛ МГУ В Г. СЕВАСТОПОЛЕ;Прикладная математика и информатика;Математика;Математика;«Формула Единства»/«Третье тысячелетие», Всероссийская олимпиада школьников «Высшая проба», Всесибирская открытая олимпиада школьников, Международная олимпиада «Innopolis Open», Международная олимпиада школьников Уральского федерального университета «Изумруд», Межрегиональная олимпиада школьников «Будущие исследователи – будущее науки», Межрегиональная олимпиада школьников имени И.Я. Верченко, Объединенная межвузовская олимпиада школьников, Олимпиада Курчатов, Олимпиада школьников «Ломоносов», Olimpiada shkolnikov «Fiztex», Олимпиада школьников «Шаг в будущее», Олимпиада школьников Санкт-Петербургского государственного университета, Олимпиада Юношеской математической школы, Открытая олимпиада школьников, Отраслевая физико-математическая олимпиада школьников «Росатом», Санкт-Петербургская олимпиада школьников, Турнир городов, Турнир имени М.В. Ломоносова, Университетская олимпиада школьников «Бельчонок»;I, II, III;11;Победитель, призер;Математика;Максимальное количество баллов по дополнительному вступительному испытанию по математике
ФИЛИАЛ МГУ В Г. СЕВАСТОПОЛЕ;Прикладная математика и информатика;Информатика;Информатика;Всероссийская олимпиада по искусственному интеллекту, Всероссийская олимпиада школьников «Высшая проба», Всесибирская открытая олимпиада школьников, Вузовско-академическая олимпиада по информатике, Международная олимпиада «Innopolis Open», Международная олимпиада школьников Уральского федерального университета «Изумруд», Межрегиональные предметные олимпиады ФГАОУ ВО «Казанский (Приволжский) федеральный университет», Московская олимпиада школьников, Олимпиада школьников «Гранит науки», Олимпиада школьников «Ломоносов», Олимпиада школьников «Шаг в будущее», Олимпиада школьников по информатике и программированию, Олимпиада школьников по программированию «ТехноКубок», Олимпиада школьников Санкт-Петербургского государственного университета, Открытая олимпиада школьников, Открытая олимпиада школьников по программированию, Открытая олимпиада школьников по программированию «Когнитивные технологии», Отраслевая физико-математическая олимпиада школьников «Росатом», Университетская олимпиада школьников «Бельчонок»;I, II, III;11;Победитель, призер;Информатика;Максимальное количество баллов по ЕГЭ по информатике
ФИЛИАЛ МГУ В Г. СЕВАСТОПОЛЕ;Прикладная математика и информатика;Инженерное дело;Физика;Отраслевая олимпиада школьников «Газпром»;III;11;Победитель, призер;Физика;Максимальное количество баллов по ЕГЭ по физике
ФИЛИАЛ МГУ В Г. СЕВАСТОПОЛЕ;Прикладная математика и информатика;Научно-технический;Математика;Olimpiada shkolnikov «Fiztex»;II;11;Победитель, призер;Математика;Максимальное количество баллов по дополнительному вступительному испытанию по математике
ФИЛИАЛ МГУ В Г. СЕВАСТОПОЛЕ;Прикладная математика и информатика;Научно-технический;Физика;Olimpiada shkolnikov «Fiztex»;II;11;Победитель, призер;Физика;Максимальное количество баллов по ЕГЭ по физике
ФИЛИАЛ МГУ В Г. СЕВАСТОПОЛЕ;Прикладная математика и информатика;Физика;Физика;Всероссийская олимпиада школьников «Высшая проба», Всесибирская открытая олимпиада школьников, Городская открытая олимпиада школьников по физике, Инженерная олимпиада школьников, Интернет-олимпиада школьников по физике, Международная олимпиада школьников Уральского федерального университета «Изумруд», Межрегиональная олимпиада школьников «Будущие исследователи – будущее науки», Межрегиональные предметные олимпиады ФГАОУ ВО «Казанский (Приволжский) федеральный университет», Московская олимпиада школьников, Объединенная межвузовская олимпиада школьников, Олимпиада школьников «Ломоносов», Олимпиада школьников «Покори Воробьевы горы!», Olimpiada shkolnikov «Fiztex», Олимпиада школьников «Шаг в будущее», Олимпиада школьников Санкт-Петербургского государственного университета, Открытая межвузовская олимпиада школьников Сибирского федерального округа «Будущее Сибири», Открытая олимпиада школьников, Открытая региональная межвузовская олимпиада школьников (ОРМО) с международным участием, Отраслевая физико-математическая олимпиада школьников «Росатом», Санкт-Петербургская астрономическая олимпиада, Твой путь в настоящую науку, Турнир имени М.В. Ломоносова, Университетская олимпиада школьников «Бельчонок»;I, II, III;11;Победитель, призер;Физика;Максимальное количество баллов по ЕГЭ по физике
ФИЛИАЛ МГУ В Г. СЕВАСТОПОЛЕ;География;География;География;Всероссийская олимпиада школьников «Высшая проба», Герценовская олимпиада школьников, Многопредметная олимпиада «Юные таланты», Олимпиада школьников «Ломоносов», Олимпиада школьников Санкт-Петербургского государственного университета, Открытая олимпиада Северо-Кавказского федерального университета среди учащихся образовательных организаций «45 параллель», Открытая региональная межвузовская олимпиада школьников (ОРМО) с международным участием;I, II, III;10, 11;Победитель, призер;География;Максимальное количество баллов по дополнительному вступительному испытанию по географии
ФИЛИАЛ МГУ В Г. СЕВАСТОПОЛЕ;История;История;История;Всероссийская академическая олимпиада школьников имени В.И. Вернадского, Всероссийская олимпиада школьников «Высшая проба», Всероссийская олимпиада школьников «Миссия выполнима. Твое призвание – финансист!», Всероссийская Толстовская олимпиада школьников, Международная олимпиада школьников Уральского федерального университета «Изумруд», Межрегиональная олимпиада школьников «Будущие исследователи – будущее науки», Межрегиональные предметные олимпиады ФГАОУ ВО «Казанский (Приволжский) федеральный университет», Московская олимпиада школьников, Общероссийская олимпиада школьников «Основы православной культуры», Олимпиада МГИМО МИД России для школьников, Олимпиада РГГУ для школьников, Олимпиада школьников «Ломоносов», Олимпиада школьников РАНХиГС при Президенте РФ, Олимпиада школьников Санкт-Петербургского государственного университета, Открытая региональная межвузовская олимпиада школьников (ОРМО) с международным участием, Турнир имени М.В. Ломоносова;I, II, III;11;Победитель, призер;История;Максимальное количество баллов по дополнительному вступительному испытанию по истории
ФИЛИАЛ МГУ В Г. СЕВАСТОПОЛЕ;История;Гуманитарные и социальные науки;История;Всероссийская академическая олимпиада школьников имени В.И. Вернадского, Олимпиада МГИМО МИД России для школьников, Олимпиада школьников Санкт-Петербургского государственного университета, Телевизионная гуманитарная олимпиада школьников «Умницы и умники»;I, II;11;Победитель, призер;История;Максимальное количество баллов по дополнительному вступительному испытанию по истории
ФИЛИАЛ МГУ В Г. СЕВАСТОПОЛЕ;История;Основы российской государственности;История;Олимпиада школьников «Ломоносов»;I;11;Победитель, призер;История;Максимальное количество баллов по дополнительному вступительному испытанию по истории
ФИЛИАЛ МГУ В Г. СЕВАСТОПОЛЕ;История;Международные отношения и глобалистика;История;Олимпиада школьников «Ломоносов»;I;11;Победитель, призер;История;Максимальное количество баллов по дополнительному вступительному испытанию по истории
ФИЛИАЛ МГУ В Г. СЕВАСТОПОЛЕ;История;История мировых цивилизаций;История;Межрегиональная олимпиада школьников «Будущие исследователи – будущее науки», Московская олимпиада школьников, Олимпиада МГИМО МИД России для школьников, Олимпиада РГГУ для школьников, Олимпиада школьников РАНХиГС при Президенте РФ, Турнир имени М.В. Ломоносова;II;11;Победитель, призер;История;Максимальное количество баллов по дополнительному вступительному испытанию по истории
ФИЛИАЛ МГУ В Г. СЕВАСТОПОЛЕ;Филология;Литература;Литература;Всероссийская Толстовская олимпиада школьников, Олимпиада РГГУ для школьников, Олимпиада школьников «Ломоносов», Открытая региональная межвузовская олимпиада школьников (ОРМО) с международным участием, Турнир имени М.В. Ломоносова;I, II, III;11;Победитель, призер;Литература;Максимальное количество баллов по дополнительному вступительному испытанию по литературе
ФИЛИАЛ МГУ В Г. СЕВАСТОПОЛЕ;Филология;Русский язык;Русский язык;Всероссийская олимпиада школьников «Высшая проба», Международная олимпиада школьников Уральского федерального университета «Изумруд», Межрегиональная олимпиада школьников «Будущие исследователи – будущее науки», Межрегиональные предметные олимпиады ФГАОУ ВО «Казанский (Приволжский) федеральный университет», Океан знаний, Олимпиада РГГУ для школьников, Олимпиада школьников «Ломоносов», Открытая региональная межвузовская олимпиада школьников (ОРМО) с международным участием;I, II, III;11;Победитель, призер;Русский язык;Максимальное количество баллов по ЕГЭ по русскому языку
ФИЛИАЛ МГУ В Г. СЕВАСТОПОЛЕ;Филология;Филология;Русский язык;Всероссийская олимпиада школьников «Высшая проба», Олимпиада школьников Санкт-Петербургского государственного университета, Северо-Восточная олимпиада школьников;I, III;11;Победитель, призер;Русский язык;Максимальное количество баллов по ЕГЭ по русскому языку
ФИЛИАЛ МГУ В Г. СЕВАСТОПОЛЕ;Филология;Филология;Литература;Всероссийская олимпиада школьников «Высшая проба», Олимпиада школьников Санкт-Петербургского государственного университета, Северо-Восточная олимпиада школьников;I, III;11;Победитель, призер;Литература;Максимальное количество баллов по дополнительному вступительному испытанию по литературе
ФИЛИАЛ МГУ В Г. СЕВАСТОПОЛЕ;Журналистика;Филология;Литература;Всероссийская олимпиада школьников «Высшая проба», Олимпиада школьников Санкт-Петербургского государственного университета, Северо-Восточная олимпиада школьников;I, III;11;Победитель, призер;Литература;Максимальное количество баллов по ЕГЭ по литературе
ФИЛИАЛ МГУ В Г. СЕВАСТОПОЛЕ;Журналистика;Литература;Литература;Всероссийская Толстовская олимпиада школьников, Олимпиада РГГУ для школьников, Олимпиада школьников «Ломоносов», Открытая региональная межвузовская олимпиада школьников (ОРМО) с международным участием, Турнир имени М.В. Ломоносова;I, II, III;11;Победитель, призер;Литература;Максимальное количество баллов по ЕГЭ по литературе
ФИЛИАЛ МГУ В Г. СЕВАСТОПОЛЕ;Журналистика;Журналистика;Средства массовой информации и информационно-библиотечное дело;Всероссийская олимпиада школьников «Высшая проба», Олимпиада школьников «Ломоносов», Олимпиада школьников РАНХиГС при Президенте РФ, Олимпиада школьников Санкт-Петербургского государственного университета;I, II;11;Победитель, призер;Литература;Максимальное количество баллов по дополнительному вступительному испытанию творческой направленности по журналистике
ФИЛИАЛ МГУ В Г. СЕВАСТОПОЛЕ;Психология;Биология;Биология;Всероссийская олимпиада по агрогенетике для школьников старших классов «Иннагрика», Всероссийская олимпиада школьников «Высшая проба», Всероссийская Сеченовская олимпиада школьников, Всесибирская открытая олимпиада школьников, Межрегиональная олимпиада школьников «Будущие исследователи – будущее науки», Олимпиада школьников «Ломоносов», Olimpiada shkolnikov «Fiztex», Олимпиада школьников Санкт-Петербургского государственного университета, Пироговская олимпиада для школьников по химии и биологии, Турнир имени М.В. Ломоносова;I, II, III;11;Победитель, призер;Биология;Максимальное количество баллов по дополнительному вступительному испытанию по биологии
ФИЛИАЛ МГУ В Г. СЕВАСТОПОЛЕ;Психология;Нейротехнологии и когнитивные науки;Компьютерные и информационные науки, биологические науки, информатика и вычислительная техника;Всероссийская междисциплинарная олимпиада школьников 8-11 классов «Национальная технологическая олимпиада»;III;11;Победитель, призер;Биология;Максимальное количество баллов по дополнительному вступительному испытанию по биологии
ФИЛИАЛ МГУ В Г. СЕВАСТОПОЛЕ;Психология;Психология;Психологические науки;Всероссийская олимпиада школьников «Высшая проба», Олимпиада школьников «Ломоносов», Олимпиада школьников Санкт-Петербургского государственного университета;I, II, III;11;Победитель, призер;Биология;Максимальное количество баллов по дополнительному вступительному испытанию по биологии
ФИЛИАЛ МГУ В Г. СЕВАСТОПОЛЕ;Экономика;Математика;Математика;«Формула Единства»/«Третье тысячелетие», Всероссийская олимпиада школьников «Высшая проба», Всесибирская открытая олимпиада школьников, Международная олимпиада «Innopolis Open», Международная олимпиада школьников Уральского федерального университета «Изумруд», Межрегиональная олимпиада школьников «Будущие исследователи – будущее науки», Межрегиональная олимпиада школьников имени И.Я. Верченко, Объединенная межвузовская олимпиада школьников, Олимпиада Курчатов, Олимпиада школьников «Ломоносов», Olimpiada shkolnikov «Fiztex», Олимпиада школьников «Шаг в будущее», Олимпиада школьников Санкт-Петербургского государственного университета, Олимпиада Юношеской математической школы, Открытая олимпиада школьников, Отраслевая физико-математическая олимпиада школьников «Росатом», Санкт-Петербургская олимпиада школьников, Турнир городов, Турнир имени М.В. Ломоносова, Университетская олимпиада школьников «Бельчонок»;I, II, III;11;Победитель, призер;Математика;Максимальное количество баллов по дополнительному вступительному испытанию по математике
ФИЛИАЛ МГУ В Г. СЕВАСТОПОЛЕ;Экономика;Финансовая грамотность;Экономика;«Финаллон для старшеклассников» – Всероссийская олимпиада по финансовой грамотности, устойчивому развитию и защите прав потребителей финансовых услуг, Всероссийская олимпиада школьников «Высшая проба», Московская олимпиада школьников, Олимпиада школьников РАНХиГС при Президенте РФ;I, III;11;Победитель, призер;Математика;Максимальное количество баллов по дополнительному вступительному испытанию по математике
ФИЛИАЛ МГУ В Г. СЕВАСТОПОЛЕ;Экономика;Финансовая грамотность;Математика;«Финаллон для старшеклассников» – Всероссийская олимпиада по финансовой грамотности, устойчивому развитию и защите прав потребителей финансовых услуг, Московская олимпиада школьников, Олимпиада школьников РАНХиГС при Президенте РФ;III;11;Победитель, призер;Математика;Максимальное количество баллов по дополнительному вступительному испытанию по математике
ФИЛИАЛ МГУ В Г. СЕВАСТОПОЛЕ;Экономика;Финансовая грамотность;Обществознание;«Финаллон для старшеклассников» – Всероссийская олимпиада по финансовой грамотности, устойчивому развитию и защите прав потребителей финансовых услуг, Московская олимпиада школьников, Олимпиада школьников РАНХиГС при Президенте РФ;III;11;Победитель, призер;Обществознание;Максимальное количество баллов по ЕГЭ по обществознанию
ФИЛИАЛ МГУ В Г. СЕВАСТОПОЛЕ;Экономика;Финансовая безопасность;Экономика и управление;Международная олимпиада по финансовой безопасности;I;11;Победитель, призер;Обществознание;Максимальное количество баллов по ЕГЭ по обществознанию
ФИЛИАЛ МГУ В Г. СЕВАСТОПОЛЕ;Экономика;Экономика;Экономика;Всероссийская академическая олимпиада школьников имени В.И. Вернадского, Всероссийская олимпиада школьников «Высшая проба», Всероссийская олимпиада школьников «Миссия выполнима. Твое призвание – финансист!», Московская олимпиада школьников, Олимпиада по экономике в рамках международного экономического фестиваля школьников «Сибириада. Шаг в мечту», Олимпиада школьников Санкт-Петербургского государственного университета;I, II;11;Победитель, призер;Математика;Максимальное количество баллов по дополнительному вступительному испытанию по математике
ФИЛИАЛ МГУ В Г. СЕВАСТОПОЛЕ;Экономика;Экономика;Математика;Олимпиада школьников РАНХиГС при Президенте РФ;III;11;Победитель, призер;Математика;Максимальное количество баллов по дополнительному вступительному испытанию по математике
ФИЛИАЛ МГУ В Г. СЕВАСТОПОЛЕ;Экономика;Экономика;Обществознание;Олимпиада школьников РАНХиГС при Президенте РФ;III;11;Победитель, призер;Обществознание;Максимальное количество баллов по ЕГЭ по обществознанию
ФИЛИАЛ МГУ В Г. СЕВАСТОПОЛЕ;Экономика;Обществознание;Обществознание;«Финаллон для старшеклассников» – Всероссийская олимпиада по финансовой грамотности, устойчивому развитию и защите прав потребителей финансовых услуг, Всероссийская академическая олимпиада школьников имени В.И. Вернадского, Всероссийская олимпиада школьников «Высшая проба», Всероссийская олимпиада школьников «Миссия выполнима. Твое призвание – финансист!», Всероссийская Толстовская олимпиада школьников, Международная олимпиада школьников Уральского федерального университета «Изумруд», Московская олимпиада школьников, Объединенная межвузовская олимпиада школьников, Олимпиада МГИМО МИД России для школьников, Олимпиада РГГУ для школьников, Олимпиада школьников «Ломоносов», Олимпиада школьников РАНХиГС при Президенте РФ, Олимпиада школьников Санкт-Петербургского государственного университета, Региональный конкурс школьников Челябинского университетского образовательного округа;I, II, III;11;Победитель, призер;Обществознание;Максимальное количество баллов по ЕГЭ по обществознанию
ФИЛИАЛ МГУ В Г. СЕВАСТОПОЛЕ;Экономика;Гуманитарные и социальные науки;Обществознание;Всероссийская академическая олимпиада школьников имени В.И. Вернадского, Олимпиада МГИМО МИД России для школьников, Олимпиада школьников Санкт-Петербургского государственного университета, Телевизионная гуманитарная олимпиада школьников «Умницы и умники»;I, II;11;Победитель, призер;Обществознание;Максимальное количество баллов по ЕГЭ по обществознанию
ФИЛИАЛ МГУ В Г. СЕВАСТОПОЛЕ;Экономика;Основы российской государственности;Обществознание;Олимпиада школьников «Ломоносов»;I;11;Победитель, призер;Обществознание;Максимальное количество баллов по ЕГЭ по обществознанию
ФИЛИАЛ МГУ В Г. СЕВАСТОПОЛЕ;Государственное и муниципальное управление;Финансовая грамотность;Обществознание;Всероссийская олимпиада школьников «Высшая проба»;I;11;Победитель, призер;Обществознание;Максимальное количество баллов по ЕГЭ по обществознанию
ФИЛИАЛ МГУ В Г. СЕВАСТОПОЛЕ;Государственное и муниципальное управление;Финансовая безопасность;Экономика и управление;*;III;11;Победитель, призер;Обществознание;Максимальное количество баллов по ЕГЭ по обществознанию
ФИЛИАЛ МГУ В Г. СЕВАСТОПОЛЕ;Государственное и муниципальное управление;Экономика;Обществознание;Всероссийская академическая олимпиада школьников имени В.И. Вернадского, Всероссийская олимпиада школьников «Высшая проба»;I;11;Победитель, призер;Обществознание;Максимальное количество баллов по ЕГЭ по обществознанию
ФИЛИАЛ МГУ В Г. СЕВАСТОПОЛЕ;Государственное и муниципальное управление;Обществознание;Обществознание;«Финаллон для старшеклассников» – Всероссийская олимпиада по финансовой грамотности, устойчивому развитию и защите прав потребителей финансовых услуг, Всероссийская олимпиада школьников «Миссия выполнима. Твое призвание – финансист!», Всероссийская Толстовская олимпиада школьников, Международная олимпиада школьников Уральского федерального университета «Изумруд», Объединенная межвузовская олимпиада школьников, Региональный конкурс школьников Челябинского университетского образовательного округа;III;11;Победитель, призер;Обществознание;Максимальное количество баллов по ЕГЭ по обществознанию
ФИЛИАЛ МГУ В Г. СЕВАСТОПОЛЕ;Государственное и муниципальное управление;Гуманитарные и социальные науки;Обществознание;Всероссийская академическая олимпиада школьников имени В.И. Вернадского, Олимпиада МГИМО МИД России для школьников, Олимпиада школьников Санкт-Петербургского государственного университета, Телевизионная гуманитарная олимпиада школьников «Умницы и умники»;I, II;11;Победитель, призер;Обществознание;Максимальное количество баллов по ЕГЭ по обществознанию
ФИЛИАЛ МГУ В Г. СЕВАСТОПОЛЕ;Государственное и муниципальное управление;Основы российской государственности;Обществознание;Олимпиада школьников «Ломоносов»;I;11;Победитель, призер Победитель,;Обществознание;Максимальное количество баллов по ЕГЭ по обществознанию
ФИЛИАЛ МГУ В Г. СЕВАСТОПОЛЕ;Физика;Физика;Физика;Всероссийская олимпиада школьников «Высшая проба», Всесибирская открытая олимпиада школьников, Городская открытая олимпиада школьников по физике, Инженерная олимпиада школьников, Интернет-олимпиада школьников по физике, Международная олимпиада школьников Уральского федерального университета «Изумруд», Межрегиональная олимпиада школьников «Будущие исследователи – будущее науки», Межрегиональные предметные олимпиады ФГАОУ ВО «Казанский (Приволжский) федеральный университет», Московская олимпиада школьников, Объединенная межвузовская олимпиада школьников, Олимпиада школьников «Ломоносов», Олимпиада школьников «Покори Воробьевы горы!», Olimpiada shkolnikov «Fiztex», Олимпиада школьников «Шаг в будущее», Олимпиада школьников Санкт-Петербургского государственного университета, Открытая межвузовская олимпиада школьников Сибирского федерального округа «Будущее Сибири», Открытая олимпиада школьников, Открытая региональная межвузовская олимпиада школьников (ОРМО) с международным участием, Отраслевая физико-математическая олимпиада школьников «Росатом», Санкт-Петербургская астрономическая олимпиада, Твой путь в настоящую науку, Турнир имени М.В. Ломоносова, Университетская олимпиада школьников «Бельчонок»;I, II, III;11;Победитель, призер Победитель,;Физика;Максимальное количество баллов по дополнительному вступительному испытанию по физике
ФИЛИАЛ МГУ В Г. СЕВАСТОПОЛЕ;Физика;Инженерное дело;Физика;Отраслевая олимпиада школьников «Газпром»;III;11;Попбердиизетрель, призер;Физика;Максимальное количество баллов по дополнительному вступительному испытанию по физике
ФИЛИАЛ МГУ В Г. СЕВАСТОПОЛЕ;Физика;Научно-технический;Математика;Olimpiada shkolnikov «Fiztex»;II;11;призер Победитель, призер;Математика;Максимальное количество баллов по дополнительному вступительному испытанию по математике
ФИЛИАЛ МГУ В Г. СЕВАСТОПОЛЕ;Физика;Научно-технический;Физика;Olimpiada shkolnikov «Fiztex»;II;11;Победитель, призер;Физика;Максимальное количество баллов по ЕГЭ по физике
ФИЛИАЛ МГУ В Г. СЕВАСТОПОЛЕ;Физика;Математика;Математика;«Формула Единства»/«Третье тысячелетие», Всероссийская олимпиада школьников «Высшая проба», Всесибирская открытая олимпиада школьников, Международная олимпиада «Innopolis Open», Международная олимпиада школьников Уральского федерального университета «Изумруд», Межрегиональная олимпиада школьников «Будущие исследователи – будущее науки», Межрегиональная олимпиада школьников имени И.Я. Верченко, Объединенная межвузовская олимпиада школьников, Олимпиада Курчатов, Олимпиада школьников «Ломоносов», Olimpiada shkolnikov «Fiztex», Олимпиада школьников «Шаг в будущее», Олимпиада школьников Санкт-Петербургского государственного университета, Олимпиада Юношеской математической школы, Открытая олимпиада школьников, Отраслевая физико-математическая олимпиада школьников «Росатом», Санкт-Петербургская олимпиада школьников, Турнир городов, Турнир имени М.В. Ломоносова, Университетская олимпиада школьников «Бельчонок»;I, II, III;11;Победитель, призер;Математика;Максимальное количество баллов по ЕГЭ по математике
