№,Образовательная программа,Олимпиада,Профиль,Предмет олимпиады,Предмет(ы) для подтверждения,Баллы,Вид права,Предмет 100 баллов,Кому,Класс
,Направление подготовки 01.03.01 Математика,Всероссийская олимпиада школьников «Высшая проба»,математика,математика,математика,75 и более,Право на прием БВИ,математика,Победителям и призерам,11 класс
,Направление подготовки 01.03.01 Математика,Всероссийская олимпиада школьников «Высшая проба»,математика,математика,математика,75 и более,Право на прием БВИ,математика,Победителям и призерам,10 класс
,Направление подготовки 01.03.01 Математика,Всероссийская олимпиада школьников «Высшая проба»,информатика,информатика,информатика,75 и более,Право на 100 баллов,информатика,Победителям,11 класс
,Направление подготовки 01.03.01 Математика,Всероссийская олимпиада школьников «Высшая проба»,физика,физика,физика,75 и более,Право на 100 баллов,физика,Победителям,11 класс
,Направление подготовки 01.03.01 Математика,Всероссийская открытая олимпиада школьников,информатика,информатика,информатика,75 и более,Право на 100 баллов,информатика,Победителям,11 класс
,Направление подготовки 01.03.01 Математика,Всероссийская открытая олимпиада школьников,математика,математика,математика,75 и более,Право на 100 баллов,математика,Победителям,11 класс
,Направление подготовки 01.03.01 Математика,Всероссийская открытая олимпиада школьников,физика,физика,физика,75 и более,Право на 100 баллов,физика,Победителям,11 класс
,Направление подготовки 01.03.01 Математика,Вузовско-академическая олимпиада по информатике,информатика,информатика,информатика,75 и более,Право на 100 баллов,информатика,Победителям,11 класс
,Направление подготовки 01.03.01 Математика,Городская открытая олимпиада школьников по физике,физика,физика,физика,75 и более,Право на 100 баллов,физика,Победителям,11 класс
,Направление подготовки 01.03.01 Математика,Инженерная олимпиада школьников,физика,физика,физика,75 и более,Право на прием БВИ,физика,Победителям,11 класс
,Направление подготовки 01.03.01 Математика,Инженерная олимпиада школьников,физика,физика,физика,75 и более,Право на 100 баллов,физика,Победителям и призерам,11 класс
,Направление подготовки 01.03.01 Математика,Олимпиада школьников «Шаг в будущее»,физика,физика,физика,75 и более,Право на 100 баллов,физика,Победителям,11 класс
,Направление подготовки 01.03.01 Математика,Интернет-олимпиада школьников по физике,физика,физика,физика,75 и более,Право на 100 баллов,физика,Победителям,11 класс
,Направление подготовки 01.03.01 Математика,Международная олимпиада «Innopolis Open»,математика,математика,математика,75 и более,Право на 100 баллов,математика,Победителям,11 класс
,Направление подготовки 01.03.01 Математика,Международная олимпиада «Innopolis Open»,информатика,информатика,информатика,75 и более,Право на 100 баллов,информатика,Победителям,11 класс
,Направление подготовки 01.03.01 Математика,Межрегиональная олимпиада школьников имени И.Я. Верченко,математика,математика,математика,75 и более,Право на 100 баллов,математика,Победителям,11 класс
,Направление подготовки 01.03.01 Математика,Московская олимпиада школьников,математика,математика,математика,75 и более,Право на прием БВИ,математика,Победителям и призерам,11 класс
,Направление подготовки 01.03.01 Математика,Московская олимпиада школьников,математика,математика,математика,75 и более,Право на прием БВИ,математика,Победителям и призерам,10 класс
,Направление подготовки 01.03.01 Математика,Московская олимпиада школьников,физика,физика,физика,75 и более,Право на прием БВИ,физика,Победителям,11 класс
,Направление подготовки 01.03.01 Математика,Московская олимпиада школьников,физика,физика,физика,75 и более,Право на 100 баллов,физика,Победителям и призерам,11 класс
,Направление подготовки 01.03.01 Математика,Московская олимпиада школьников,информатика,информатика,информатика,75 и более,Право на 100 баллов,информатика,Победителям,11 класс
,Направление подготовки 01.03.01 Математика,Объединенная межвузовская олимпиада школьников,математика,математика,математика,75 и более,Право на 100 баллов,математика,Победителям,11 класс
,Направление подготовки 01.03.01 Математика,«Формула Единства»/«Третье тысячелетие»,математика,математика,математика,75 и более,Право на 100 баллов,математика,Победителям,11 класс
,Направление подготовки 01.03.01 Математика,Олимпиада Курчатов,математика,математика,математика,75 и более,Право на 100 баллов,математика,Победителям,11 класс
,Направление подготовки 01.03.01 Математика,Олимпиада Курчатов,физика,физика,физика,75 и более,Право на 100 баллов,физика,Победителям,11 класс
,Направление подготовки 01.03.01 Математика,Олимпиада школьников «Ломоносов»,математика,математика,математика,75 и более,Право на прием БВИ,математика,Победителям,11 класс
,Направление подготовки 01.03.01 Математика,Олимпиада школьников «Ломоносов»,математика,математика,математика,75 и более,Право на 100 баллов,математика,Победителям и призерам,11 класс
,Направление подготовки 01.03.01 Математика,Олимпиада школьников «Ломоносов»,математика,математика,математика,75 и более,Право на 100 баллов,математика,Победителям и призерам,10 класс
,Направление подготовки 01.03.01 Математика,Олимпиада школьников «Ломоносов»,русский язык,русский язык,русский язык,75 и более,Право на 100 баллов,русский язык,Победителям и призерам,11 класс
,Направление подготовки 01.03.01 Математика,Олимпиада школьников «Ломоносов»,информатика,информатика,информатика,75 и более,Право на 100 баллов,информатика,Победителям,11 класс
,Направление подготовки 01.03.01 Математика,Олимпиада школьников «Ломоносов»,физика,физика,физика,75 и более,Право на прием БВИ,физика,Победителям,11 класс
,Направление подготовки 01.03.01 Математика,Олимпиада школьников «Ломоносов»,физика,физика,физика,75 и более,Право на 100 баллов,физика,Победителям и призерам,11 класс
,Направление подготовки 01.03.01 Математика,Олимпиада школьников «Покори Воробьевы горы!»,математика,математика,математика,75 и более,Право на прием БВИ,математика,Победителям,11 класс
,Направление подготовки 01.03.01 Математика,Олимпиада школьников «Покори Воробьевы горы!»,математика,математика,математика,75 и более,Право на 100 баллов,математика,Победителям и призерам,11 класс
,Направление подготовки 01.03.01 Математика,Олимпиада школьников «Покори Воробьевы горы!»,математика,математика,математика,75 и более,Право на 100 баллов,математика,Победителям и призерам,10 класс
,Направление подготовки 01.03.01 Математика,Олимпиада школьников «Покори Воробьевы горы!»,физика,физика,физика,75 и более,Право на прием БВИ,физика,Победителям,11 класс
,Направление подготовки 01.03.01 Математика,Олимпиада школьников «Покори Воробьевы горы!»,физика,физика,физика,75 и более,Право на 100 баллов,физика,Победителям и призерам,11 класс
,Направление подготовки 01.03.01 Математика,Олимпиада школьников «Робофест»,физика,физика,физика,75 и более,Право на 100 баллов,физика,Победителям,11 класс
,Направление подготовки 01.03.01 Математика,Олимпиада школьников «Фитех»,математика,математика,математика,75 и более,Право на 100 баллов,математика,Победителям,11 класс
,Направление подготовки 01.03.01 Математика,Олимпиада школьников «Фитех»,физика,физика,физика,75 и более,Право на прием БВИ,физика,Победителям,11 класс
,Направление подготовки 01.03.01 Математика,Олимпиада школьников по информатике и программированию,информатика,информатика,информатика,75 и более,Право на 100 баллов,информатика,Победителям,11 класс
,Направление подготовки 01.03.01 Математика,Олимпиада школьников по программированию «ТехноКубок»,информатика,информатика,информатика,75 и более,Право на 100 баллов,информатика,Победителям,11 класс
,Направление подготовки 01.03.01 Математика,Олимпиада школьников Санкт-Петербургского государственного университета,математика,математика,математика,75 и более,Право на прием БВИ,математика,Победителям,11 класс
,Направление подготовки 01.03.01 Математика,Олимпиада школьников Санкт-Петербургского государственного университета,математика,математика,математика,75 и более,Право на 100 баллов,математика,Победителям,10 класс
,Направление подготовки 01.03.01 Математика,Олимпиада школьников Санкт-Петербургского государственного университета,информатика,информатика,информатика,75 и более,Право на 100 баллов,информатика,Победителям,11 класс
,Направление подготовки 01.03.01 Математика,Олимпиада школьников Санкт-Петербургского государственного университета,физиология,иностранный язык литература русский язык,русский язык,75 и более,Право на 100 баллов,русский язык,Победителям,11 класс
,Направление подготовки 01.03.01 Математика,Олимпиада школьников Санкт-Петербургского государственного университета,физика,физика,физика,75 и более,Право на 100 баллов,физика,Победителям,11 класс
,Направление подготовки 01.03.01 Математика,Олимпиада Юношеской математической школы,математика,математика,математика,75 и более,Право на 100 баллов,математика,Победителям,11 класс
,Направление подготовки 01.03.01 Математика,Открытая межвузовская олимпиада школьников Сибирского Федерального округа «Будущее Сибири»,физика,физика,физика,75 и более,Право на 100 баллов,физика,Победителям,11 класс
,Направление подготовки 01.03.01 Математика,Открытая олимпиада школьников,информатика,информатика,информатика,75 и более,Право на 100 баллов,информатика,Победителям,11 класс
,Направление подготовки 01.03.01 Математика,Открытая олимпиада школьников по программированию,информатика,информатика,информатика,75 и более,Право на 100 баллов,информатика,Победителям,11 класс
,Направление подготовки 01.03.01 Математика,Открытая олимпиада школьников по программированию «Когнитивные технологии»,информатика,информатика,информатика,75 и более,Право на 100 баллов,информатика,Победителям,11 класс
,Направление подготовки 01.03.01 Математика,Отраслевая физико-математическая олимпиада школьников «Росатом»,физика,физика,физика,75 и более,Право на прием БВИ,физика,Победителям,11 класс
,Направление подготовки 01.03.01 Математика,Отраслевая физико-математическая олимпиада школьников «Росатом»,математика,математика,математика,75 и более,Право на 100 баллов,математика,Победителям,11 класс
,Направление подготовки 01.03.01 Математика,Отраслевая физико-математическая олимпиада школьников «Росатом»,информатика,информатика,информатика,75 и более,Право на 100 баллов,информатика,Победителям,11 класс
,Направление подготовки 01.03.01 Математика,Санкт-Петербургская олимпиада школьников,математика,математика,математика,75 и более,Право на прием БВИ,математика,Победителям,11 класс
,Направление подготовки 01.03.01 Математика,Санкт-Петербургская олимпиада школьников,математика,математика,математика,75 и более,Право на 100 баллов,математика,Победителям,10 класс
,Направление подготовки 01.03.01 Математика,Олимпиада школьников «Гранит науки»,информатика,информатика,информатика,75 и более,Право на 100 баллов,информатика,Победителям,11 класс
,Направление подготовки 01.03.01 Математика,Твой путь в настоящую науку,физика,физика,физика,75 и более,Право на 100 баллов,физика,Победителям,11 класс
,Направление подготовки 01.03.01 Математика,Турнир городов,математика,математика,математика,75 и более,Право на прием БВИ,математика,Победителям и призерам,11 класс
,Направление подготовки 01.03.01 Математика,Университетская олимпиада школьников «Бельчонок»,информатика,информатика,информатика,75 и более,Право на 100 баллов,информатика,Победителям,11 класс
,Направление подготовки 01.03.01 Математика,Турнир имени М.В. Ломоносова,лингвистика,русский язык иностранный язык математика,русский язык,75 и более,Право на 100 баллов,русский язык,Победителям и призерам,11 класс
,Направление подготовки 01.03.01 Математика,Турнир имени М.В. Ломоносова,математика,математика,математика,75 и более,Право на 100 баллов,математика,Победителям,11 класс
,Направление подготовки 01.03.01 Математика,Турнир имени М.В. Ломоносова,физика,физика,физика,75 и более,Право на 100 баллов,физика,Победителям,11 класс
,Направление подготовки 01.03.01 Математика,Всероссийская олимпиада школьников «Высшая проба»,математика,математика,математика,75 и более,Право на 100 баллов,математика,Победителям и призерам,"10, 11 класс"
,Направление подготовки 01.03.01 Математика,Всероссийская олимпиада школьников «Высшая проба»,информатика,информатика,информатика,75 и более,Право на прием БВИ,информатика,Победителям,11 класс
,Направление подготовки 01.03.01 Математика,Всероссийская олимпиада школьников «Высшая проба»,информатика,информатика,информатика,75 и более,Право на 100 баллов,информатика,Победителям и призерам,11 класс
,Направление подготовки 01.03.01 Математика,Всероссийская олимпиада школьников «Высшая проба»,физика,физика,физика,75 и более,Право на 100 баллов,физика,Победителям,11 класс
,Направление подготовки 01.03.01 Математика,Всероссийская открытая олимпиада школьников,информатика,информатика,информатика,75 и более,Право на прием БВИ,информатика,Победителям,11 класс
,Направление подготовки 01.03.01 Математика,Всероссийская открытая олимпиада школьников,информатика,информатика,информатика,75 и более,Право на 100 баллов,информатика,Победителям и призерам,11 класс
,Направление подготовки 01.03.01 Математика,Всероссийская открытая олимпиада школьников,математика,математика,математика,75 и более,Право на прием БВИ,математика,Победителям,11 класс
,Направление подготовки 01.03.01 Математика,Всероссийская открытая олимпиада школьников,математика,математика,математика,75 и более,Право на 100 баллов,математика,Победителям и призерам,11 класс
,Направление подготовки 01.03.01 Математика,Всероссийская открытая олимпиада школьников,физика,физика,физика,75 и более,Право на 100 баллов,физика,Победителям,11 класс
,Направление подготовки 01.03.01 Математика,Вузовско-академическая олимпиада по информатике,информатика,информатика,информатика,75 и более,Право на прием БВИ,информатика,Победителям,11 класс
,Направление подготовки 01.03.01 Математика,Вузовско-академическая олимпиада по информатике,информатика,информатика,информатика,75 и более,Право на 100 баллов,информатика,Победителям и призерам,11 класс
,Направление подготовки 01.03.01 Математика,Городская открытая олимпиада школьников по физике,физика,физика,физика,75 и более,Право на 100 баллов,физика,Победителям,11 класс
,Направление подготовки 01.03.01 Математика,Инженерная олимпиада школьников,физика,физика,физика,75 и более,Право на прием БВИ,физика,Победителям,11 класс
,Направление подготовки 01.03.01 Математика,Инженерная олимпиада школьников,физика,физика,физика,75 и более,Право на 100 баллов,физика,Победителям и призерам,11 класс
,Направление подготовки 01.03.01 Математика,Олимпиада школьников «Шаг в будущее»,физика,физика,физика,75 и более,Право на 100 баллов,физика,Победителям,11 класс
,Направление подготовки 01.03.01 Математика,Олимпиада школьников «Гранит науки»,информатика,информатика,информатика,75 и более,Право на 100 баллов,информатика,Победителям,11 класс
,Направление подготовки 01.03.01 Математика,Твой путь в настоящую науку,физика,физика,физика,75 и более,Право на 100 баллов,физика,Победителям,11 класс
,Направление подготовки 01.03.01 Математика,Интернет-олимпиада школьников по физике,физика,физика,физика,75 и более,Право на 100 баллов,физика,Победителям,11 класс
,Направление подготовки 01.03.01 Математика,Международная олимпиада «Innopolis Open»,математика,математика,математика,75 и более,Право на прием БВИ,математика,Победителям,11 класс
,Направление подготовки 01.03.01 Математика,Международная олимпиада «Innopolis Open»,математика,математика,математика,75 и более,Право на 100 баллов,математика,Победителям и призерам,11 класс
,Направление подготовки 01.03.01 Математика,Международная олимпиада «Innopolis Open»,информатика,информатика,информатика,75 и более,Право на 100 баллов,информатика,Победителям,11 класс
2,Совместный бакалавриат ВШЭ и ЦПМ,Межрегиональная олимпиада школьников имени И.Я. Верченко,математика,математика,математика,75 и более,Право на прием БВИ,математика,Победителям,11 класс
,Совместный бакалавриат ВШЭ и ЦПМ,Межрегиональная олимпиада школьников имени И.Я. Верченко,математика,математика,математика,75 и более,Право на 100 баллов,математика,Победителям и призерам,11 класс
,Совместный бакалавриат ВШЭ и ЦПМ,Московская олимпиада школьников,математика,математика,математика,75 и более,Право на прием БВИ,математика,Победителям и призерам,"10, 11 класс"
,Совместный бакалавриат ВШЭ и ЦПМ,Московская олимпиада школьников,физика,физика,физика,75 и более,Право на прием БВИ,физика,Победителям,11 класс
,Совместный бакалавриат ВШЭ и ЦПМ,Московская олимпиада школьников,физика,физика,физика,75 и более,Право на 100 баллов,физика,Победителям и призерам,11 класс
,Совместный бакалавриат ВШЭ и ЦПМ,Московская олимпиада школьников,информатика,информатика,информатика,75 и более,Право на прием БВИ,информатика,Победителям,11 класс
,Совместный бакалавриат ВШЭ и ЦПМ,Московская олимпиада школьников,информатика,информатика,информатика,75 и более,Право на 100 баллов,информатика,Победителям и призерам,11 класс
,Совместный бакалавриат ВШЭ и ЦПМ,Объединенная межвузовская олимпиада школьников,математика,математика,математика,75 и более,Право на прием БВИ,математика,Победителям,11 класс
,Совместный бакалавриат ВШЭ и ЦПМ,Объединенная межвузовская олимпиада школьников,математика,математика,математика,75 и более,Право на 100 баллов,математика,Победителям и призерам,11 класс
,Совместный бакалавриат ВШЭ и ЦПМ,«Формула Единства»/«Третье тысячелетие»,математика,математика,математика,75 и более,Право на прием БВИ,математика,Победителям,11 класс
,Совместный бакалавриат ВШЭ и ЦПМ,«Формула Единства»/«Третье тысячелетие»,математика,математика,математика,75 и более,Право на 100 баллов,математика,Победителям и призерам,11 класс
,Совместный бакалавриат ВШЭ и ЦПМ,Олимпиада Курчатов,математика,математика,математика,75 и более,Право на прием БВИ,математика,Победителям,11 класс
,Совместный бакалавриат ВШЭ и ЦПМ,Олимпиада Курчатов,математика,математика,математика,75 и более,Право на 100 баллов,математика,Победителям и призерам,11 класс
,Совместный бакалавриат ВШЭ и ЦПМ,Олимпиада Курчатов,физика,физика,физика,75 и более,Право на 100 баллов,физика,Победителям,11 класс
,Совместный бакалавриат ВШЭ и ЦПМ,Олимпиада школьников «Ломоносов»,математика,математика,математика,75 и более,Право на прием БВИ,математика,Победителям и призерам,"10, 11 класс"
,Совместный бакалавриат ВШЭ и ЦПМ,Олимпиада школьников «Ломоносов»,информатика,информатика,информатика,75 и более,Право на 100 баллов,информатика,Победителям,11 класс
,Совместный бакалавриат ВШЭ и ЦПМ,Олимпиада школьников «Ломоносов»,физика,физика,физика,75 и более,Право на прием БВИ,физика,Победителям,11 класс
,Совместный бакалавриат ВШЭ и ЦПМ,Олимпиада школьников «Ломоносов»,физика,физика,физика,75 и более,Право на 100 баллов,физика,Победителям и призерам,11 класс
,Совместный бакалавриат ВШЭ и ЦПМ,Олимпиада школьников «Ломоносов»,русский язык,русский язык,русский язык,75 и более,Право на 100 баллов,русский язык,Победителям и призерам,11 класс
,Совместный бакалавриат ВШЭ и ЦПМ,Олимпиада школьников «Покори Воробьевы горы!»,математика,математика,математика,75 и более,Право на прием БВИ,математика,Победителям и призерам,"10, 11 класс"
,Совместный бакалавриат ВШЭ и ЦПМ,Олимпиада школьников «Покори Воробьевы горы!»,физика,физика,физика,75 и более,Право на прием БВИ,физика,Победителям,11 класс
,Совместный бакалавриат ВШЭ и ЦПМ,Олимпиада школьников «Покори Воробьевы горы!»,физика,физика,физика,75 и более,Право на 100 баллов,физика,Победителям и призерам,11 класс
,Совместный бакалавриат ВШЭ и ЦПМ,Олимпиада школьников «Робофест»,физика,физика,физика,75 и более,Право на 100 баллов,физика,Победителям,11 класс
,Совместный бакалавриат ВШЭ и ЦПМ,Олимпиада школьников «Фитех»,математика,математика,математика,75 и более,Право на прием БВИ,математика,Победителям и призерам,11 класс
,Совместный бакалавриат ВШЭ и ЦПМ,Олимпиада школьников «Фитех»,физика,физика,физика,75 и более,Право на прием БВИ,физика,Победителям,11 класс
,Совместный бакалавриат ВШЭ и ЦПМ,Олимпиада школьников «Фитех»,физика,физика,физика,75 и более,Право на 100 баллов,физика,Победителям и призерам,11 класс
,Совместный бакалавриат ВШЭ и ЦПМ,Олимпиада школьников по информатике и программированию,информатика,информатика,информатика,75 и более,Право на прием БВИ,информатика,Победителям,11 класс
,Совместный бакалавриат ВШЭ и ЦПМ,Олимпиада школьников по информатике и программированию,информатика,информатика,информатика,75 и более,Право на 100 баллов,информатика,Победителям и призерам,11 класс
,Совместный бакалавриат ВШЭ и ЦПМ,Олимпиада школьников по программированию «ТехноКубок»,информатика,информатика,информатика,75 и более,Право на 100 баллов,информатика,Победителям,11 класс
,Совместный бакалавриат ВШЭ и ЦПМ,Олимпиада школьников Санкт-Петербургского государственного университета,математика,математика,математика,75 и более,Право на прием БВИ,информатика,Победителям и призерам,"10, 11 класс"
,Совместный бакалавриат ВШЭ и ЦПМ,Олимпиада школьников Санкт-Петербургского государственного университета,информатика,информатика,информатика,75 и более,Право на прием БВИ,информатика,Победителям и призерам,11 класс
,Совместный бакалавриат ВШЭ и ЦПМ,Олимпиада Юношеской математической школы,физика,физика,физика,75 и более,Право на прием БВИ,физика,Победителям и призерам,11 класс
,Совместный бакалавриат ВШЭ и ЦПМ,Олимпиада Юношеской математической школы,физиология,иностранный язык литература русский язык,русский язык,75 и более,Право на 100 баллов,русский язык,Победителям и призерам,11 класс
,Совместный бакалавриат ВШЭ и ЦПМ,Открытая межвузовская олимпиада школьников Сибирского Федерального округа «Будущее Сибири»,математика,математика,математика,75 и более,Право на прием БВИ,математика,Победителям и призерам,11 класс
,Совместный бакалавриат ВШЭ и ЦПМ,Открытая межвузовская олимпиада школьников Сибирского Федерального округа «Будущее Сибири»,физика,физика,физика,75 и более,Право на 100 баллов,физика,Победителям и призерам,11 класс
,Совместный бакалавриат ВШЭ и ЦПМ,Открытая олимпиада школьников,информатика,информатика,информатика,75 и более,Право на прием БВИ,информатика,Победителям и призерам,11 класс
,Совместный бакалавриат ВШЭ и ЦПМ,Открытая олимпиада школьников,информатика,информатика,информатика,75 и более,Право на прием БВИ,информатика,Победителям и призерам,11 класс
,Совместный бакалавриат ВШЭ и ЦПМ,Открытая олимпиада школьников по программированию,информатика,информатика,информатика,75 и более,Право на прием БВИ,информатика,Победителям и призерам,11 класс
,Совместный бакалавриат ВШЭ и ЦПМ,Открытая олимпиада школьников по программированию,информатика,информатика,информатика,75 и более,Право на прием БВИ,информатика,Победителям и призерам,11 класс
,Совместный бакалавриат ВШЭ и ЦПМ,Открытая олимпиада школьников по программированию «Когнитивные технологии»,информатика,информатика,информатика,75 и более,Право на прием БВИ,информатика,Победителям и призерам,11 класс
,Совместный бакалавриат ВШЭ и ЦПМ,Открытая олимпиада школьников по программированию «Когнитивные технологии»,физика,физика,физика,75 и более,Право на прием БВИ,физика,Победителям и призерам,11 класс
,Совместный бакалавриат ВШЭ и ЦПМ,Отраслевая физико-математическая олимпиада школьников «Росатом»,математика,математика,математика,75 и более,Право на прием БВИ,математика,Победителям и призерам,11 класс
,Совместный бакалавриат ВШЭ и ЦПМ,Отраслевая физико-математическая олимпиада школьников «Росатом»,информатика,информатика,информатика,75 и более,Право на прием БВИ,математика,Победителям и призерам,11 класс
,Совместный бакалавриат ВШЭ и ЦПМ,Санкт-Петербургская олимпиада школьников,математика,математика,математика,75 и более,Право на прием БВИ,математика,Победителям и призерам,"10, 11 класс"
,Совместный бакалавриат ВШЭ и ЦПМ,Турнир городов,математика,математика,математика,75 и более,Право на прием БВИ,математика,Победителям и призерам,11 класс
,Совместный бакалавриат ВШЭ и ЦПМ,Турнир имени М.В. Ломоносова,математика,математика,математика,75 и более,Право на прием БВИ,математика,Победителям и призерам,11 класс
,Совместный бакалавриат ВШЭ и ЦПМ,Турнир имени М.В. Ломоносова,физика,физика,физика,75 и более,Право на прием БВИ,физика,Победителям и призерам,11 класс
,Направление подготовки 01.03.04 Прикладная математика,Всероссийская олимпиада школьников «Высшая проба»,инженерные науки,информационная безопасность информатика и вычислительная техника,физика / информатика,75 и более,Право на прием БВИ,физика / информатика,Победителям и призерам,"10, 11 класс"
,Направление подготовки 01.03.04 Прикладная математика,Всероссийская олимпиада школьников «Высшая проба»,математика,математика,математика,75 и более,Право на прием БВИ,математика,Победителям и призерам,"10, 11 класс"
,Направление подготовки 01.03.04 Прикладная математика,Всероссийская олимпиада школьников «Высшая проба»,русский язык,русский язык,русский язык,75 и более,Право на 100 баллов,русский язык,Победителям и призерам,"10, 11 класс"
,Направление подготовки 01.03.04 Прикладная математика,Всероссийская олимпиада школьников «Высшая проба»,физика,физика,физика,75 и более,Право на прием БВИ,физика,Победителям и призерам,"10, 11 класс"
,Направление подготовки 01.03.04 Прикладная математика,Всероссийская олимпиада школьников «Высшая проба»,анализ данных,компьютерные и информационные науки информатика и вычислительная техника,математика,75 и более,Право на прием БВИ,математика,Победителям и призерам,"10, 11 класс"
,Направление подготовки 01.03.04 Прикладная математика,Всероссийская олимпиада школьников «Высшая проба»,промышленное программирование,компьютерные и информационные науки информатика и вычислительная техника,информатика,75 и более,Право на 100 баллов,информатика,Победителям и призерам,11 класс
,Направление подготовки 01.03.04 Прикладная математика,Всероссийская олимпиада школьников «Высшая проба»,информатика,информатика,информатика,75 и более,Право на прием БВИ,физика / информатика,Победителям и призерам,"10, 11 класс"
,Направление подготовки 01.03.04 Прикладная математика,Всероссийская открытая олимпиада школьников,математика,математика,математика,75 и более,Право на прием БВИ,математика,Победителям и призерам,11 класс
,Направление подготовки 01.03.04 Прикладная математика,Всероссийская открытая олимпиада школьников,информатика,информатика,информатика,75 и более,Право на прием БВИ,информатика,Победителям и призерам,11 класс
,Направление подготовки 01.03.04 Прикладная математика,Всероссийская открытая олимпиада школьников,физика,физика,физика,75 и более,Право на прием БВИ,физика,Победителям и призерам,11 класс
,Направление подготовки 01.03.04 Прикладная математика,Городская открытая олимпиада школьников по физике,физика,физика,физика,75 и более,Право на прием БВИ,физика,Победителям и призерам,11 класс
,Направление подготовки 01.03.04 Прикладная математика,Инженерная олимпиада школьников,физика,физика,физика,75 и более,Право на прием БВИ,физика,Победителям и призерам,11 класс
,Направление подготовки 01.03.04 Прикладная математика,Интернет-олимпиада школьников по физике,физика,физика,физика,75 и более,Право на прием БВИ,физика,Победителям и призерам,11 класс
,Направление подготовки 01.03.04 Прикладная математика,Межрегиональная олимпиада школьников имени И.Я. Верченко,математика,"математика, криптография",математика,75 и более,Право на прием БВИ,математика,Победителям и призерам,11 класс
,Направление подготовки 01.03.04 Прикладная математика,Межрегиональная олимпиада школьников на базе ведомственных образовательных организаций,физика,физика,физика,75 и более,Право на 100 баллов,физика,Победителям и призерам,11 класс
,Направление подготовки 01.03.04 Прикладная математика,Межрегиональная олимпиада школьников на базе ведомственных образовательных организаций,техника и технологии,"технологии материалов, машиностроение, фотоника, приборостроение, оптические и биотехнические системы и технологии, авиационная и ракетно-космическая техника, техника и технологии наземного транспорта, техника и технологии кораблестроения и водного транспорта, биотехнология, информационная безопасность, химические технологии",физика / информатика,75 и более,Право на прием БВИ,физика / информатика,Победителям и призерам,11 класс
,Направление подготовки 01.03.04 Прикладная математика,Многопрофильная инженерная олимпиада «Звезда»,естественные науки,"архитектура, техника и технологии строительства, информационная безопасность, электроника, радиотехника и системы связи, фотоника, приборостроение, оптические и биотехнические системы и технологии, электро- и теплоэнергетика, ядерная энергетика и технологии, машиностроение, оружие и системы вооружения, химические технологии, промышленная экология и биотехнологии, техносферная безопасность и природообустройство, прикладная геология, горное дело, нефтегазовое дело и геодезия, технологии материалов, техника и технологии наземного транспорта, авиационная и ракетно-космическая техника,",физика / информатика,75 и более,Право на прием БВИ,физика / информатика,Победителям и призерам,11 класс
,Направление подготовки 01.03.04 Прикладная математика,Московская олимпиада школьников,математика,математика,математика,75 и более,Право на прием БВИ,математика,Победителям и призерам,"10, 11 класс"
,Направление подготовки 01.03.04 Прикладная математика,Московская олимпиада школьников,предпрофессиональная,"информационная безопасность, информатика и вычислительная техника, машиностроение, промышленная экология и биотехнологии, техносферная безопасность и природообустройство, фотоника, приборостроение, оптические и биотехнические системы и технологии, электроника, радиотехника и системы связи, ядерная энергетика и технологии",физика / информатика,75 и более,Право на прием БВИ,физика / информатика,Победителям и призерам,11 класс
,Направление подготовки 01.03.04 Прикладная математика,Московская олимпиада школьников,вероятность и статистика,математика,математика,75 и более,Право на прием БВИ,математика,Победителям и призерам,11 класс
,Направление подготовки 01.03.04 Прикладная математика,Московская олимпиада школьников,физика,физика,физика,75 и более,Право на прием БВИ,физика,Победителям и призерам,11 класс
,Направление подготовки 01.03.04 Прикладная математика,Московская олимпиада школьников,информатика,информатика,информатика,75 и более,Право на прием БВИ,информатика,Победителям и призерам,11 класс
,Направление подготовки 01.03.04 Прикладная математика,Московская олимпиада школьников,робототехника,"машиностроение, механика, информатика и вычислительная техника",физика / информатика,75 и более,Право на прием БВИ,физика / информатика,Победителям и призерам,11 класс
,Направление подготовки 01.03.04 Прикладная математика,Московская олимпиада школьников,астрономия,астрономия,физика,75 и более,Право на прием БВИ,физика,Победителям и призерам,11 класс
,Направление подготовки 01.03.04 Прикладная математика,Объединенная межвузовская олимпиада школьников,математика,математика,математика,75 и более,Право на прием БВИ,математика,Победителям и призерам,11 класс
,Направление подготовки 01.03.04 Прикладная математика,Объединенная межвузовская олимпиада школьников,физика,физика,физика,75 и более,Право на 100 баллов,физика,Победителям и призерам,11 класс
,Направление подготовки 01.03.04 Прикладная математика,«Формула Единства»/«Третье тысячелетие»,математика,математика,"компьютерные и информационные науки, информатика и вычислительная техника, информационная безопасность, электроника, радиоэлектроника и системы",физика / информатика / математика,75 и более,Право на прием БВИ,физика / информатика / математика,Победителям и призерам,11 класс
,Направление подготовки 01.03.04 Прикладная математика,«Формула Единства»/«Третье тысячелетие»,автоматизация бизнес-процессов,"математика и механика, компьютерные и информационные науки, информатика и вычислительная техника, электроника, радиоэлектроника и системы связи, машиностроение, техника и технология наземного транспорта, авиационная и ракетно-космическая техника, аэронавигация и эксплуатация авиационной и ракетно-космической техники, управление в технических системах",физика / информатика / математика,75 и более,Право на прием БВИ,физика / информатика / математика,Победителям и призерам,11 класс
,Направление подготовки 01.03.04 Прикладная математика,«Формула Единства»/«Третье тысячелетие»,большие данные и машинное обучение,"математика и механика, компьютерные и информационные науки, информатика и вычислительная техника, информационная безопасность, электроника, радиоэлектроника и системы связи, фотоника, приборостроение, оптические и биотехнические системы и технологии, электро- и теплоэнергетика, машиностроение, авиационная и ракетно-космическая техника, управление в технических системах, языкознание и литературоведение",физика / информатика / математика,75 и более,Право на 100 баллов,физика / информатика / математика,Победителям и призерам,11 класс
,Направление подготовки 01.03.04 Прикладная математика,«Формула Единства»/«Третье тысячелетие»,интеллектуальные робототехнические системы,"компьютерные и информационные науки, информатика и вычислительная техника, информационная безопасность, электроника, радиотехника и системы связи, фотоника, приборостроение, оптические и биотехнические системы и технологии, электро- и теплоэнергетика, машиностроение, авиационная и ракетно- космическая техника, управление в технических системах",физика / информатика / математика,75 и более,Право на 100 баллов,физика / информатика / математика,Победителям и призерам,11 класс
,Направление подготовки 01.03.04 Прикладная математика,«Формула Единства»/«Третье тысячелетие»,интеллектуальные энергетические системы,"математика и механика, компьютерные и информационные науки, информатика и вычислительная техника, информационная безопасность, электроника, радиотехника и системы связи, электро- и теплоэнергетика, управление в технических системах, экономика и управление",физика / информатика / математика,75 и более,Право на 100 баллов,физика / информатика / математика,Победителям и призерам,11 класс
,Направление подготовки 01.03.04 Прикладная математика,«Формула Единства»/«Третье тысячелетие»,искусственный интеллект,"математика и механика, компьютерные и информационные науки, информатика и вычислительная техника, информационная безопасность",физика / информатика / математика,75 и более,Право на 100 баллов,физика / информатика / математика,Победителям и призерам,11 класс
,Направление подготовки 01.03.04 Прикладная математика,«Формула Единства»/«Третье тысячелетие»,нейротехнологии и когнитивные науки,"психология, математика и механика, фотоника, приборостроение, оптические и биотехнические системы и технологии, управление в технических системах",физика / информатика / математика,75 и более,Право на 100 баллов,физика / информатика / математика,Победителям и призерам,11 класс
,Направление подготовки 01.03.04 Прикладная математика,«Формула Единства»/«Третье тысячелетие»,телеологии беспроводной связи,"компьютерные и информационные науки, информатика и вычислительная техника, информационная безопасность, электроника, радиотехника и системы связи, управление в технических системах",физика / информатика / математика,75 и более,Право на 100 баллов,физика / информатика / математика,Победителям и призерам,11 класс
,Направление подготовки 01.03.04 Прикладная математика,«Формула Единства»/«Третье тысячелетие»,программная инженерия в финансовых технологиях,"математика и механика, компьютерные и информационные науки, информатика и вычислительная техника, информационная безопасность, электроника, радиотехника и системы связи, фотоника, приборостроение, оптические и биотехнические системы и технологии, электро- и теплоэнергетика, машиностроение, авиационная и ракетно-космическая техника",информатика / математика,75 и более,Право на 100 баллов,информатика / математика,Победителям и призерам,11 класс
,Направление подготовки 01.03.04 Прикладная математика,«Формула Единства»/«Третье тысячелетие»,разработка мобильных приложений,"математика и механика, компьютерные и информационные науки, информатика и вычислительная техника, информационная безопасность",информатика / математика,75 и более,Право на 100 баллов,информатика / математика,Победителям и призерам,11 класс
,Направление подготовки 01.03.04 Прикладная математика,«Формула Единства»/«Третье тысячелетие»,умные системы и технологии: умный город цифровые сенсорные системы,"компьютерные и информационные науки, информатика и вычислительная техника, информационная безопасность, электроника, радиотехника и системы связи, фотоника, приборостроение, оптические и биотехнические системы и технологии, управление в технических системах, математика и механика, техносферная безопасность и природообустройство, технологии материалов, нанотехнологии и наноматериалы, образование и педагогические науки",физика / информатика / математика,75 и более,Право на 100 баллов,физика / информатика / математика,Победителям и призерам,11 класс
,Направление подготовки 01.03.04 Прикладная математика,Олимпиада Курчатов,математика,математика,математика,75 и более,Право на прием БВИ,математика,Победителям и призерам,11 класс
,Направление подготовки 01.03.04 Прикладная математика,Олимпиада Курчатов,физика,физика,физика,75 и более,Право на прием БВИ,физика,Победителям и призерам,11 класс
,Направление подготовки 01.03.04 Прикладная математика,Олимпиада Курчатов,математика,математика,математика,75 и более,Право на прием БВИ,математика,Победителям и призерам,11 класс
,Направление подготовки 01.03.04 Прикладная математика,Олимпиада Курчатов,механика и математическое моделирование,математика и механика,математика,75 и более,Право на прием БВИ,математика,Победителям и призерам,11 класс
,Направление подготовки 01.03.04 Прикладная математика,Олимпиада школьников «Ломоносов»,русский язык,русский язык,русский язык,75 и более,Право на 100 баллов,русский язык,Победителям и призерам,11 класс
,Направление подготовки 01.03.04 Прикладная математика,Олимпиада школьников «Ломоносов»,физика,физика,физика,75 и более,Право на прием БВИ,физика,Победителям и призерам,11 класс
,Направление подготовки 01.03.04 Прикладная математика,Олимпиада школьников «Ломоносов»,информатика,информатика,информатика,75 и более,Право на прием БВИ,информатика,Победителям и призерам,11 класс
,Направление подготовки 01.03.04 Прикладная математика,Олимпиада школьников «Ломоносов»,высокие технологии,нанотехнологии и наноматериалы,физика,75 и более,Право на прием БВИ,физика,Победителям и призерам,11 класс
,Направление подготовки 01.03.04 Прикладная математика,Олимпиада школьников «Ломоносов»,космонавтика,математика и механика,математика,75 и более,Право на прием БВИ,математика,Победителям и призерам,11 класс
,Направление подготовки 01.03.04 Прикладная математика,Олимпиада школьников «Покори Воробьевы горы!»,математика,математика,математика,75 и более,Право на прием БВИ,математика,Победителям и призерам,11 класс
,Направление подготовки 01.03.04 Прикладная математика,Олимпиада школьников «Покори Воробьевы горы!»,физика,физика,физика,75 и более,Право на прием БВИ,физика,Победителям и призерам,11 класс
,Направление подготовки 01.03.04 Прикладная математика,Олимпиада школьников «Робофест»,физика,физика,физика,75 и более,Право на прием БВИ,физика,Победителям и призерам,11 класс
,Направление подготовки 01.03.04 Прикладная математика,Олимпиада школьников «Физтех»,математика,математика,математика,75 и более,Право на прием БВИ,математика,Победителям и призерам,11 класс
,Направление подготовки 01.03.04 Прикладная математика,Олимпиада школьников «Физтех»,физика,физика,физика,75 и более,Право на прием БВИ,физика,Победителям и призерам,11 класс
,Направление подготовки 01.03.04 Прикладная математика,Олимпиада школьников «Физтех»,инженерное дело,физика,физика / информатика,75 и более,Право на прием БВИ,физика / информатика,Победителям и призерам,11 класс
,Направление подготовки 01.03.04 Прикладная математика,Олимпиада школьников «Физтех»,научно-технический,"математика, физика",физика / информатика,75 и более,Право на прием БВИ,физика / информатика,Победителям и призерам,11 класс
,Направление подготовки 01.03.04 Прикладная математика,Олимпиада школьников «Физтех»,информатика и программирование,информатика,информатика,75 и более,Право на 100 баллов,информатика,Победителям и призерам,11 класс
,Направление подготовки 01.03.04 Прикладная математика,Олимпиада школьников «Шаг в будущее»,физика,физика,физика,75 и более,Право на 100 баллов,физика,Победителям и призерам,11 класс
,Направление подготовки 01.03.04 Прикладная математика,Олимпиада школьников «Шаг в будущее»,инженерное дело,"компьютерные и информационные науки, электроника, радиотехника и системы связи, фотоника,",физика / информатика,75 и более,Право на прием БВИ,физика / информатика,Победителям и призерам,11 класс
,Направление подготовки 01.03.04 Прикладная математика,Олимпиада школьников «Шаг в будущее»,компьютерное моделирование и графика,математика,математика,75 и более,Право на 100 баллов,математика,Победителям и призерам,11 класс
,Направление подготовки 01.03.04 Прикладная математика,Олимпиада школьников «Шаг в будущее»,математика,математика,математика,75 и более,Право на 100 баллов,математика,Победителям и призерам,11 класс
,Направление подготовки 01.03.04 Прикладная математика,Олимпиада школьников «Шаг в будущее»,информатика,информатика и вычислительная техника,информатика,75 и более,Право на 100 баллов,информатика,Победителям и призерам,11 класс
,Направление подготовки 01.03.04 Прикладная математика,Олимпиада школьников «Шаг в будущее»,математика,математика,математика,75 и более,Право на прием БВИ,математика,Победителям и призерам,11 класс
,Направление подготовки 01.03.04 Прикладная математика,Олимпиада школьников «Шаг в будущее»,физика,физика,физика,75 и более,Право на прием БВИ,физика,Победителям и призерам,11 класс
,Направление подготовки 01.03.04 Прикладная математика,Олимпиада школьников Санкт-Петербургского государственного университета,информатика,информатика,информатика,75 и более,Право на прием БВИ,информатика,Победителям и призерам,11 класс
,Направление подготовки 01.03.04 Прикладная математика,Олимпиада школьников Санкт-Петербургского государственного университета,инженерные системы,"астрономия, управление в технических системах",физика,75 и более,Право на 100 баллов,физика,Победителям и призерам,11 класс
,Направление подготовки 01.03.04 Прикладная математика,Олимпиада школьников Санкт-Петербургского государственного университета,математическое моделирование и искусственный интеллект,"математика и механика, информатика и вычислительная техника",математика / информатика,75 и более,Право на 100 баллов,математика / информатика,Победителям и призерам,11 класс
,Направление подготовки 01.03.04 Прикладная математика,Олимпиада Юношеской математической школы,математика,математика,математика,75 и более,Право на прием БВИ,математика,Победителям и призерам,11 класс
,Направление подготовки 01.03.04 Прикладная математика,Олимпиада Юношеской математической школы,информатика,информатика,информатика,75 и более,Право на 100 баллов,математика,Победителям и призерам,11 класс
,Направление подготовки 01.03.04 Прикладная математика,Открытая олимпиада школьников,физика,"физика и астрономия, фотоника, приборостроение.",физика,75 и более,Право на прием БВИ,физика,Победителям и призерам,11 класс
,Направление подготовки 01.03.04 Прикладная математика,Открытая олимпиада школьников,математика,математика,математика,75 и более,Право на прием БВИ,математика,Победителям и призерам,11 класс
,Направление подготовки 01.03.04 Прикладная математика,Отраслевая физико-математическая олимпиада школьников «Росатом»,физика,физика,физика,75 и более,Право на прием БВИ,физика,Победителям и призерам,11 класс
,Направление подготовки 01.03.04 Прикладная математика,Отраслевая физико-математическая олимпиада школьников «Росатом»,информатика,информатика,информатика,75 и более,Право на прием БВИ,информатика,Победителям и призерам,11 класс
,Направление подготовки 01.03.04 Прикладная математика,Санкт-Петербургская олимпиада школьников,математика,математика,математика,75 и более,Право на прием БВИ,математика,Победителям и призерам,11 класс
,Направление подготовки 01.03.04 Прикладная математика,Турнир городов,математика,математика,математика,75 и более,Право на прием БВИ,математика,Победителям и призерам,11 класс
,Направление подготовки 01.03.04 Прикладная математика,Турнир имени М.В. Ломоносова,математика,математика,математика,75 и более,Право на прием БВИ,математика,Победителям и призерам,11 класс
,Направление подготовки 01.03.04 Прикладная математика,межрегиональные предметные олимпиады федерального государственного автономного образовательного учреждения высшего образования «Казанский (Приволжский) федеральный университет»,физика,физика,физика,75 и более,Право на прием БВИ,физика,Победителям и призерам,11 класс
,Направление подготовки 01.03.04 Прикладная математика,Межрегиональная олимпиада школьников «Будущие исследователи - будущее науки»,математика,математика,математика,75 и более,Право на 100 баллов,физика,Победителям и призерам,11 класс
,Направление подготовки 01.03.04 Прикладная математика,Всероссийский конкурс научных работ школьников «Юниор»,инженерные науки,"фотоника, приборостроение, оптические и биотехнические системы и технологии, ядерная энергетика и технологии, физико-технические науки и технологии, технологии материалов, нанотехнологии и наноматериалы, машиностроение",физика / информатика,75 и более,Право на 100 баллов,физика / информатика,Победителям и призерам,11 класс
,Направление подготовки 01.03.04 Прикладная математика,Вузовско-академическая олимпиада по информатике,информатика,информатика,информатика,75 и более,Право на прием БВИ,информатика,Победителям и призерам,11 класс
,Направление подготовки 01.03.04 Прикладная математика,Международная олимпиада «Innopolis Open»,информационная безопасность,информатика,информатика,75 и более,Право на прием БВИ,информатика,Победителям и призерам,11 класс
,Направление подготовки 01.03.04 Прикладная математика,Международная олимпиада «Innopolis Open»,математика,математика,математика,75 и более,Право на прием БВИ,математика,Победителям и призерам,11 класс
7,Физика,Городская открытая олимпиада школьников по физике,физика,физика,физика,80 и более,Право на прием БВИ,физика,Победителям,11 класс
,Физика,Городская открытая олимпиада школьников по физике,физика,физика,физика,80 и более,Право на 100 баллов,физика,Победителям и призерам,"10, 11 класс"
,Физика,Инженерная олимпиада школьников,физика,физика,физика,80 и более,Право на прием БВИ,физика,Победителям,11 класс
,Физика,Инженерная олимпиада школьников,физика,физика,физика,80 и более,Право на 100 баллов,физика,Победителям и призерам,"10, 11 класс"
,Физика,Интернет- олимпиада школьников по физике,физика,физика,физика,80 и более,Право на прием БВИ,физика,Победителям и призерам,11 класс
,Физика,Интернет- олимпиада школьников по физике,физика,физика,физика,80 и более,Право на 100 баллов,физика,Победителям и призерам,"10, 11 класс"
,Физика,"Международная олимпиада ""Innopolis Open""",математика,математика,математика,80 и более,Право на 100 баллов,математика,Победителям и призерам,"10, 11 класс"
,Физика,Международная олимпиада школьников Уральского федерального университета «Изумруд»,математика,математика,математика,80 и более,Право на 100 баллов,математика,Победителям,11 класс
,Физика,Международная олимпиада школьников Уральского федерального университета «Изумруд»,физика,физика,физика,80 и более,Право на 100 баллов,физика,Победителям,11 класс
,Физика,Межрегиональная олимпиада школьников «Будущие исследователи - будущее науки»,математика,математика,математика,80 и более,Право на 100 баллов,математика,Победителям,11 класс
,Физика,Межрегиональная олимпиада школьников «Будущие исследователи - будущее науки»,физика,физика,физика,80 и более,Право на 100 баллов,физика,Победителям,11 класс
,Физика,Межрегиональная олимпиада школьников имени И.Я. Верченко,математика,математика,математика,80 и более,Право на 100 баллов,математика,Победителям и призерам,"10, 11 класс"
,Физика,Межрегиональная олимпиада школьников на базе ведомственных образовательных организаций,физика,физика,физика,80 и более,Право на 100 баллов,физика,Победителям,11 класс
,Физика,Московская олимпиада школьников,математика,математика,математика,80 и более,Право на 100 баллов,математика,Победителям и призерам,"10, 11 класс"
,Физика,Московская олимпиада школьников,физика,физика,физика,80 и более,Право на прием БВИ,физика,Победителям и призерам,11 класс
,Физика,Московская олимпиада школьников,физика,физика,физика,80 и более,Право на 100 баллов,физика,Победителям и призерам,"10, 11 класс"
,Физика,Московская олимпиада школьников,астрономия,астрономия,физика,80 и более,Право на прием БВИ,физика,Победителям,11 класс
,Физика,Московская олимпиада школьников,астрономия,астрономия,физика,80 и более,Право на 100 баллов,физика,Победителям и призерам,"10, 11 класс"
,Физика,Объединенная межвузовская олимпиада школьников,математика,математика,математика,80 и более,Право на 100 баллов,математика,Победителям и призерам,"10, 11 класс"
,Физика,Объединенная межвузовская олимпиада школьников,физика,физика,физика,80 и более,Право на 100 баллов,физика,Победителям,11 класс
,Физика,Олимпиада Курчатов,математика,математика,математика,80 и более,Право на 100 баллов,математика,Победителям и призерам,"10, 11 класс"
,Физика,Олимпиада Курчатов,физика,физика,физика,80 и более,Право на прием БВИ,физика,Победителям,11 класс
,Физика,Олимпиада Курчатов,физика,физика,физика,80 и более,Право на 100 баллов,физика,Победителям и призерам,"10, 11 класс"
,Физика,"Олимпиада школьников ""Ломоносов""",математика,математика,математика,80 и более,Право на 100 баллов,математика,Победителям и призерам,"10, 11 класс"
,Физика,"Олимпиада школьников ""Ломоносов""",физика,физика,физика,80 и более,Право на прием БВИ,физика,Победителям,11 класс
,Физика,"Олимпиада школьников ""Ломоносов""",физика,физика,физика,80 и более,Право на 100 баллов,физика,Победителям и призерам,"10, 11 класс"
,Физика,"Олимпиада школьников ""Надежда энергетики""",физика,физика,физика,80 и более,Право на 100 баллов,физика,Победителям,11 класс
,Физика,"Олимпиада школьников ""Покори Воробьевы горы!""",математика,математика,математика,80 и более,Право на 100 баллов,математика,Победителям и призерам,"10, 11 класс"
,Физика,"Олимпиада школьников ""Покори Воробьевы горы!""",физика,физика,физика,80 и более,Право на прием БВИ,физика,Победителям,11 класс
,Физика,"Олимпиада школьников ""Покори Воробьевы горы!""",физика,физика,физика,80 и более,Право на 100 баллов,физика,Победителям и призерам,"10, 11 класс"
,Физика,"Олимпиада школьников ""Робофест""",физика,физика,физика,80 и более,Право на прием БВИ,физика,Победителям,11 класс
,Физика,"Олимпиада школьников ""Робофест""",физика,физика,физика,80 и более,Право на 100 баллов,физика,Победителям и призерам,"10, 11 класс"
,Физика,"Олимпиада школьников ""Физтех""",физика,физика,физика,80 и более,Право на прием БВИ,физика,Победителям,11 класс
,Физика,"Олимпиада школьников ""Физтех""",физика,физика,физика,80 и более,Право на 100 баллов,физика,Победителям и призерам,"10, 11 класс"
,Физика,"Олимпиада школьников ""Физтех""",математика,математика,математика,80 и более,Право на 100 баллов,математика,Победителям и призерам,"10, 11 класс"
,Физика,"Олимпиада школьников ""Шаг в будущее""",физика,физика,физика,80 и более,Право на прием БВИ,физика,Победителям и призерам,11 класс
,Физика,"Олимпиада школьников ""Шаг в будущее""",математика,математика,математика,80 и более,Право на 100 баллов,математика,Победителям и призерам,"10, 11 класс"
,Физика,Олимпиада школьников Санкт-Петербургского государственного университета,физика,физика,физика,80 и более,Право на прием БВИ,физика,Победителям и призерам,"10, 11 класс"
,Физика,Олимпиада школьников Санкт-Петербургского государственного университета,физика,физика,физика,80 и более,Право на 100 баллов,физика,Победителям и призерам,"10, 11 класс"
,Физика,Олимпиада Юношеской математической школы,математика,математика,математика,80 и более,Право на 100 баллов,математика,Победителям и призерам,"10, 11 класс"
,Физика,Открытая межвузовская олимпиада школьников Сибирского федерального округа "Будущее Сибири",физика,физика,физика,80 и более,Право на прием БВИ,физика,Победителям и призерам,11 класс
,Физика,Открытая межвузовская олимпиада школьников Сибирского федерального округа "Будущее Сибири",математика,математика,математика,80 и более,Право на 100 баллов,математика,Победителям и призерам,"10, 11 класс"
,Физика,Открытая олимпиада школьников,физика,физика,физика,80 и более,Право на 100 баллов,физика,Победителям и призерам,11 класс
,Физика,Открытая региональная межвузовская олимпиада школьников (OPMO) с международным участием,физика,физика,физика,80 и более,Право на 100 баллов,физика,Победителям и призерам,11 класс
,Физика,Отраслевая физико-математическая олимпиада школьников "Росатом",физика,физика,физика,80 и более,Право на прием БВИ,физика,Победителям и призерам,"10, 11 класс"
,Физика,Отраслевая физико-математическая олимпиада школьников "Росатом",математика,математика,математика,80 и более,Право на 100 баллов,математика,Победителям и призерам,"10, 11 класс"
,Физика,Санкт-Петербургская астрономическая олимпиада,астрономия,"астрономия, физика",физика,80 и более,Право на прием БВИ,физика,Победителям и призерам,11 класс
,Физика,Санкт-Петербургская олимпиада школьников,математика,математика,математика,80 и более,Право на 100 баллов,математика,Победителям и призерам,"10, 11 класс"
,Физика,Твой путь в настоящую науку,физика,физика,физика,80 и более,Право на прием БВИ,физика,Победителям и призерам,11 класс
,Физика,Турнир городов,математика,математика,математика,80 и более,Право на 100 баллов,математика,Победителям и призерам,"10, 11 класс"
,Физика,Турнир имени М.В. Ломоносова,математика,математика,математика,80 и более,Право на 100 баллов,математика,Победителям и призерам,"10, 11 класс"
,Физика,Университетская олимпиада школьников "Бельчонок",физика,физика,физика,80 и более,Право на прием БВИ,физика,Победителям и призерам,11 класс
,Направление подготовки 04.03.01 Химия,,физика,физика,физика,80 и более,Право на 100 баллов,физика,Победителям и призерам,11 класс
,Направление подготовки 04.03.01 Химия,Всероссийская олимпиада школьников «Высшая проба»,химия,химия,химия,75 и более,Право на 100 баллов,химия,Победителям и призерам,11 класс
,Направление подготовки 04.03.01 Химия,Всероссийская олимпиада школьников «Высшая проба»,математика,математика,математика,75 и более,Право на 100 баллов,математика,Победителям и призерам,10 класс
,Направление подготовки 04.03.01 Химия,Всероссийская олимпиада школьников «Высшая проба»,физика,физика,физика,75 и более,Право на 100 баллов,физика,Победителям и призерам,11 класс
,Направление подготовки 04.03.01 Химия,Всероссийский конкурс научных работ школьников «Юниор»,"науки о земле, биологические науки, промышленная экология и биотехнологии",химия,75 и более,Право на прием БВИ,химия,Победителям и призерам,11 класс
,Направление подготовки 04.03.01 Химия,Всероссийский конкурс научных работ школьников «Юниор»,химия,химия,75 и более,Право на прием БВИ,химия,Победителям и призерам,11 класс
,Направление подготовки 04.03.01 Химия,Всероссийская открытая олимпиада школьников,химия,химия,химия,75 и более,Право на 100 баллов,химия,Победителям и призерам,11 класс
,Направление подготовки 04.03.01 Химия,Всероссийская открытая олимпиада школьников,математика,математика,математика,75 и более,Право на 100 баллов,математика,Победителям и призерам,11 класс
,Направление подготовки 04.03.01 Химия,Всероссийская открытая олимпиада школьников,физика,физика,физика,75 и более,Право на 100 баллов,физика,Победителям и призерам,11 класс
,Направление подготовки 04.03.01 Химия,Городская открытая олимпиада школьников по физике,физика,физика,физика,75 и более,Право на 100 баллов,физика,Победителям и призерам,11 класс
,Направление подготовки 04.03.01 Химия,Инженерная олимпиада школьников,физика,физика,физика,75 и более,Право на 100 баллов,физика,Победителям и призерам,11 класс
,Направление подготовки 04.03.01 Химия,Интернет-олимпиада школьников по физике,физика,физика,физика,75 и более,Право на 100 баллов,физика,Победителям и призерам,11 класс
,Направление подготовки 04.03.01 Химия,Межрегиональная олимпиада школьников «Будущие исследователи - будущие науки»,химия,химия,химия,75 и более,Право на 100 баллов,химия,Победителям и призерам,11 класс
,Направление подготовки 04.03.01 Химия,Межрегиональная олимпиада школьников имени И.Я. Верченко,математика,"математика, криптография",математика,75 и более,Право на 100 баллов,математика,Победителям и призерам,11 класс
,Направление подготовки 04.03.01 Химия,Межрегиональная олимпиада школьников на базе ведомственных образовательных организаций,математика,математика,математика,75 и более,Право на 100 баллов,математика,Победителям и призерам,11 класс
,Направление подготовки 04.03.01 Химия,Межрегиональные предметные олимпиады федерального государственного автономного образовательного учреждения высшего образования «Казанский (Приволжский) федеральный университет»,химия,химия,химия,75 и более,Право на прием БВИ,химия,Победителям и призерам,11 класс
,Направление подготовки 04.03.01 Химия,Межрегиональные предметные олимпиады федерального государственного автономного образовательного учреждения высшего образования «Казанский (Приволжский) федеральный университет»,физика,физика,физика,75 и более,Право на 100 баллов,физика,Победителям и призерам,11 класс
,Направление подготовки 04.03.01 Химия,Межрегиональные предметные олимпиады федерального государственного автономного образовательного учреждения высшего образования «Казанский (Приволжский) федеральный университет»,химия,химия,химия,75 и более,Право на 100 баллов,химия,Победителям и призерам,11 класс
,Направление подготовки 04.03.01 Химия,Многопредметная олимпиада «Юные таланты»,химия,химия,химия,75 и более,Право на прием БВИ,химия,Победителям и призерам,11 класс
,Направление подготовки 04.03.01 Химия,Многопредметная олимпиада «Юные таланты»,химия,химия,химия,75 и более,Право на 100 баллов,химия,Победителям и призерам,11 класс
,Направление подготовки 04.03.01 Химия,Многопредметная олимпиада «Юные таланты»,химия,химия,химия,75 и более,Право на 100 баллов,химия,Победителям и призерам,11 класс
,Направление подготовки 04.03.01 Химия,Московская олимпиада школьников,физика,физика,физика,75 и более,Право на 100 баллов,физика,Победителям и призерам,11 класс
,Направление подготовки 04.03.01 Химия,Московская олимпиада школьников,физика,физика,физика,75 и более,Право на 100 баллов,физика,Победителям и призерам,11 класс
,Направление подготовки 04.03.01 Химия,Московская олимпиада школьников,математика,математика,математика,75 и более,Право на 100 баллов,математика,Победителям и призерам,11 класс
,Направление подготовки 04.03.01 Химия,Объединенная межвузовская олимпиада школьников,математика,математика,математика,75 и более,Право на 100 баллов,математика,Победителям и призерам,11 класс
,Направление подготовки 04.03.01 Химия,«Формула Единства»/«Третье тысячелетие»,математика,математика,математика,75 и более,Право на 100 баллов,математика,Победителям и призерам,11 класс
,Направление подготовки 04.03.01 Химия,Олимпиада Курчатов,физика,физика,физика,75 и более,Право на 100 баллов,физика,Победителям и призерам,11 класс
,Направление подготовки 04.03.01 Химия,Олимпиада Курчатов,математика,математика,математика,75 и более,Право на 100 баллов,математика,Победителям и призерам,11 класс
,Направление подготовки 04.03.01 Химия,Олимпиада школьников «Ломоносов»,химия,химия,химия,75 и более,Право на 100 баллов,химия,Победителям и призерам,11 класс
,Направление подготовки 04.03.01 Химия,Олимпиада школьников «Ломоносов»,математика,математика,математика,75 и более,Право на 100 баллов,математика,Победителям и призерам,11 класс
,Направление подготовки 04.03.01 Химия,Олимпиада школьников «Ломоносов»,физика,физика,физика,75 и более,Право на 100 баллов,физика,Победителям и призерам,11 класс
,Направление подготовки 04.03.01 Химия,Олимпиада школьников «Покори Воробьевы горы!»,физика,физика,физика,75 и более,Право на 100 баллов,физика,Победителям и призерам,11 класс
,Направление подготовки 04.03.01 Химия,Олимпиада школьников «Покори Воробьевы горы!»,математика,математика,математика,75 и более,Право на 100 баллов,математика,Победителям и призерам,11 класс
,Направление подготовки 04.03.01 Химия,Олимпиада школьников «Робофест»,физика,физика,физика,75 и более,Право на 100 баллов,физика,Победителям,11 класс
,Направление подготовки 04.03.01 Химия,Олимпиада школьников «Физтех»,физика,физика,физика,75 и более,Право на 100 баллов,физика,Победителям и призерам,11 класс
,Направление подготовки 04.03.01 Химия,Олимпиада школьников «Физтех»,математика,математика,математика,75 и более,Право на 100 баллов,математика,Победителям и призерам,11 класс
,Направление подготовки 04.03.01 Химия,Олимпиада школьников Санкт-Петербургского государственного университета,химия,химия,химия,75 и более,Право на прием БВИ,химия,Победителям,11 класс
,Направление подготовки 04.03.01 Химия,Олимпиада школьников Санкт-Петербургского государственного университета,химия,химия,химия,75 и более,Право на 100 баллов,химия,Победителям,10 класс
,Направление подготовки 04.03.01 Химия,Олимпиада школьников Санкт-Петербургского государственного университета,химия,химия,химия,75 и более,Право на 100 баллов,химия,Победителям и призерам,11 класс
,Направление подготовки 04.03.01 Химия,Олимпиада школьников Санкт-Петербургского государственного университета,математика,математика,математика,75 и более,Право на 100 баллов,математика,Победителям,11 класс
,Направление подготовки 04.03.01 Химия,Олимпиада школьников Санкт-Петербургского государственного университета,физика,физика,физика,75 и более,Право на 100 баллов,физика,Победителям,11 класс
,Направление подготовки 04.03.01 Химия,Отраслевая физико-математическая олимпиада школьников «Росатом»,физика,физика,физика,75 и более,Право на 100 баллов,физика,Победителям и призерам,11 класс
,Направление подготовки 04.03.01 Химия,Отраслевая физико-математическая олимпиада школьников «Росатом»,математика,математика,математика,75 и более,Право на 100 баллов,математика,Победителям и призерам,11 класс
,Направление подготовки 04.03.01 Химия,Санкт-Петербургская олимпиада школьников,химия,химия,химия,75 и более,Право на прием БВИ,химия,Победителям,11 класс
,Направление подготовки 04.03.01 Химия,Санкт-Петербургская олимпиада школьников,химия,химия,химия,75 и более,Право на 100 баллов,химия,Победителям,10 класс
,Направление подготовки 04.03.01 Химия,Санкт-Петербургская олимпиада школьников,химия,химия,химия,75 и более,Право на 100 баллов,химия,Победителям и призерам,11 класс
,Направление подготовки 04.03.01 Химия,Санкт-Петербургская олимпиада школьников,математика,математика,математика,75 и более,Право на 100 баллов,математика,Победителям,11 класс
,Направление подготовки 04.03.01 Химия,Турнир городов,математика,математика,математика,75 и более,Право на 100 баллов,математика,Победителям и призерам,11 класс
,Направление подготовки 04.03.01 Химия,Турнир имени М.В. Ломоносова,математика,математика,математика,75 и более,Право на 100 баллов,математика,Победителям и призерам,11 класс
,Направление подготовки 04.03.01 Химия,Турнир имени М.В. Ломоносова,физика,физика,физика,75 и более,Право на 100 баллов,физика,Победителям и призерам,11 класс
,Направление подготовки 04.03.01 Химия,Турнир имени М.В. Ломоносова,химия,химия,химия,75 и более,Право на 100 баллов,химия,Победителям и призерам,11 класс
,Направление подготовки 04.03.02 Химия физика и механика материалов,Всероссийская олимпиада школьников «Высшая проба»,химия,химия,химия,75 и более,Право на прием БВИ,химия,Победителям и призерам,11 класс
,Направление подготовки 04.03.02 Химия физика и механика материалов,Всероссийская олимпиада школьников «Высшая проба»,химия,химия,химия,75 и более,Право на 100 баллов,химия,Победителям и призерам,10 класс
,Направление подготовки 04.03.02 Химия физика и механика материалов,Всероссийская олимпиада школьников «Высшая проба»,математика,математика,математика,75 и более,Право на 100 баллов,математика,Победителям,11 класс
,Направление подготовки 04.03.02 Химия физика и механика материалов,Всероссийская олимпиада школьников «Высшая проба»,физика,физика,физика,75 и более,Право на 100 баллов,физика,Победителям и призерам,11 класс
,Направление подготовки 04.03.02 Химия физика и механика материалов,Всероссийский конкурс научных работ школьников «Юниор»,естественные науки,"науки о земле, биологические науки, промышленная экология и биотехнологии",химия,75 и более,Право на прием БВИ,химия,Победителям и призерам,11 класс
,Направление подготовки 04.03.02 Химия физика и механика материалов,Всероссийский конкурс научных работ школьников «Юниор»,естественные науки,"науки о земле, биологические науки, промышленная экология и биотехнологии",химия,75 и более,Право на 100 баллов,химия,Победителям и призерам,10 класс
,Направление подготовки 04.03.02 Химия физика и механика материалов,Всероссийская открытая олимпиада школьников,химия,химия,химия,75 и более,Право на прием БВИ,химия,Победителям,11 класс
,Направление подготовки 04.03.02 Химия физика и механика материалов,Всероссийская открытая олимпиада школьников,химия,химия,химия,75 и более,Право на 100 баллов,химия,Победителям и призерам,11 класс
,Направление подготовки 04.03.02 Химия физика и механика материалов,Всероссийская открытая олимпиада школьников,химия,химия,химия,75 и более,Право на 100 баллов,химия,Победителям,10 класс
,Направление подготовки 04.03.02 Химия физика и механика материалов,Всероссийская открытая олимпиада школьников,математика,математика,математика,75 и более,Право на 100 баллов,математика,Победителям и призерам,11 класс
,Направление подготовки 04.03.02 Химия физика и механика материалов,Всероссийская открытая олимпиада школьников,физика,физика,физика,75 и более,Право на 100 баллов,физика,Победителям и призерам,11 класс
,Направление подготовки 04.03.02 Химия физика и механика материалов,Городская открытая олимпиада школьников по физике,физика,физика,физика,75 и более,Право на 100 баллов,физика,Победителям,11 класс
,Направление подготовки 04.03.02 Химия физика и механика материалов,Инженерная олимпиада школьников,физика,физика,физика,75 и более,Право на 100 баллов,физика,Победителям и призерам,11 класс
,Направление подготовки 04.03.02 Химия физика и механика материалов,Интернет-олимпиада школьников по физике,физика,физика,физика,75 и более,Право на 100 баллов,физика,Победителям и призерам,11 класс
,Направление подготовки 04.03.02 Химия физика и механика материалов,Межрегиональная олимпиада школьников «Будущие исследователи - будущие науки»,химия,химия,химия,75 и более,Право на 100 баллов,химия,Победителям и призерам,11 класс
,Направление подготовки 04.03.02 Химия физика и механика материалов,Межрегиональная олимпиада школьников имени И.Я. Верченко,физика,физика,физика,75 и более,Право на 100 баллов,физика,Победителям и призерам,11 класс
,Направление подготовки 04.03.02 Химия физика и механика материалов,Межрегиональная олимпиада школьников на базе ведомственных образовательных организаций,математика,математика,математика,75 и более,Право на 100 баллов,математика,Победителям и призерам,11 класс
,Направление подготовки 04.03.02 Химия физика и механика материалов,Межрегиональные предметные олимпиады федерального государственного автономного образовательного учреждения высшего образования «Казанский (Приволжский) федеральный университет»,химия,химия,химия,75 и более,Право на прием БВИ,химия,Победителям и призерам,11 класс
,Направление подготовки 04.03.02 Химия физика и механика материалов,Многопредметная олимпиада «Юные таланты»,химия,химия,химия,75 и более,Право на 100 баллов,химия,Победителям и призерам,11 класс
,Направление подготовки 04.03.02 Химия физика и механика материалов,Московская олимпиада школьников,химия,химия,химия,75 и более,Право на прием БВИ,химия,Победителям и призерам,10 класс
,Направление подготовки 04.03.02 Химия физика и механика материалов,Объединенная межвузовская олимпиада школьников,математика,математика,математика,75 и более,Право на 100 баллов,математика,Победителям и призерам,10 класс
,Направление подготовки 04.03.02 Химия физика и механика материалов,«Формула Единства»/«Третье тысячелетие»,математика,математика,математика,75 и более,Право на 100 баллов,математика,Победителям и призерам,11 класс
,Направление подготовки 04.03.02 Химия физика и механика материалов,Олимпиада Курчатов,физика,физика,физика,75 и более,Право на 100 баллов,физика,Победителям и призерам,11 класс
,Направление подготовки 04.03.02 Химия физика и механика материалов,Олимпиада школьников «Ломоносов»,химия,химия,химия,75 и более,Право на 100 баллов,химия,Победителям и призерам,11 класс
,Направление подготовки 04.03.02 Химия физика и механика материалов,Олимпиада школьников «Покори Воробьевы горы!»,математика,математика,математика,75 и более,Право на 100 баллов,химия,Победителям и призерам,11 класс
,Направление подготовки 04.03.02 Химия физика и механика материалов,Олимпиада школьников «Робофест»,физика,физика,физика,75 и более,Право на 100 баллов,физика,Победителям и призерам,11 класс
,Направление подготовки 04.03.02 Химия физика и механика материалов,Олимпиада школьников «Фигтех»,физика,физика,физика,75 и более,Право на 100 баллов,физика,Победителям и призерам,11 класс
,Направление подготовки 04.03.02 Химия физика и механика материалов,Олимпиада школьников Санкт-Петербургского государственного университета,химия,химия,химия,75 и более,Право на прием БВИ,химия,Победителям,11 класс
,Направление подготовки 04.03.02 Химия физика и механика материалов,Олимпиада школьников Санкт-Петербургского государственного университета,химия,химия,химия,75 и более,Право на прием БВИ,химия,Победителям,10 класс
,Направление подготовки 04.03.02 Химия физика и механика материалов,Олимпиада школьников Санкт-Петербургского государственного университета,химия,химия,химия,75 и более,Право на 100 баллов,химия,Победителям и призерам,"10, 11 класс"
,Направление подготовки 04.03.02 Химия физика и механика материалов,Олимпиада школьников Санкт-Петербургского государственного университета,физика,физика,физика,75 и более,Право на 100 баллов,физика,Победителям,11 класс
,Направление подготовки 04.03.02 Химия физика и механика материалов,Отраслевая физико-математическая олимпиада школьников «Росатом»,физика,физика,физика,75 и более,Право на 100 баллов,физика,Победителям и призерам,11 класс
,Направление подготовки 04.03.02 Химия физика и механика материалов,Отраслевая физико-математическая олимпиада школьников «Росатом»,математика,математика,математика,75 и более,Право на 100 баллов,математика,Победителям и призерам,11 класс
,Направление подготовки 04.03.02 Химия физика и механика материалов,Санкт-Петербургская олимпиада школьников,химия,химия,химия,75 и более,Право на прием БВИ,химия,Победителям,11 класс
,Направление подготовки 04.03.02 Химия физика и механика материалов,Санкт-Петербургская олимпиада школьников,химия,химия,химия,75 и более,Право на 100 баллов,химия,Победителям и призерам,"10, 11 класс"
,Направление подготовки 04.03.02 Химия физика и механика материалов,Санкт-Петербургская олимпиада школьников,математика,математика,математика,75 и более,Право на 100 баллов,математика,Победителям и призерам,11 класс
,Направление подготовки 04.03.02 Химия физика и механика материалов,Турнир городов,математика,математика,математика,75 и более,Право на 100 баллов,математика,Победителям и призерам,11 класс
,Направление подготовки 04.03.02 Химия физика и механика материалов,Турнир имени М.В. Ломоносова,математика,математика,математика,75 и более,Право на 100 баллов,математика,Победителям и призерам,11 класс
,Направление подготовки 04.03.02 Химия физика и механика материалов,Турнир имени М.В. Ломоносова,физика,физика,физика,75 и более,Право на 100 баллов,физика,Победителям и призерам,11 класс
,Направление подготовки 04.03.02 Химия физика и механика материалов,Турнир имени М.В. Ломоносова,химия,химия,химия,75 и более,Право на 100 баллов,химия,Победителям и призерам,11 класс
,Направление подготовки 05.03.02 География,Всероссийская олимпиада школьников «Высшая проба»,математика,математика,математика,75 и более,Право на 100 баллов,математика,Победителям и призерам,"10, 11 класс"
,Направление подготовки 05.03.02 География,Всероссийская олимпиада школьников «Высшая проба»,информатика,информатика,математика,75 и более,Право на 100 баллов,математика,Победителям и призерам,"10, 11 класс"
,Направление подготовки 05.03.02 География,Всероссийская олимпиада школьников «Высшая проба»,география,география,география,75 и более,Право на прием БВИ,география,Победителям,"10, 11 класс"
,Направление подготовки 05.03.02 География,Всероссийская олимпиада школьников «Высшая проба»,география,география,география,75 и более,Право на 100 баллов,география,Победителям и призерам,"10, 11 класс"
,Направление подготовки 05.03.02 География,Вузовско-академическая олимпиада по информатике,информатика,информатика,математика,75 и более,Право на 100 баллов,математика,Победителям и призерам,"10, 11 класс"
,Направление подготовки 05.03.02 География,Герценовская олимпиада,география,география,география,75 и более,Право на 100 баллов,география,Победителям и призерам,"10, 11 класс"
,Направление подготовки 05.03.02 География,Многопредметная олимпиада «Юные таланты»,география,география,география,75 и более,Право на прием БВИ,география,Победителям и призерам,"10, 11 класс"
,Направление подготовки 05.03.02 География,Многопредметная олимпиада «Юные таланты»,география,география,география,75 и более,Право на 100 баллов,география,Победителям и призерам,"10, 11 класс"
,Направление подготовки 05.03.02 География,Московская олимпиада школьников,география,география,география,75 и более,Право на прием БВИ,география,Победителям и призерам,"10, 11 класс"
,Направление подготовки 05.03.02 География,Московская олимпиада школьников,география,география,география,75 и более,Право на 100 баллов,география,Победителям и призерам,"10, 11 класс"
,Направление подготовки 05.03.02 География,Московская олимпиада школьников,математика,математика,математика,75 и более,Право на 100 баллов,математика,Победителям и призерам,"10, 11 класс"
,Направление подготовки 05.03.02 География,Московская олимпиада школьников,информатика,информатика,математика,75 и более,Право на 100 баллов,математика,Победителям и призерам,"10, 11 класс"
,Направление подготовки 05.03.02 География,Московская олимпиада школьников,физика,физика,математика,75 и более,Право на 100 баллов,математика,Победителям и призерам,"10, 11 класс"
,Направление подготовки 05.03.02 География,Московская олимпиада школьников,география,география,география,75 и более,Право на прием БВИ,география,Победителям и призерам,"10, 11 класс"
,Направление подготовки 05.03.02 География,Московская олимпиада школьников,география,география,география,75 и более,Право на 100 баллов,география,Победителям и призерам,"10, 11 класс"
11,Клеточная и молекулярная биотехнология,Олимпиада школьников «Покори Воробьёвы горы!»,математика,математика,математика,75 и более,Право на 100 баллов,математика,Победителям,11 класс
,Клеточная и молекулярная биотехнология,Олимпиада школьников Санкт-Петербургского государственного университета,математика,математика,математика,75 и более,Право на 100 баллов,математика,Победителям,11 класс
,Клеточная и молекулярная биотехнология,Всероссийская олимпиада по агротехнике для школьников старших классов «Иннагрика»,биология,биология,биология,75 и более,Право на 100 баллов,биология,Победителям,11 класс
,Клеточная и молекулярная биотехнология,Санкт-Петербургская олимпиада школьников,математика,математика,математика,75 и более,Право на 100 баллов,математика,Победителям,11 класс
,Клеточная и молекулярная биотехнология,Межрегиональные предметные олимпиады федерального государственного автономного образовательного учреждения высшего образования «Казанский (Приволжский) федеральный университет»,химия,химия,химия,75 и более,Право на 100 баллов,химия,Победителям,11 класс
,Клеточная и молекулярная биотехнология,Многопредметная олимпиада «Юные таланты»,химия,химия,химия,75 и более,Право на 100 баллов,химия,Победителям,11 класс
,Клеточная и молекулярная биотехнология,Турнир городов,математика,математика,математика,75 и более,Право на 100 баллов,математика,Победителям,11 класс
,Клеточная и молекулярная биотехнология,Всероссийская олимпиада школьников «Высшая проба»,биология,биология,биология,75 и более,Право на 100 баллов,биология,Победителям,11 класс
,Клеточная и молекулярная биотехнология,Всероссийская олимпиада школьников «Высшая проба»,математика,математика,математика,75 и более,Право на 100 баллов,математика,Победителям,11 класс
,Клеточная и молекулярная биотехнология,Всероссийская открытая олимпиада школьников,химия,химия,химия,75 и более,Право на 100 баллов,химия,Победителям,11 класс
,Клеточная и молекулярная биотехнология,Московская олимпиада школьников,математика,математика,математика,75 и более,Право на 100 баллов,химия,Победителям,11 класс
,Клеточная и молекулярная биотехнология,Олимпиада школьников «Ломоносов»,химия,химия,химия,75 и более,Право на 100 баллов,химия,Победителям,11 класс
,Клеточная и молекулярная биотехнология,Олимпиада школьников «Покори Воробьёвы горы!»,математика,математика,математика,75 и более,Право на 100 баллов,химия,Победителям,11 класс
,Клеточная и молекулярная биотехнология,Олимпиада школьников Санкт-Петербургского государственного университета,математика,математика,математика,75 и более,Право на 100 баллов,математика,Победителям,11 класс
,Клеточная и молекулярная биотехнология,Всероссийская олимпиада по агротехнике для школьников старших классов «Иннагрика»,биология,биология,биология,75 и более,Право на 100 баллов,биология,Победителям,11 класс
,Клеточная и молекулярная биотехнология,Санкт-Петербургская олимпиада школьников,математика,математика,математика,75 и более,Право на 100 баллов,математика,Победителям,11 класс
,Клеточная и молекулярная биотехнология,Межрегиональные предметные олимпиады федерального государственного автономного образовательного учреждения высшего образования «Казанский (Приволжский) федеральный университет»,химия,химия,химия,75 и более,Право на 100 баллов,химия,Победителям,11 класс
,Клеточная и молекулярная биотехнология,Многопредметная олимпиада «Юные таланты»,химия,химия,химия,75 и более,Право на 100 баллов,химия,Победителям,11 класс
,Клеточная и молекулярная биотехнология,Турнир городов,математика,математика,математика,75 и более,Право на 100 баллов,химия,Победителям,11 класс
,Направление подготовки 07.03.04 Градостроительство,,география,география,география,75 и более,Право на 100 баллов,география,Победителям и призерам,11 класс
,Направление подготовки 07.03.04 Градостроительство,,физика,физика,физика,75 и более,Право на 100 баллов,физика,Победителям и призерам,"10, 11 класс"
,Направление подготовки 07.03.04 Градостроительство,Всероссийская олимпиада школьников «Высшая проба»,анализ данных,"компьютерные и информационные науки, информатика и вычислительная техника",математика / информатика,75 и более,Право на прием БВИ,математика / информатика,Победителям и призерам,11 класс
,Направление подготовки 07.03.04 Градостроительство,Всероссийская олимпиада школьников «Высшая проба»,экономика,экономика,обществознание,75 и более,Право на прием БВИ,история/география,Победителям и призерам,11 класс
,Направление подготовки 07.03.04 Градостроительство,Всероссийская олимпиада школьников «Высшая проба»,обществознание,обществознание,обществознание/история/география,75 и более,Право на прием БВИ,история/география,Победителям и призерам,11 класс
,Направление подготовки 07.03.04 Градостроительство,Всероссийская олимпиада школьников «Высшая проба»,математика,математика,математика,75 и более,Право на прием БВИ,математика,Победителям и призерам,11 класс
,Направление подготовки 07.03.04 Градостроительство,Всероссийская олимпиада школьников «Высшая проба»,информатика,информатика,математика/информатика,75 и более,Право на прием БВИ,математика/информатика,Победителям и призерам,11 класс
,Направление подготовки 07.03.04 Градостроительство,Всероссийская олимпиада школьников «Высшая проба»,экономика,экономика,обществознание/история/география,75 и более,Право на прием БВИ,история/география,Победителям и призерам,11 класс
,Направление подготовки 07.03.04 Градостроительство,Всероссийская академическая олимпиада школьников имени В.И. Вернадского,экономика,экономика,обществознание/история/география,75 и более,Право на прием БВИ,история/география,Победителям и призерам,11 класс
,Направление подготовки 07.03.04 Градостроительство,Всероссийская экономическая олимпиада школьников имени Н.Д. Кондратьева,экономика,экономика,обществознание/история/география,75 и более,Право на прием БВИ,история/география,Победителям и призерам,11 класс
,Направление подготовки 07.03.04 Градостроительство,Терценовская олимпиада школьников,география,география,география,75 и более,Право на прием БВИ,география,Победителям,"10, 11 класс"
,Направление подготовки 07.03.04 Градостроительство,Межрегиональная олимпиада школьников «Будущие исследователи - будущее науки»,математика,математика,математика,75 и более,Право на прием БВИ,математика,Победителям,11 класс
,Направление подготовки 07.03.04 Градостроительство,Многопредметная олимпиада «Юные таланты»,география,география,география,75 и более,Право на прием БВИ,география,Победителям и призерам,"10, 11 класс"
,Направление подготовки 07.03.04 Градостроительство,Многопредметная олимпиада «Юные таланты»,география,география,география,75 и более,Право на прием БВИ,география,Победителям и призерам,11 класс
,Направление подготовки 07.03.04 Градостроительство,Московская олимпиада школьников,физика,физика,физика,75 и более,Право на прием БВИ,физика,Победителям,11 класс
,Направление подготовки 07.03.04 Градостроительство,Московская олимпиада школьников,обществознание,обществознание,обществознание/история/география,75 и более,Право на прием БВИ,история/география,Победителям и призерам,11 класс
,Направление подготовки 07.03.04 Градостроительство,Московская олимпиада школьников,математика,математика,математика,75 и более,Право на прием БВИ,математика,Победителям и призерам,"10, 11 класс"
,Направление подготовки 07.03.04 Градостроительство,Московская олимпиада школьников,информатика,информатика,математика/информатика,75 и более,Право на прием БВИ,математика/информатика,Победителям и призерам,11 класс
,Направление подготовки 07.03.04 Градостроительство,Олимпиада Курчатов,математика,математика,математика,75 и более,Право на прием БВИ,математика,Победителям и призерам,11 класс
,Направление подготовки 07.03.04 Градостроительство,Международная олимпиада «Innopolis Open»,математика,математика,математика,75 и более,Право на прием БВИ,математика,Победителям и призерам,11 класс
,Направление подготовки 07.03.04 Градостроительство,Олимпиада школьников «Ломоносов»,география,география,география,75 и более,Право на прием БВИ,география,Победителям и призерам,"10, 11 класс"
,Направление подготовки 07.03.04 Градостроительство,Олимпиада школьников «Ломоносов»,обществознание,обществознание,обществознание/история/география,75 и более,Право на прием БВИ,история,Победителям и призерам,11 класс
,Направление подготовки 07.03.04 Градостроительство,Олимпиада школьников «Ломоносов»,математика,математика,математика,75 и более,Право на прием БВИ,математика,Победителям и призерам,11 класс
,Направление подготовки 07.03.04 Градостроительство,Олимпиада школьников «Ломоносов»,экология,"биологические науки, науки о земле",география,75 и более,Право на прием БВИ,география,Победителям и призерам,11 класс
,Направление подготовки 07.03.04 Градостроительство,Олимпиада школьников «Ломоносов»,информатика,информатика,математика/информатика,75 и более,Право на прием БВИ,математика/информатика,Победителям и призерам,11 класс
,Направление подготовки 07.03.04 Градостроительство,Олимпиада школьников «Ломоносов»,география,география,география,75 и более,Право на прием БВИ,география,Победителям и призерам,"10, 11 класс"
,Направление подготовки 07.03.04 Градостроительство,Олимпиада школьников «Покори Воробьевы горы!»,обществознание,обществознание,обществознание/история/география,75 и более,Право на прием БВИ,история,Победителям и призерам,11 класс
,Направление подготовки 07.03.04 Градостроительство,Олимпиада школьников «Покори Воробьевы горы!»,математика,математика,математика,75 и более,Право на прием БВИ,математика,Победителям и призерам,11 класс
,Направление подготовки 07.03.04 Градостроительство,Олимпиада школьников «Фигтех»,математика,математика,математика,75 и более,Право на прием БВИ,математика,Победителям и призерам,11 класс
,Направление подготовки 07.03.04 Градостроительство,Олимпиада школьников «Фигтех»,,,,75 и более,,,Победителям и призерам,"10, 11 класс"
,Направление подготовки 07.03.04 Градостроительство,Интернет-олимпиада школьников по физике,физика,физика,физика,75 и более,Право на прием БВИ,физика,Победителям и призерам,11 класс
,Направление подготовки 07.03.04 Градостроительство,Межрегиональная олимпиада школьников имени И.Я. Верченко,математика,"математика, криптография",математика,75 и более,Право на прием БВИ,математика,Победителям и призерам,11 класс
,Направление подготовки 07.03.04 Градостроительство,Многопрофильная инженерная олимпиада «Звезда»,техника и технологии,"технологии материалов, машиностроение, фотоника, приборостроение, оптические и биотехнические системы и технологии, авиационная и ракетно-космическая техника, техника и технологии наземного транспорта, техника и технологии кораблестроения и водного транспорта, биотехнология, информационная безопасность, химические технологии",физика / информатика,75 и более,Право на прием БВИ,физика / информатика,Победителям и призерам,11 класс
,Направление подготовки 07.03.04 Градостроительство,Многопрофильная инженерная олимпиада «Звезда»,,"архитектура, техника и технологии строительства, информационная безопасность, электроника, радиотехника и системы связи, фотоника, приборостроение, оптические и биотехнические системы и технологии, электро- и теплоэнергетика, ядерная энергетика и технологии, машиностроение, оружие и системы вооружения, химические технологии, промышленная экология и биотехнологии, техносферная безопасность и природообустройство, прикладная геология, горное дело, нефтегазовое дело и геодезия, технологии материалов, техника и технологии наземного транспорта, авиационная и ракетно-космическая техника, информационная безопасность",физика / информатика,75 и более,Право на прием БВИ,физика / информатика,Победителям и призерам,11 класс
,Направление подготовки 07.03.04 Градостроительство,«Формула Единства»/«Третье тысячелетие»,автоматизация бизнес-процессов,"компьютерные и информационные науки, информатика и вычислительная техника, информационная безопасность, электроника, радиотехника и системы связи, управление в технических системах, экономика и управление",физика / информатика / математика,75 и более,Право на прием БВИ,физика / информатика / математика,Победителям и призерам,11 класс
,Направление подготовки 07.03.04 Градостроительство,«Формула Единства»/«Третье тысячелетие»,автомобильные транспортные системы,"математика и механика, компьютерные и информационные науки, информатика и вычислительная техника, информационная безопасность, электроника, радиотехника и системы связи, фотоника, приборостроение, оптические и биотехнические системы и технологии, электро- и теплоэнергетика, машиностроение, авиационная и ракетно-космическая техника, управление в технических системах, языкознание и литературоведение",физика / информатика / математика,75 и более,Право на прием БВИ,физика / информатика / математика,Победителям и призерам,11 класс
,Направление подготовки 07.03.04 Градостроительство,«Формула Единства»/«Третье тысячелетие»,большие данные и машинное обучение,"математика и механика, компьютерные и информационные науки, информатика и вычислительная техника, информационная безопасность, электроника, радиотехника и системы связи, фотоника, приборостроение, оптические и биотехнические системы и технологии, электро- и теплоэнергетика, машиностроение, авиационная и ракетно-космическая техника, управление в технических системах, языкознание и литературоведение",физика / информатика / математика,75 и более,Право на 100 баллов,физика / информатика / математика,Победителям и призерам,11 класс
14,Информатика и вычислительная техника,Всероссийская междисциплинарная олимпиада школьников 8-11 класса «Национальная технологическая олимпиада»,интеллектуальные робототехнические системы,"компьютерные и информационные науки, информатика и вычислительная техника, информационная безопасность, электроника, радиотехника и системы связи, фотоника, приборостроение, оптические и биотехнические системы и технологии, электро- и теплоэнергетика, машиностроение, авиационная и ракетно-космическая техника, управление в технических системах",физика / информатика / математика,75 и более,Право на прием БВИ,физика / информатика / математика,Победителям и призерам,11 класс
,Информатика и вычислительная техника,Всероссийская междисциплинарная олимпиада школьников 8-11 класса «Национальная технологическая олимпиада»,интеллектуальные энергетические системы,"математика и механика, компьютерные и информационные науки, информатика и вычислительная техника, информационная безопасность, электроника, радиотехника и системы связи, электро- и теплоэнергетика, управление в технических системах, экономика и управление",физика / информатика / математика,75 и более,Право на прием БВИ,физика / информатика / математика,Победителям и призерам,11 класс
,Информатика и вычислительная техника,Всероссийская междисциплинарная олимпиада школьников 8-11 класса «Национальная технологическая олимпиада»,искусственный интеллект,"математика и механика, компьютерные и информационные науки, информатика и вычислительная техника, информационная безопасность",физика / информатика / математика,75 и более,Право на прием БВИ,физика / информатика / математика,Победителям и призерам,11 класс
,Информатика и вычислительная техника,Всероссийская междисциплинарная олимпиада школьников 8-11 класса «Национальная технологическая олимпиада»,нейротехнологии и когнитивные науки,"психология, математика и механика, фотоника, приборостроение, оптические и биотехнические системы и технологии, управление в технических системах",физика / информатика / математика,75 и более,Право на 100 баллов,физика / информатика / математика,Победителям и призерам,11 класс
,Информатика и вычислительная техника,Всероссийская междисциплинарная олимпиада школьников 8-11 класса «Национальная технологическая олимпиада»,технологии беспроводной связи,"компьютерные и информационные науки, информатика и вычислительная техника, информационная безопасность, электроника, радиотехника и системы связи, управление в технических системах",физика / информатика / математика,75 и более,Право на 100 баллов,физика / информатика / математика,Победителям и призерам,11 класс
,Информатика и вычислительная техника,Всероссийская междисциплинарная олимпиада школьников 8-11 класса «Национальная технологическая олимпиада»,,"фотоника, приборостроение, оптические и биотехнические системы и технологии, ядерная энергетика и технологии, машиностроение, управление в технических системах",физика / информатика / математика,75 и более,Право на прием БВИ,физика / информатика / математика,Победителям и призерам,11 класс
,Информатика и вычислительная техника,Всероссийская междисциплинарная олимпиада школьников 8-11 класса «Национальная технологическая олимпиада»,инструменты миры: разработка компьютерных игр технологии виртуальной реальности технологии дополненной реальности цифровые технологии в архитектуре,"математика и механика, компьютерные и информационные науки, информатика и вычислительная техника, информационная безопасность",физика / информатика / математика,75 и более,Право на 100 баллов,физика / информатика / математика,Победителям и призерам,11 класс
,Информатика и вычислительная техника,Олимпиада школьников «Шаг в будущее»,компьютерное моделирование и графика,"электроника, радиотехника и системы связи, фотоника, приборостроение, оптические и биотехнические системы и технологии",физика / информатика,75 и более,Право на 100 баллов,физика / информатика,Победителям и призерам,11 класс
,Информатика и вычислительная техника,Олимпиада школьников «Шаг в будущее»,физика,физика,физика,75 и более,Право на прием БВИ,физика,Победителям и призерам,11 класс
,Информатика и вычислительная техника,Олимпиада школьников «Шаг в будущее»,математика,математика,математика,75 и более,Право на 100 баллов,математика,Победителям и призерам,11 класс
,Информатика и вычислительная техника,Олимпиада школьников «Шаг в будущее»,информатика,информатика и вычислительная техника,информатика,75 и более,Право на 100 баллов,информатика,Победителям и призерам,11 класс
,Информатика и вычислительная техника,Олимпиада школьников Санкт-Петербургского государственного университета,математика,математика,математика,75 и более,Право на прием БВИ,математика,Победителям и призерам,11 класс
,Информатика и вычислительная техника,Олимпиада школьников Санкт-Петербургского государственного университета,информатика,информатика,информатика,75 и более,Право на прием БВИ,информатика,Победителям и призерам,11 класс
,Информатика и вычислительная техника,Олимпиада школьников Санкт-Петербургского государственного университета,физика,физика,физика,75 и более,Право на прием БВИ,физика,Победителям и призерам,11 класс
,Информатика и вычислительная техника,Олимпиада школьников Санкт-Петербургского государственного университета,инженерные системы,"астрономия, управление в технических системах",физика,75 и более,Право на 100 баллов,физика,Победителям и призерам,11 класс
,Информатика и вычислительная техника,Олимпиада школьников Санкт-Петербургского государственного университета,математическое моделирование и искусственный интеллект,"математика и механика, информатика и вычислительная техника",математика / информатика,75 и более,Право на 100 баллов,математика / информатика,Победителям и призерам,11 класс
,Информатика и вычислительная техника,Олимпиада Юношеской математической школы,математика,математика,математика,75 и более,Право на прием БВИ,математика,Победителям и призерам,11 класс
,Информатика и вычислительная техника,Олимпиада Юношеской математической школы,информатика,информатика,информатика,75 и более,Право на прием БВИ,информатика,Победителям и призерам,11 класс
,Информатика и вычислительная техника,Олимпиада Юношеской математической школы,математика,математика,математика,75 и более,Право на 100 баллов,математика,Победителям и призерам,11 класс
,Информатика и вычислительная техника,Открытая олимпиада школьников,физика,"физика и астрономия, фотоника, приборостроение, оптические и биотехнические системы и технологии, физико-технические науки и технологии",физика,75 и более,Право на 100 баллов,физика,Победителям и призерам,11 класс
,Информатика и вычислительная техника,Открытая олимпиада школьников,математика,математика,математика,75 и более,Право на прием БВИ,математика,Победителям и призерам,11 класс
,Информатика и вычислительная техника,Открытая олимпиада школьников,физика,физика,физика,75 и более,Право на прием БВИ,физика,Победителям и призерам,11 класс
,Информатика и вычислительная техника,Открытая олимпиада школьников,информатика,информатика,информатика,75 и более,Право на прием БВИ,информатика,Победителям и призерам,11 класс
,Информатика и вычислительная техника,Отраслевая физико-математическая олимпиада школьников «Росатом»,математика,математика,математика,75 и более,Право на прием БВИ,математика,Победителям и призерам,11 класс
,Информатика и вычислительная техника,Отраслевая физико-математическая олимпиада школьников «Росатом»,физика,физика,физика,75 и более,Право на прием БВИ,физика,Победителям и призерам,11 класс
,Информатика и вычислительная техника,Санкт-Петербургская олимпиада школьников,математика,математика,математика,75 и более,Право на прием БВИ,математика,Победителям и призерам,11 класс
,Информатика и вычислительная техника,Турнир городов,математика,математика,математика,75 и более,Право на прием БВИ,математика,Победителям и призерам,11 класс
,Информатика и вычислительная техника,Турнир имени М.В. Ломоносова,математика,математика,математика,75 и более,Право на прием БВИ,математика,Победителям и призерам,11 класс
,Информатика и вычислительная техника,Турнир имени М.В. Ломоносова,физика,физика,физика,75 и более,Право на прием БВИ,физика,Победителям и призерам,11 класс
,Информатика и вычислительная техника,Вузовско-академическая олимпиада по информатике,информатика,информатика,информатика,75 и более,Право на прием БВИ,информатика,Победителям и призерам,11 класс
,Информатика и вычислительная техника,Олимпиада школьников по информатике и программированию,информатика,информатика,информатика,75 и более,Право на прием БВИ,информатика,Победителям и призерам,11 класс
,Информатика и вычислительная техника,Олимпиада школьников по программированию «ТехноКубок»,информатика,информатика,информатика,75 и более,Право на прием БВИ,информатика,Победителям и призерам,11 класс
,Информатика и вычислительная техника,Открытая олимпиада школьников по программированию,информатика,информатика,информатика,75 и более,Право на прием БВИ,информатика,Победителям и призерам,11 класс
,Информатика и вычислительная техника,Открытая олимпиада школьников по программированию «Когнитивные технологии»,информатика,информатика,информатика,75 и более,Право на прием БВИ,информатика,Победителям и призерам,11 класс
,Информатика и вычислительная техника,Всероссийская олимпиада по искусственному интеллекту,искусственный интеллект,информатика,математика / информатика,75 и более,Право на прием БВИ,математика / информатика,Победителям и призерам,11 класс
,Информатика и вычислительная техника,Межрегиональные предметные олимпиады федерального государственного автономного образовательного учреждения высшего образования «Казанский (Приволжский) федеральный университет»,физика,физика,физика,75 и более,Право на 100 баллов,физика,Победителям и призерам,11 класс
,Информатика и вычислительная техника,Межрегиональная олимпиада школьников на базе ведомственных образовательных организаций,физика,физика,физика,75 и более,Право на 100 баллов,физика,Победителям и призерам,11 класс
,Информатика и вычислительная техника,Межрегиональная олимпиада школьников «Будущие исследователи - будущее науки»,физика,физика,физика,75 и более,Право на 100 баллов,физика,Победителям и призерам,11 класс
,Информатика и вычислительная техника,Международная олимпиада «Innopolis Open»,информатика,информатика,информатика,75 и более,Право на прием БВИ,информатика,Победителям и призерам,11 класс
,Информатика и вычислительная техника,Международная олимпиада школьников Уральского федерального университета «Изумруд»,информационная безопасность,информатика,информатика,75 и более,Право на 100 баллов,информатика,Победителям и призерам,11 класс
,Информатика и вычислительная техника,Олимпиада школьников «Гранит науки»,математика,математика,математика,75 и более,Право на прием БВИ,математика,Победителям и призерам,11 класс
,Информатика и вычислительная техника,Олимпиада школьников «Надежда энергетики»,физика,физика,физика,75 и более,Право на 100 баллов,физика,Победителям и призерам,11 класс
,Информатика и вычислительная техника,Открытая межвузовская олимпиада школьников Сибирского Федерального округа «Будущее Сибири»,физика,физика,физика,75 и более,Право на прием БВИ,физика,Победителям и призерам,11 класс
,Информатика и вычислительная техника,Открытая региональная межвузовская олимпиада школьников (OPMO) с международным участием,физика,физика,физика,75 и более,Право на 100 баллов,физика,Победителям и призерам,11 класс
,Информатика и вычислительная техника,Отраслевая олимпиада школьников «Газпром»,информационные и коммуникационные технологии,информатика,информатика,75 и более,Право на 100 баллов,физика,Победителям и призерам,11 класс
,Информатика и вычислительная техника,Санкт-Петербургская астрономическая олимпиада,астрономия,"астрономия, физика",физика,75 и более,Право на прием БВИ,физика,Победителям и призерам,11 класс
,Информатика и вычислительная техника,Твой путь в настоящую науку,физика,физика,физика,75 и более,Право на прием БВИ,физика,Победителям и призерам,11 класс
,Информатика и вычислительная техника,Оборонно-техническая олимпиада,техника и технологии,"информатика и вычислительная техника, электроника, радиотехника и системы связи, фотоника, приборостроение, оптические и биотехнические системы и технологии, электро- и теплоэнергетика, машиностроение, оружие и системы вооружения, техносферная безопасность и природообустройство, авиационная и ракетнокосмическая техника, управление в технических системах",физика / информатика,75 и более,Право на 100 баллов,физика / информатика,Победителям и призерам,11 класс
,Информатика и вычислительная техника,Университетская олимпиада школьников «Бельчонок»,информатика,информатика,информатика,75 и более,Право на прием БВИ,информатика,Победителям и призерам,11 класс
,Информатика и вычислительная техника,Университетская олимпиада школьников «Бельчонок»,математика,математика,математика,75 и более,Право на 100 баллов,физика,Победителям и призерам,11 класс
,Информатика и вычислительная техника,Университетская олимпиада школьников «Бельчонок»,физика,физика,физика,75 и более,Право на 100 баллов,физика,Победителям и призерам,11 класс
,Направление подготовки 09.03.04 Программная инженерия,Московская олимпиада школьников,информатика,информатика,информатика,85 и более,Право на прием БВИ,информатика,Победителям и призерам,11 класс
,Направление подготовки 09.03.04 Программная инженерия,Московская олимпиада школьников,математика,математика,математика,80 и более,Право на прием БВИ,математика,Победителям и призерам,11 класс
,Направление подготовки 09.03.04 Программная инженерия,Московская олимпиада школьников,вероятность и статистика,математика,математика,80 и более,Право на 100 баллов,математика,Победителям и призерам,11 класс
,Направление подготовки 09.03.04 Программная инженерия,Всероссийская олимпиада школьников «Высшая проба»,информатика,информатика,информатика,85 и более,Право на прием БВИ,информатика,Победителям и призерам,11 класс
,Направление подготовки 09.03.04 Программная инженерия,Всероссийская олимпиада школьников «Высшая проба»,математика,математика,математика,80 и более,Право на прием БВИ,математика,Победителям и призерам,11 класс
,Направление подготовки 09.03.04 Программная инженерия,Всероссийская олимпиада школьников «Высшая проба»,анализ данных,"компьютерные и информационные науки, информатика и вычислительная техника",информатика,85 и более,Право на прием БВИ,информатика,Победителям и призерам,11 класс
,Направление подготовки 09.03.04 Программная инженерия,Всероссийская олимпиада школьников «Высшая проба»,промышленное программирование,"компьютерные и информационные науки, информатика и вычислительная техника",информатика,85 и более,Право на прием БВИ,информатика,Победителям и призерам,11 класс
,Направление подготовки 09.03.04 Программная инженерия,Всероссийская олимпиада школьников «Высшая проба»,русский язык,русский язык,русский язык,75 и более,Право на 100 баллов,русский язык,Победителям и призерам,11 класс
15,Программная инженерия,Олимпиада школьников Санкт-Петербургского государственного университета,информатика,информатика,информатика,85 и более,Право на прием БВИ,информатика,Победителям,11 класс
,Программная инженерия,Олимпиада школьников Санкт-Петербургского государственного университета,информатика,информатика,информатика,85 и более,Право на 100 баллов,информатика,Победителям и призерам,11 класс
,Программная инженерия,Олимпиада школьников Санкт-Петербургского государственного университета,математика,математика,математика,80 и более,Право на прием БВИ,математика,Победителям и призерам,11 класс
,Программная инженерия,Олимпиада школьников Санкт-Петербургского государственного университета,математика,математика,математика,80 и более,Право на 100 баллов,математика,Победителям и призерам,11 класс
,Программная инженерия,Олимпиада школьников по информатике и программированию,информатика,информатика,информатика,85 и более,Право на прием БВИ,информатика,Победителям и призерам,11 класс
,Программная инженерия,Олимпиада школьников по информатике и программированию,информатика,информатика,информатика,85 и более,Право на 100 баллов,информатика,Победителям и призерам,11 класс
,Программная инженерия,Открытая олимпиада школьников по программированию,информатика,информатика,информатика,85 и более,Право на прием БВИ,информатика,Победителям и призерам,11 класс
,Программная инженерия,Открытая олимпиада школьников по программированию,информатика,информатика,информатика,85 и более,Право на 100 баллов,информатика,Победителям и призерам,11 класс
,Программная инженерия,Вузовско-академическая олимпиада по информатике,информатика,информатика,информатика,85 и более,Право на прием БВИ,информатика,Победителям и призерам,11 класс
,Программная инженерия,Вузовско-академическая олимпиада по информатике,информатика,информатика,информатика,85 и более,Право на 100 баллов,информатика,Победителям и призерам,11 класс
,Программная инженерия,Всероссийская олимпиада по искусственному интеллекту (с возможностью участия иностранных обучающихся),искусственный интеллект,информатика,информатика,85 и более,Право на прием БВИ,информатика,Победителям,11 класс
,Программная инженерия,Всероссийская олимпиада по искусственному интеллекту (с возможностью участия иностранных обучающихся),искусственный интеллект,информатика,информатика,85 и более,Право на 100 баллов,информатика,Победителям и призерам,11 класс
,Программная инженерия,Открытая олимпиада школьников,информатика,информатика,информатика,85 и более,Право на прием БВИ,информатика,Победителям,11 класс
,Программная инженерия,Открытая олимпиада школьников,информатика,информатика,информатика,85 и более,Право на 100 баллов,информатика,Победителям и призерам,11 класс
,Программная инженерия,Открытая олимпиада школьников,математика,математика,математика,80 и более,Право на 100 баллов,математика,Победителям,11 класс
,Программная инженерия,Олимпиада школьников по программированию «ТехноКубок»,информатика,информатика,информатика,85 и более,Право на прием БВИ,информатика,Победителям и призерам,11 класс
,Программная инженерия,Олимпиада школьников по программированию «ТехноКубок»,информатика,информатика,информатика,85 и более,Право на 100 баллов,информатика,Победителям и призерам,11 класс
,Программная инженерия,Открытая олимпиада школьников по программированию «Когнитивные технологии»,информатика,информатика,информатика,85 и более,Право на прием БВИ,информатика,Победителям,11 класс
,Программная инженерия,Открытая олимпиада школьников по программированию «Когнитивные технологии»,информатика,информатика,информатика,85 и более,Право на 100 баллов,информатика,Победителям и призерам,11 класс
,Программная инженерия,Олимпиада школьников «Ломоносов»,информатика,информатика,информатика,85 и более,Право на 100 баллов,информатика,Победителям и призерам,11 класс
,Программная инженерия,Олимпиада школьников «Ломоносов»,математика,математика,математика,80 и более,Право на 100 баллов,математика,Победителям и призерам,11 класс
,Программная инженерия,Олимпиада школьников «Ломоносов»,русский язык,русский язык,русский язык,75 и более,Право на 100 баллов,русский язык,Победителям и призерам,11 класс
,Программная инженерия,Всероссийская открытая олимпиада школьников,информатика,информатика,информатика,85 и более,Право на прием БВИ,информатика,Победителям и призерам,11 класс
,Программная инженерия,Всероссийская открытая олимпиада школьников,информатика,информатика,информатика,85 и более,Право на 100 баллов,информатика,Победителям и призерам,11 класс
,Программная инженерия,Всероссийская открытая олимпиада школьников,математика,математика,математика,80 и более,Право на 100 баллов,математика,Победителям и призерам,11 класс
,Программная инженерия,Олимпиада школьников «Шаг в будущее»,математика,математика,математика,80 и более,Право на 100 баллов,математика,Победителям,11 класс
,Программная инженерия,Международная олимпиада «Innopolis Open»,информатика,информатика,информатика,85 и более,Право на прием БВИ,информатика,Победителям и призерам,11 класс
,Программная инженерия,Международная олимпиада «Innopolis Open»,информатика,информатика,информатика,85 и более,Право на 100 баллов,информатика,Победителям и призерам,11 класс
,Программная инженерия,Международная олимпиада «Innopolis Open»,искусственный интеллект,информатика,информатика,85 и более,Право на 100 баллов,информатика,Победителям,11 класс
,Программная инженерия,Международная олимпиада «Innopolis Open»,математика,математика,математика,80 и более,Право на 100 баллов,математика,Победителям,11 класс
,Программная инженерия,Олимпиада школьников «Покори Воробьевы горы!»,математика,математика,математика,80 и более,Право на прием БВИ,математика,Победителям и призерам,11 класс
,Программная инженерия,Олимпиада школьников «Покори Воробьевы горы!»,математика,математика,математика,80 и более,Право на 100 баллов,математика,Победителям и призерам,11 класс
,Программная инженерия,Санкт-Петербургская олимпиада школьников,математика,математика,математика,80 и более,Право на прием БВИ,математика,Победителям и призерам,11 класс
,Программная инженерия,Санкт-Петербургская олимпиада школьников,математика,математика,математика,80 и более,Право на 100 баллов,математика,Победителям и призерам,11 класс
,Программная инженерия,Турнир городов,математика,математика,математика,80 и более,Право на прием БВИ,математика,Победителям и призерам,11 класс
,Программная инженерия,Турнир городов,математика,математика,математика,80 и более,Право на 100 баллов,математика,Победителям и призерам,11 класс
,Программная инженерия,Олимпиада школьников «Физтех»,математика,математика,математика,80 и более,Право на 100 баллов,математика,Победителям и призерам,11 класс
,Программная инженерия,Отраслевая физико-математическая олимпиада школьников «Росатом»,математика,математика,математика,80 и более,Право на 100 баллов,математика,Победителям и призерам,11 класс
,Программная инженерия,Объединенная межвузовская олимпиада школьников,математика,математика,математика,80 и более,Право на 100 баллов,математика,Победителям и призерам,11 класс
,Программная инженерия,«Формула Единства»/«Третье тысячелетие»,математика,математика,математика,80 и более,Право на 100 баллов,математика,Победителям и призерам,11 класс
,Программная инженерия,Олимпиада Курчатов,математика,математика,математика,80 и более,Право на 100 баллов,математика,Победителям и призерам,11 класс
,Программная инженерия,Межрегиональная олимпиада школьников имени И.Я. Верченко,математика,математика,математика,80 и более,Право на 100 баллов,математика,Победителям и призерам,11 класс
,Программная инженерия,Турнир имени М.В. Ломоносова,математика,математика,математика,80 и более,Право на 100 баллов,математика,Победителям и призерам,11 класс
,Программная инженерия,Турнир имени М.В. Ломоносова,лингвистика,"русский язык, иностранный язык, математика",русский язык,75 и более,Право на 100 баллов,русский язык,Победителям и призерам,11 класс
,Программная инженерия,Олимпиада Юношеской математической школы,математика,математика,математика,80 и более,Право на 100 баллов,математика,Победителям и призерам,11 класс
,Программная инженерия,Межрегиональная олимпиада школьников «Будущие исследователи - будущее науки»,математика,математика,математика,80 и более,Право на 100 баллов,математика,Победителям,11 класс
,Программная инженерия,Межрегиональная олимпиада школьников «Будущие исследователи - будущее науки»,русский язык,русский язык,русский язык,75 и более,Право на 100 баллов,русский язык,Победителям и призерам,11 класс
,Программная инженерия,Университетская олимпиада школьников «Бельчонок»,математика,математика,математика,80 и более,Право на 100 баллов,математика,Победителям,11 класс
,Программная инженерия,Межрегиональные предметные олимпиады федерального государственного автономного образовательного учреждения высшего образования «Казанский (Приволжский) федеральный университет»,русский язык,русский язык,русский язык,75 и более,Право на 100 баллов,русский язык,Победителям и призерам,11 класс
,Программная инженерия,Плехановская олимпиада школьников,русский язык,русский язык,русский язык,75 и более,Право на 100 баллов,русский язык,Победителям и призерам,11 класс
,Программная инженерия,Олимпиада РГТУ для школьников,русский язык,русский язык,русский язык,75 и более,Право на 100 баллов,русский язык,Победителям и призерам,11 класс
,Программная инженерия,Международная олимпиада школьников Уральского федерального университета «Изумруд»,математика,математика,математика,80 и более,Право на 100 баллов,математика,Победителям,11 класс
,Программная инженерия,Международная олимпиада школьников Уральского федерального университета «Изумруд»,русский язык,русский язык,русский язык,75 и более,Право на 100 баллов,русский язык,Победителям и призерам,11 класс
,Программная инженерия,Открытая региональная межвузовская олимпиада школьников (ОРМО) с международным участием,русский язык,русский язык,русский язык,75 и более,Право на 100 баллов,русский язык,Победителям и призерам,11 класс
,Программная инженерия,Океан знаний,русский язык,русский язык,русский язык,75 и более,Право на 100 баллов,русский язык,Победителям и призерам,11 класс
,Программная инженерия,Московская олимпиада школьников,информатика,информатика,информатика,80 и более,Право на прием БВИ,информатика,Победителям и призерам,11 класс
,Программная инженерия,Московская олимпиада школьников,информатика,информатика,информатика,80 и более,Право на 100 баллов,информатика,Победителям и призерам,11 класс
,Программная инженерия,Московская олимпиада школьников,математика,математика,математика,75 и более,Право на прием БВИ,математика,Победителям и призерам,11 класс
,Программная инженерия,Московская олимпиада школьников,математика,математика,математика,75 и более,Право на 100 баллов,математика,Победителям и призерам,11 класс
,Программная инженерия,Московская олимпиада школьников,вероятность и статистика,математика,математика,75 и более,Право на 100 баллов,математика,Победителям и призерам,11 класс
,Программная инженерия,Московская олимпиада школьников,информатика,информатика,информатика,80 и более,Право на прием БВИ,информатика,Победителям и призерам,11 класс
,Программная инженерия,Московская олимпиада школьников,информатика,информатика,информатика,80 и более,Право на 100 баллов,информатика,Победителям и призерам,11 класс
,Программная инженерия,Всероссийская олимпиада школьников «Высшая проба»,математика,математика,математика,75 и более,Право на прием БВИ,математика,Победителям и призерам,11 класс
,Программная инженерия,Всероссийская олимпиада школьников «Высшая проба»,анализ данных,"компьютерные и информационные науки, информатика и вычислительная техника",информатика,80 и более,Право на прием БВИ,информатика,Победителям и призерам,11 класс
,Программная инженерия,Олимпиада школьников Санкт-Петербургского государственного университета,промышленное программирование,"компьютерные и информационные науки, информатика и вычислительная техника",информатика,80 и более,Право на прием БВИ,информатика,Победителям и призерам,11 класс
,Программная инженерия,Олимпиада школьников Санкт-Петербургского государственного университета,русский язык,русский язык,русский язык,75 и более,Право на 100 баллов,русский язык,Победителям и призерам,11 класс
,Программная инженерия,Олимпиада школьников Санкт-Петербургского государственного университета,математика,математика,математика,75 и более,Право на прием БВИ,математика,Победителям и призерам,11 класс
,Программная инженерия,Олимпиада школьников по информатике и программированию,информатика,информатика,информатика,80 и более,Право на прием БВИ,информатика,Победителям и призерам,11 класс
,Программная инженерия,Олимпиада школьников по информатике и программированию,информатика,информатика,информатика,80 и более,Право на 100 баллов,информатика,Победителям и призерам,11 класс
,Программная инженерия,Открытая олимпиада школьников по программированию,информатика,информатика,информатика,80 и более,Право на прием БВИ,информатика,Победителям и призерам,11 класс
,Программная инженерия,Открытая олимпиада школьников по программированию,информатика,информатика,информатика,80 и более,Право на 100 баллов,информатика,Победителям и призерам,11 класс
,Программная инженерия,Вузовско-академическая олимпиада по информатике,информатика,информатика,информатика,80 и более,Право на прием БВИ,информатика,Победителям и призерам,11 класс
,Программная инженерия,Вузовско-академическая олимпиада по информатике,информатика,информатика,информатика,80 и более,Право на 100 баллов,информатика,Победителям и призерам,11 класс
,Программная инженерия,Всероссийская олимпиада по искусственному интеллекту (с возможностью участия иностранных обучающихся),искусственный интеллект,информатика,информатика,80 и более,Право на прием БВИ,информатика,Победителям и призерам,11 класс
,Программная инженерия,Всероссийская олимпиада по искусственному интеллекту (с возможностью участия иностранных обучающихся),искусственный интеллект,информатика,информатика,80 и более,Право на 100 баллов,информатика,Победителям и призерам,11 класс
,Программная инженерия,Открытая олимпиада школьников по программированию «ТехноКубок»,информатика,информатика,информатика,80 и более,Право на прием БВИ,информатика,Победителям и призерам,11 класс
,Программная инженерия,Открытая олимпиада школьников по программированию «ТехноКубок»,информатика,информатика,информатика,80 и более,Право на 100 баллов,информатика,Победителям и призерам,11 класс
,Программная инженерия,Открытая олимпиада школьников по программированию «Когнитивные технологии»,информатика,информатика,информатика,80 и более,Право на прием БВИ,информатика,Победителям и призерам,11 класс
,Программная инженерия,Открытая олимпиада школьников по программированию «Когнитивные технологии»,информатика,информатика,информатика,80 и более,Право на 100 баллов,информатика,Победителям и призерам,11 класс
,Программная инженерия,Дизайн и разработка информационных продуктов,Олимпиада школьников «Ломоносов»,математика,математика,75 и более,Право на 100 баллов,математика,Победителям и призерам,11 класс
,Программная инженерия,Дизайн и разработка информационных продуктов,,русский язык,русский язык,русский язык,75 и более,Право на 100 баллов,русский язык,Победителям и призерам,11 класс
,Программная инженерия,Всероссийская открытая олимпиада школьников,информатика,информатика,информатика,80 и более,Право на прием БВИ,информатика,Победителям,11 класс
,Программная инженерия,Всероссийская открытая олимпиада школьников,информатика,информатика,информатика,80 и более,Право на 100 баллов,информатика,Победителям и призерам,11 класс
,Программная инженерия,Всероссийская открытая олимпиада школьников,математика,математика,математика,75 и более,Право на 100 баллов,математика,Победителям и призерам,11 класс
,Программная инженерия,Олимпиада школьников «Шаг в будущее»,математика,математика,математика,75 и более,Право на 100 баллов,математика,Победителям,11 класс
,Программная инженерия,Международная олимпиада «Innopolis Open»,информатика,информатика,информатика,80 и более,Право на прием БВИ,информатика,Победителям,11 класс
,Программная инженерия,Международная олимпиада «Innopolis Open»,информатика,информатика,информатика,80 и более,Право на 100 баллов,информатика,Победителям и призерам,11 класс
,Программная инженерия,Международная олимпиада «Innopolis Open»,искусственный интеллект,информатика,информатика,80 и более,Право на 100 баллов,информатика,Победителям,11 класс
,Программная инженерия,Международная олимпиада «Innopolis Open»,математика,математика,математика,75 и более,Право на 100 баллов,математика,Победителям,11 класс
,Программная инженерия,Олимпиада школьников «Покори Воробьевы горы!»,математика,математика,математика,75 и более,Право на прием БВИ,математика,Победителям,11 класс
,Программная инженерия,Олимпиада школьников «Покори Воробьевы горы!»,математика,математика,математика,75 и более,Право на 100 баллов,математика,Победителям и призерам,11 класс
,Программная инженерия,Санкт-Петербургская олимпиада школьников,математика,математика,математика,75 и более,Право на прием БВИ,математика,Победителям и призерам,11 класс
,Программная инженерия,Санкт-Петербургская олимпиада школьников,математика,математика,математика,75 и более,Право на 100 баллов,математика,Победителям и призерам,11 класс
,Программная инженерия,Турнир городов,математика,математика,математика,75 и более,Право на прием БВИ,математика,Победителям и призерам,11 класс
,Программная инженерия,Турнир городов,математика,математика,математика,75 и более,Право на 100 баллов,математика,Победителям и призерам,11 класс
,Программная инженерия,Олимпиада школьников «Физтех»,математика,математика,математика,75 и более,Право на прием БВИ,математика,Победителям,11 класс
,Программная инженерия,Олимпиада школьников «Физтех»,математика,математика,математика,75 и более,Право на 100 баллов,математика,Победителям и призерам,11 класс
,Программная инженерия,Отраслевая физико-математическая олимпиада школьников «Росатом»,математика,математика,математика,75 и более,Право на 100 баллов,математика,Победителям и призерам,11 класс
,Программная инженерия,Объединенная межвузовская математическая олимпиада школьников,математика,математика,математика,75 и более,Право на 100 баллов,математика,Победителям и призерам,11 класс
,Программная инженерия,«Формула Единства»/«Третье тысячелетие»,математика,математика,математика,75 и более,Право на 100 баллов,математика,Победителям и призерам,11 класс
,Программная инженерия,Олимпиада Курчатов,математика,математика,математика,75 и более,Право на 100 баллов,математика,Победителям и призерам,11 класс
,Программная инженерия,Межрегиональная олимпиада школьников имени И.Я. Верченко,математика,математика,математика,75 и более,Право на 100 баллов,математика,Победителям и призерам,11 класс
,Программная инженерия,Турнир имени М.В. Ломоносова,математика,математика,математика,75 и более,Право на 100 баллов,математика,Победителям и призерам,11 класс
,Программная инженерия,Турнир имени М.В. Ломоносова,лингвистика,"русский язык, иностранный язык, математика",русский язык,75 и более,Право на 100 баллов,русский язык,Победителям и призерам,11 класс
,Программная инженерия,Олимпиада Юношеской математической школы,математика,математика,математика,75 и более,Право на 100 баллов,математика,Победителям и призерам,11 класс
,Программная инженерия,Межрегиональная олимпиада школьников «Будущие исследователи - будущее науки»,математика,математика,математика,75 и более,Право на 100 баллов,математика,Победителям,11 класс
,Программная инженерия,Межрегиональная олимпиада школьников «Будущие исследователи - будущее науки»,русский язык,русский язык,русский язык,75 и более,Право на 100 баллов,русский язык,Победителям и призерам,11 класс
,Программная инженерия,Университетская олимпиада школьников «Бельчонок»,математика,математика,математика,75 и более,Право на 100 баллов,математика,Победителям,11 класс
,Программная инженерия,Межрегиональные предметные олимпиады федерального государственного автономного образовательного учреждения высшего образования «Казанский (Приволжский) федеральный университет»,русский язык,русский язык,русский язык,75 и более,Право на 100 баллов,русский язык,Победителям и призерам,11 класс
,Программная инженерия,Плехановская олимпиада школьников,русский язык,русский язык,русский язык,75 и более,Право на 100 баллов,русский язык,Победителям и призерам,11 класс
,Программная инженерия,Олимпиада РГТУ для школьников,русский язык,русский язык,русский язык,75 и более,Право на 100 баллов,русский язык,Победителям и призерам,11 класс
,Программная инженерия,Международная олимпиада школьников Уральского федерального университета «Изумруд»,математика,математика,математика,75 и более,Право на 100 баллов,математика,Победителям,11 класс
,Программная инженерия,Международная олимпиада школьников Уральского федерального университета «Изумруд»,русский язык,русский язык,русский язык,75 и более,Право на 100 баллов,русский язык,Победителям и призерам,11 класс
,Программная инженерия,Открытая региональная межвузовская олимпиада школьников (ОРМО) с международным участием,русский язык,русский язык,русский язык,75 и более,Право на 100 баллов,русский язык,Победителям и призерам,11 класс
,Программная инженерия,Океан знаний,русский язык,русский язык,русский язык,75 и более,Право на 100 баллов,русский язык,Победителям и призерам,11 класс
,Программная инженерия,Московская олимпиада школьников,информатика,информатика,информатика,75 и более,Право на прием БВИ,информатика,Победителям и призерам,11 класс
,Программная инженерия,Московская олимпиада школьников,информатика,информатика,информатика,75 и более,Право на 100 баллов,информатика,Победителям и призерам,11 класс
,Программная инженерия,Московская олимпиада школьников,математика,математика,математика,75 и более,Право на прием БВИ,математика,Победителям и призерам,11 класс
,Программная инженерия,Московская олимпиада школьников,математика,математика,математика,75 и более,Право на 100 баллов,математика,Победителям и призерам,11 класс
,Программная инженерия,Московская олимпиада школьников,вероятность и статистика,математика,математика,75 и более,Право на 100 баллов,математика,Победителям и призерам,11 класс
,Программная инженерия,Московская олимпиада школьников,физика,физика,физика,75 и более,Право на прием БВИ,физика,Победителям и призерам,11 класс
,Программная инженерия,Московская олимпиада школьников,физика,физика,физика,75 и более,Право на 100 баллов,физика,Победителям и призерам,11 класс
,Программная инженерия,Всероссийская олимпиада школьников «Высшая проба»,информатика,информатика,информатика,75 и более,Право на прием БВИ,информатика,Победителям и призерам,11 класс
,Программная инженерия,Всероссийская олимпиада школьников «Высшая проба»,информатика,информатика,информатика,75 и более,Право на 100 баллов,информатика,Победителям и призерам,11 класс
,Программная инженерия,Всероссийская олимпиада школьников «Высшая проба»,математика,математика,математика,75 и более,Право на прием БВИ,математика,Победителям и призерам,11 класс
,Программная инженерия,Всероссийская олимпиада школьников «Высшая проба»,математика,математика,математика,75 и более,Право на 100 баллов,математика,Победителям и призерам,11 класс
,Программная инженерия,Всероссийская олимпиада школьников «Высшая проба»,анализ данных,"компьютерные и информационные науки, информатика и вычислительная техника",информатика,75 и более,Право на прием БВИ,информатика,Победителям,11 класс
,Программная инженерия,Всероссийская олимпиада школьников «Высшая проба»,анализ данных,"компьютерные и информационные науки, информатика и вычислительная техника",информатика,75 и более,Право на 100 баллов,информатика,Победителям и призерам,11 класс
,Программная инженерия,Всероссийская олимпиада школьников «Высшая проба»,промышленное программирование,"компьютерные и информационные науки, информатика и вычислительная техника",информатика,75 и более,Право на прием БВИ,информатика,Победителям и призерам,11 класс
,Программная инженерия,Всероссийская олимпиада школьников «Высшая проба»,промышленное программирование,"компьютерные и информационные науки, информатика и вычислительная техника",информатика,75 и более,Право на 100 баллов,информатика,Победителям и призерам,11 класс
,Программная инженерия,Всероссийская олимпиада школьников «Высшая проба»,русский язык,русский язык,русский язык,75 и более,Право на 100 баллов,русский язык,Победителям и призерам,11 класс
,Программная инженерия,Всероссийская олимпиада школьников «Высшая проба»,физика,физика,физика,75 и более,Право на прием БВИ,физика,Победителям и призерам,11 класс
,Программная инженерия,Всероссийская олимпиада школьников «Высшая проба»,физика,физика,физика,75 и более,Право на 100 баллов,физика,Победителям и призерам,11 класс
,Программная инженерия,Олимпиада школьников Санкт-Петербургского государственного университета,информатика,информатика,информатика,75 и более,Право на прием БВИ,информатика,Победителям и призерам,11 класс
,Программная инженерия,Олимпиада школьников Санкт-Петербургского государственного университета,информатика,информатика,информатика,75 и более,Право на 100 баллов,информатика,Победителям и призерам,11 класс
,Программная инженерия,Олимпиада школьников Санкт-Петербургского государственного университета,математика,математика,математика,75 и более,Право на прием БВИ,математика,Победителям и призерам,11 класс
,Программная инженерия,Олимпиада школьников Санкт-Петербургского государственного университета,математика,математика,математика,75 и более,Право на 100 баллов,математика,Победителям и призерам,11 класс
,Программная инженерия,Олимпиада школьников Санкт-Петербургского государственного университета,физика,физика,физика,75 и более,Право на прием БВИ,физика,Победителям и призерам,11 класс
,Программная инженерия,Олимпиада школьников Санкт-Петербургского государственного университета,физика,физика,физика,75 и более,Право на 100 баллов,физика,Победителям и призерам,11 класс
,Программная инженерия,Олимпиада школьников по информатике и программированию,информатика,информатика,информатика,75 и более,Право на прием БВИ,информатика,Победителям и призерам,11 класс
,Программная инженерия,Олимпиада школьников по информатике и программированию,информатика,информатика,информатика,75 и более,Право на 100 баллов,информатика,Победителям и призерам,11 класс
,Программная инженерия,Открытая олимпиада школьников по программированию,информатика,информатика,информатика,75 и более,Право на прием БВИ,информатика,Победителям и призерам,11 класс
,Программная инженерия,Открытая олимпиада школьников по программированию,информатика,информатика,информатика,75 и более,Право на 100 баллов,информатика,Победителям и призерам,11 класс
,Программная инженерия,Вузовско-академическая олимпиада по информатике,информатика,информатика,информатика,75 и более,Право на прием БВИ,информатика,Победителям и призерам,11 класс
,Программная инженерия,Вузовско-академическая олимпиада по информатике,информатика,информатика,информатика,75 и более,Право на 100 баллов,информатика,Победителям и призерам,11 класс
,Программная инженерия,Всероссийская олимпиада по искусственному интеллекту (с возможностью участия иностранных обучающихся),искусственный интеллект,информатика,информатика,75 и более,Право на прием БВИ,информатика,Победителям и призерам,11 класс
,Программная инженерия,Всероссийская олимпиада по искусственному интеллекту (с возможностью участия иностранных обучающихся),искусственный интеллект,информатика,информатика,75 и более,Право на 100 баллов,информатика,Победителям и призерам,11 класс
,Программная инженерия,Открытая олимпиада школьников,информатика,информатика,информатика,75 и более,Право на прием БВИ,информатика,Победителям и призерам,11 класс
,Программная инженерия,Открытая олимпиада школьников,информатика,информатика,информатика,75 и более,Право на 100 баллов,информатика,Победителям и призерам,11 класс
,Программная инженерия,Открытая олимпиада школьников,математика,математика,математика,75 и более,Право на 100 баллов,математика,Победителям,11 класс
,Программная инженерия,Олимпиада школьников по программированию «ТехноКубок»,информатика,информатика,информатика,75 и более,Право на прием БВИ,информатика,Победителям и призерам,11 класс
,Программная инженерия,Олимпиада школьников по программированию «ТехноКубок»,информатика,информатика,информатика,75 и более,Право на 100 баллов,информатика,Победителям и призерам,11 класс
,Программная инженерия,Открытая олимпиада школьников по программированию «Когнитивные технологии»,информатика,информатика,информатика,75 и более,Право на прием БВИ,информатика,Победителям и призерам,11 класс
,Программная инженерия,Открытая олимпиада школьников по программированию «Когнитивные технологии»,информатика,информатика,информатика,75 и более,Право на 100 баллов,информатика,Победителям и призерам,11 класс
,Программная инженерия,Олимпиада школьников «Ломоносов»,информатика,информатика,информатика,75 и более,Право на прием БВИ,информатика,Победителям и призерам,11 класс
,Программная инженерия,Олимпиада школьников «Ломоносов»,информатика,информатика,информатика,75 и более,Право на 100 баллов,информатика,Победителям и призерам,11 класс
,Программная инженерия,Олимпиада школьников «Ломоносов»,математика,математика,математика,75 и более,Право на прием БВИ,математика,Победителям и призерам,11 класс
,Программная инженерия,Олимпиада школьников «Ломоносов»,математика,математика,математика,75 и более,Право на 100 баллов,математика,Победителям и призерам,11 класс
,Программная инженерия,Олимпиада школьников «Ломоносов»,физика,физика,физика,75 и более,Право на прием БВИ,физика,Победителям и призерам,11 класс
,Программная инженерия,Олимпиада школьников «Ломоносов»,физика,физика,физика,75 и более,Право на 100 баллов,физика,Победителям и призерам,11 класс
,Программная инженерия,Олимпиада школьников «Ломоносов»,русский язык,русский язык,русский язык,75 и более,Право на 100 баллов,русский язык,Победителям и призерам,11 класс
,Программная инженерия,Всероссийская открытая олимпиада школьников,информатика,информатика,информатика,75 и более,Право на прием БВИ,информатика,Победителям и призерам,11 класс
,Программная инженерия,Всероссийская открытая олимпиада школьников,информатика,информатика,информатика,75 и более,Право на 100 баллов,информатика,Победителям и призерам,11 класс
,Программная инженерия,Всероссийская открытая олимпиада школьников,математика,математика,математика,75 и более,Право на прием БВИ,математика,Победителям и призерам,11 класс
,Программная инженерия,Всероссийская открытая олимпиада школьников,математика,математика,математика,75 и более,Право на 100 баллов,математика,Победителям и призерам,11 класс
,Программная инженерия,Всероссийская открытая олимпиада школьников,физика,физика,физика,75 и более,Право на 100 баллов,физика,Победителям и призерам,11 класс
17,Разработка игр и цифровых продуктов,Олимпиада школьников «Шаг в будущее»,математика,математика,математика,75 и более,Право на 100 баллов,математика,Победителям,11 класс
,Разработка игр и цифровых продуктов,Олимпиада школьников «Шаг в будущее»,физика,физика,физика,75 и более,Право на 100 баллов,физика,Победителям и призерам,11 класс
,Разработка игр и цифровых продуктов,Международная олимпиада «Innopolis Open»,информатика,информатика,информатика,75 и более,Право на прием БВИ,информатика,Победителям,11 класс
,Разработка игр и цифровых продуктов,Международная олимпиада «Innopolis Open»,информатика,информатика,информатика,75 и более,Право на 100 баллов,информатика,Победителям и призерам,11 класс
,Разработка игр и цифровых продуктов,Международная олимпиада «Innopolis Open»,искусственный интеллект,информатика,информатика,75 и более,Право на 100 баллов,информатика,Победителям,11 класс
,Разработка игр и цифровых продуктов,Международная олимпиада «Innopolis Open»,математика,математика,математика,75 и более,Право на 100 баллов,математика,Победителям,11 класс
,Разработка игр и цифровых продуктов,Олимпиада школьников «Покори Воробьевы горы!»,математика,математика,математика,75 и более,Право на прием БВИ,математика,Победителям и призерам,11 класс
,Разработка игр и цифровых продуктов,Олимпиада школьников «Покори Воробьевы горы!»,математика,математика,математика,75 и более,Право на 100 баллов,математика,Победителям и призерам,11 класс
,Разработка игр и цифровых продуктов,Олимпиада школьников «Покори Воробьевы горы!»,физика,физика,физика,75 и более,Право на прием БВИ,физика,Победителям,11 класс
,Разработка игр и цифровых продуктов,Олимпиада школьников «Покори Воробьевы горы!»,физика,физика,физика,75 и более,Право на 100 баллов,физика,Победителям и призерам,11 класс
,Разработка игр и цифровых продуктов,Санкт-Петербургская олимпиада школьников,математика,математика,математика,75 и более,Право на прием БВИ,математика,Победителям и призерам,11 класс
,Разработка игр и цифровых продуктов,Санкт-Петербургская олимпиада школьников,математика,математика,математика,75 и более,Право на 100 баллов,математика,Победителям и призерам,11 класс
,Разработка игр и цифровых продуктов,Турнир городов,математика,математика,математика,75 и более,Право на прием БВИ,математика,Победителям и призерам,11 класс
,Разработка игр и цифровых продуктов,Турнир городов,математика,математика,математика,75 и более,Право на 100 баллов,математика,Победителям и призерам,11 класс
,Разработка игр и цифровых продуктов,Олимпиада школьников «Физтех»,математика,математика,математика,75 и более,Право на прием БВИ,математика,Победителям и призерам,11 класс
,Разработка игр и цифровых продуктов,Олимпиада школьников «Физтех»,математика,математика,математика,75 и более,Право на 100 баллов,математика,Победителям и призерам,11 класс
,Разработка игр и цифровых продуктов,Олимпиада школьников «Физтех»,физика,физика,физика,75 и более,Право на прием БВИ,физика,Победителям и призерам,11 класс
,Разработка игр и цифровых продуктов,Олимпиада школьников «Физтех»,физика,физика,физика,75 и более,Право на 100 баллов,физика,Победителям и призерам,11 класс
,Разработка игр и цифровых продуктов,Отраслевая физико-математическая олимпиада школьников «Росатом»,математика,математика,математика,75 и более,Право на прием БВИ,математика,Победителям и призерам,11 класс
,Разработка игр и цифровых продуктов,Отраслевая физико-математическая олимпиада школьников «Росатом»,математика,математика,математика,75 и более,Право на 100 баллов,математика,Победителям и призерам,11 класс
,Разработка игр и цифровых продуктов,Отраслевая физико-математическая олимпиада школьников «Росатом»,физика,физика,физика,75 и более,Право на прием БВИ,физика,Победителям и призерам,11 класс
,Разработка игр и цифровых продуктов,Отраслевая физико-математическая олимпиада школьников «Росатом»,физика,физика,физика,75 и более,Право на 100 баллов,физика,Победителям и призерам,11 класс
,Разработка игр и цифровых продуктов,Объединенная межвузовская математическая олимпиада школьников,математика,математика,математика,75 и более,Право на прием БВИ,математика,Победителям и призерам,11 класс
,Разработка игр и цифровых продуктов,Объединенная межвузовская математическая олимпиада школьников,математика,математика,математика,75 и более,Право на 100 баллов,математика,Победителям и призерам,11 класс
,Разработка игр и цифровых продуктов,Объединенная межвузовская математическая олимпиада школьников,физика,физика,физика,75 и более,Право на 100 баллов,физика,Победителям,11 класс
,Разработка игр и цифровых продуктов,«Формула Единства»/«Третье тысячелетие»,математика,математика,математика,75 и более,Право на прием БВИ,математика,Победителям и призерам,11 класс
,Разработка игр и цифровых продуктов,«Формула Единства»/«Третье тысячелетие»,математика,математика,математика,75 и более,Право на 100 баллов,математика,Победителям и призерам,11 класс
,Разработка игр и цифровых продуктов,Олимпиада Курчатов,математика,математика,математика,75 и более,Право на прием БВИ,математика,Победителям и призерам,11 класс
,Разработка игр и цифровых продуктов,Олимпиада Курчатов,математика,математика,математика,75 и более,Право на 100 баллов,математика,Победителям и призерам,11 класс
,Разработка игр и цифровых продуктов,Олимпиада Курчатов,физика,физика,физика,75 и более,Право на 100 баллов,физика,Победителям и призерам,11 класс
,Разработка игр и цифровых продуктов,Межрегиональная олимпиада школьников имени И.Я. Верченко,математика,математика,математика,75 и более,Право на прием БВИ,математика,Победителям и призерам,11 класс
,Разработка игр и цифровых продуктов,Межрегиональная олимпиада школьников имени И.Я. Верченко,математика,математика,математика,75 и более,Право на 100 баллов,математика,Победителям и призерам,11 класс
,Разработка игр и цифровых продуктов,Межрегиональная олимпиада школьников на базе ведомственных образовательных организаций,физика,физика,физика,75 и более,Право на 100 баллов,физика,Победителям,11 класс
,Разработка игр и цифровых продуктов,Турнир имени М.В. Ломоносова,математика,математика,математика,75 и более,Право на 100 баллов,математика,Победителям и призерам,11 класс
,Разработка игр и цифровых продуктов,Турнир имени М.В. Ломоносова,лингвистика,"русский язык, иностранный язык, математика",русский язык,75 и более,Право на 100 баллов,русский язык,Победителям и призерам,11 класс
,Разработка игр и цифровых продуктов,Турнир имени М.В. Ломоносова,физика,физика,физика,75 и более,Право на 100 баллов,физика,Победителям и призерам,11 класс
,Разработка игр и цифровых продуктов,Олимпиада Юношеской математической школы,математика,математика,математика,75 и более,Право на 100 баллов,математика,Победителям и призерам,11 класс
,Разработка игр и цифровых продуктов,Межрегиональная олимпиада школьников «Будущие исследователи - будущее науки»,математика,математика,математика,75 и более,Право на 100 баллов,математика,Победителям и призерам,11 класс
,Разработка игр и цифровых продуктов,Межрегиональная олимпиада школьников «Будущие исследователи - будущее науки»,физика,физика,физика,75 и более,Право на 100 баллов,физика,Победителям и призерам,11 класс
,Разработка игр и цифровых продуктов,Университетская олимпиада школьников «Бельчонок»,математика,математика,математика,75 и более,Право на 100 баллов,математика,Победителям и призерам,11 класс
,Разработка игр и цифровых продуктов,Олимпиада школьников «Надежда энергетики»,физика,физика,физика,75 и более,Право на 100 баллов,физика,Победителям,11 класс
,Разработка игр и цифровых продуктов,Межрегиональные предметные олимпиады федерального государственного автономного образовательного учреждения высшего образования «Казанский (Приволжский) федеральный университет»,физика,физика,физика,75 и более,Право на 100 баллов,физика,Победителям,11 класс
,Разработка игр и цифровых продуктов,Межрегиональные предметные олимпиады федерального государственного автономного образовательного учреждения высшего образования «Казанский (Приволжский) федеральный университет»,русский язык,русский язык,русский язык,75 и более,Право на 100 баллов,русский язык,Победителям и призерам,11 класс
,Разработка игр и цифровых продуктов,Интернет-олимпиада школьников по физике,физика,физика,физика,75 и более,Право на 100 баллов,физика,Победителям и призерам,11 класс
,Разработка игр и цифровых продуктов,Городская открытая олимпиада школьников по физике,физика,физика,физика,75 и более,Право на 100 баллов,физика,Победителям и призерам,11 класс
,Разработка игр и цифровых продуктов,Инженерная олимпиада школьников,физика,физика,физика,75 и более,Право на прием БВИ,физика,Победителям и призерам,11 класс
,Разработка игр и цифровых продуктов,Инженерная олимпиада школьников,физика,физика,физика,75 и более,Право на 100 баллов,физика,Победителям и призерам,11 класс
,Разработка игр и цифровых продуктов,Олимпиада школьников «Робофест»,физика,физика,физика,75 и более,Право на 100 баллов,физика,Победителям и призерам,11 класс
,Разработка игр и цифровых продуктов,Твой путь в настоящую науку,физика,физика,физика,75 и более,Право на 100 баллов,физика,Победителям и призерам,11 класс
,Разработка игр и цифровых продуктов,Открытая межвузовская олимпиада школьников Сибирского федерального округа «Будущее Сибири»,физика,физика,физика,75 и более,Право на 100 баллов,физика,Победителям и призерам,11 класс
,Разработка игр и цифровых продуктов,Плехановская олимпиада школьников,русский язык,русский язык,русский язык,75 и более,Право на 100 баллов,русский язык,Победителям и призерам,11 класс
,Разработка игр и цифровых продуктов,Олимпиада РГТУ для школьников,русский язык,русский язык,русский язык,75 и более,Право на 100 баллов,русский язык,Победителям и призерам,11 класс
,Разработка игр и цифровых продуктов,Открытая региональная межвузовская олимпиада школьников (ОРМО) с международным участием,русский язык,русский язык,русский язык,75 и более,Право на 100 баллов,русский язык,Победителям и призерам,11 класс
,Разработка игр и цифровых продуктов,Международная олимпиада школьников Уральского федерального университета «Изумруд»,физика,физика,физика,75 и более,Право на 100 баллов,физика,Победителям и призерам,11 класс
,Разработка игр и цифровых продуктов,Океан знаний,русский язык,русский язык,русский язык,75 и более,Право на 100 баллов,русский язык,Победителям и призерам,11 класс
,Разработка игр и цифровых продуктов,,информатика,информатика,информатика,80 и более,Право на 100 баллов,информатика,Победителям и призерам,11 класс
,Разработка игр и цифровых продуктов,Московская олимпиада школьников,вероятность и статистика,математика,математика,75 и более,Право на 100 баллов,математика,Победителям и призерам,11 класс
,Разработка игр и цифровых продуктов,Московская олимпиада школьников,робототехника,"машиностроение, информатика и вычислительная техника",информатика,80 и более,Право на 100 баллов,информатика,Победителям и призерам,11 класс
,Разработка игр и цифровых продуктов,Московская олимпиада школьников,физика,физика,физика,75 и более,Право на 100 баллов,физика,Победителям и призерам,11 класс
,Разработка игр и цифровых продуктов,Всероссийская олимпиада школьников «Высшая проба»,математика,математика,математика,75 и более,Право на 100 баллов,математика,Победителям и призерам,11 класс
,Разработка игр и цифровых продуктов,Всероссийская олимпиада школьников «Высшая проба»,анализ данных,"компьютерные и информационные науки, информатика и вычислительная техника",информатика,80 и более,Право на 100 баллов,информатика,Победителям и призерам,11 класс
,Разработка игр и цифровых продуктов,Всероссийская олимпиада школьников «Высшая проба»,промышленное программирование,"компьютерные и информационные науки, информатика и вычислительная техника",информатика,80 и более,Право на 100 баллов,информатика,Победителям и призерам,11 класс
,Разработка игр и цифровых продуктов,Всероссийская олимпиада школьников «Высшая проба»,русский язык,русский язык,русский язык,75 и более,Право на 100 баллов,русский язык,Победителям и призерам,11 класс
,Разработка игр и цифровых продуктов,Всероссийская олимпиада школьников «Высшая проба»,физика,физика,физика,75 и более,Право на 100 баллов,физика,Победителям и призерам,11 класс
,Разработка игр и цифровых продуктов,Олимпиада школьников Санкт-Петербургского государственного университета,информатика,информатика,информатика,80 и более,Право на 100 баллов,информатика,Победителям и призерам,11 класс
,Разработка игр и цифровых продуктов,Олимпиада школьников Санкт-Петербургского государственного университета,математика,математика,математика,75 и более,Право на 100 баллов,математика,Победителям и призерам,11 класс
,Разработка игр и цифровых продуктов,Олимпиада школьников по информатике и программированию,физика,физика,физика,80 и более,Право на 100 баллов,физика,Победителям и призерам,11 класс
,Разработка игр и цифровых продуктов,Открытая олимпиада школьников по программированию,информатика,информатика,информатика,80 и более,Право на 100 баллов,информатика,Победителям и призерам,11 класс
,Разработка игр и цифровых продуктов,Вузовско-академическая олимпиада по информатике,информатика,информатика,информатика,80 и более,Право на 100 баллов,информатика,Победителям и призерам,11 класс
,Разработка игр и цифровых продуктов,Всероссийская олимпиада по искусственному интеллекту (с возможностью участия иностранных обучающихся),искусственный интеллект,информатика,информатика,80 и более,Право на 100 баллов,информатика,Победителям и призерам,11 класс
,Разработка игр и цифровых продуктов,Открытая олимпиада школьников,информатика,информатика,информатика,80 и более,Право на 100 баллов,информатика,Победителям и призерам,11 класс
,Разработка игр и цифровых продуктов,Олимпиада школьников по программированию «ТехноКубок»,информатика,информатика,информатика,80 и более,Право на 100 баллов,информатика,Победителям и призерам,11 класс
,Разработка игр и цифровых продуктов,Открытая олимпиада школьников по программированию «Когнитивные технологии»,информатика,информатика,информатика,80 и более,Право на 100 баллов,информатика,Победителям и призерам,11 класс
,Разработка игр и цифровых продуктов,Олимпиада школьников «Ломоносов»,математика,математика,математика,75 и более,Право на 100 баллов,математика,Победителям и призерам,11 класс
,Разработка игр и цифровых продуктов,Олимпиада школьников «Ломоносов»,физика,физика,физика,75 и более,Право на 100 баллов,физика,Победителям и призерам,11 класс
,Разработка игр и цифровых продуктов,Олимпиада школьников «Ломоносов»,русский язык,русский язык,русский язык,75 и более,Право на 100 баллов,русский язык,Победителям и призерам,11 класс
18,Проектирование интеллектуальных робототехнических систем,Всероссийская открытая олимпиада школьников,информатика,информатика,информатика,80 и более,Право на 100 баллов,информатика,Победителям и призерам,11 класс
,Проектирование интеллектуальных робототехнических систем,Всероссийская открытая олимпиада школьников,математика,математика,математика,75 и более,Право на 100 баллов,математика,Победителям и призерам,11 класс
,Проектирование интеллектуальных робототехнических систем,Всероссийская открытая олимпиада школьников,физика,физика,физика,75 и более,Право на 100 баллов,физика,Победителям и призерам,11 класс
,Проектирование интеллектуальных робототехнических систем,Олимпиада школьников «Шаг в будущее»,математика,математика,математика,75 и более,Право на 100 баллов,математика,Победителям,11 класс
,Проектирование интеллектуальных робототехнических систем,Олимпиада школьников «Шаг в будущее»,физика,физика,физика,75 и более,Право на 100 баллов,физика,Победителям и призерам,11 класс
,Проектирование интеллектуальных робототехнических систем,Международная олимпиада «Innopolis Open»,информатика,информатика,информатика,80 и более,Право на 100 баллов,информатика,Победителям,11 класс
,Проектирование интеллектуальных робототехнических систем,Международная олимпиада «Innopolis Open»,робототехника,информатика,информатика,80 и более,Право на 100 баллов,информатика,Победителям,11 класс
,Проектирование интеллектуальных робототехнических систем,Международная олимпиада «Innopolis Open»,искусственный интеллект,информатика,информатика,80 и более,Право на 100 баллов,информатика,Победителям,11 класс
,Проектирование интеллектуальных робототехнических систем,Международная олимпиада «Innopolis Open»,математика,математика,математика,75 и более,Право на 100 баллов,математика,Победителям,11 класс
,Проектирование интеллектуальных робототехнических систем,Олимпиада школьников «Покори Воробьевы горы!»,математика,математика,математика,75 и более,Право на 100 баллов,математика,Победителям и призерам,11 класс
,Проектирование интеллектуальных робототехнических систем,Олимпиада школьников «Покори Воробьевы горы!»,физика,физика,физика,75 и более,Право на 100 баллов,физика,Победителям и призерам,11 класс
,Проектирование интеллектуальных робототехнических систем,Санкт-Петербургская олимпиада школьников,математика,математика,математика,75 и более,Право на 100 баллов,математика,Победителям и призерам,11 класс
,Проектирование интеллектуальных робототехнических систем,Турнир городов,математика,математика,математика,75 и более,Право на 100 баллов,математика,Победителям и призерам,11 класс
,Проектирование интеллектуальных робототехнических систем,Олимпиада школьников «Физтех»,математика,математика,математика,75 и более,Право на 100 баллов,математика,Победителям и призерам,11 класс
,Проектирование интеллектуальных робототехнических систем,Олимпиада школьников «Физтех»,физика,физика,физика,75 и более,Право на 100 баллов,физика,Победителям и призерам,11 класс
,Проектирование интеллектуальных робототехнических систем,Отраслевая физико-математическая олимпиада школьников «Росатом»,математика,математика,математика,75 и более,Право на 100 баллов,математика,Победителям и призерам,11 класс
,Проектирование интеллектуальных робототехнических систем,Отраслевая физико-математическая олимпиада школьников «Росатом»,физика,физика,физика,75 и более,Право на 100 баллов,физика,Победителям и призерам,11 класс
,Проектирование интеллектуальных робототехнических систем,Объединенная межвузовская математическая олимпиада школьников,математика,математика,математика,75 и более,Право на 100 баллов,математика,Победителям и призерам,11 класс
,Проектирование интеллектуальных робототехнических систем,Объединенная межвузовская математическая олимпиада школьников,физика,физика,физика,75 и более,Право на 100 баллов,физика,Победителям,11 класс
,Проектирование интеллектуальных робототехнических систем,«Формула Единства»/«Третье тысячелетие»,математика,математика,математика,75 и более,Право на 100 баллов,математика,Победителям и призерам,11 класс
,Проектирование интеллектуальных робототехнических систем,Олимпиада Курчатов,математика,математика,математика,75 и более,Право на 100 баллов,математика,Победителям и призерам,11 класс
,Проектирование интеллектуальных робототехнических систем,Олимпиада Курчатов,математика,математика,математика,75 и более,Право на 100 баллов,математика,Победителям и призерам,11 класс
,Проектирование интеллектуальных робототехнических систем,Олимпиада Курчатов,физика,физика,физика,75 и более,Право на 100 баллов,физика,Победителям и призерам,11 класс
,Проектирование интеллектуальных робототехнических систем,Межрегиональная олимпиада школьников имени И.Я. Верченко,математика,математика,математика,75 и более,Право на 100 баллов,математика,Победителям и призерам,11 класс
,Проектирование интеллектуальных робототехнических систем,Межрегиональная олимпиада школьников на базе ведомственных образовательных организаций,физика,физика,физика,75 и более,Право на 100 баллов,физика,Победителям,11 класс
,Проектирование интеллектуальных робототехнических систем,Турнир имени М.В. Ломоносова,математика,математика,математика,75 и более,Право на 100 баллов,математика,Победителям и призерам,11 класс
,Проектирование интеллектуальных робототехнических систем,Турнир имени М.В. Ломоносова,лингвистика,"русский язык, иностранный язык, математика",русский язык,75 и более,Право на 100 баллов,русский язык,Победителям и призерам,11 класс
,Проектирование интеллектуальных робототехнических систем,Турнир имени М.В. Ломоносова,физика,физика,физика,75 и более,Право на 100 баллов,физика,Победителям и призерам,11 класс
,Проектирование интеллектуальных робототехнических систем,Олимпиада Юношеской математической школы,математика,математика,математика,75 и более,Право на 100 баллов,математика,Победителям и призерам,11 класс
,Проектирование интеллектуальных робототехнических систем,Межрегиональная олимпиада школьников «Будущие исследователи - будущее науки»,математика,математика,математика,75 и более,Право на 100 баллов,математика,Победителям,11 класс
,Проектирование интеллектуальных робототехнических систем,Межрегиональная олимпиада школьников «Будущие исследователи - будущее науки»,физика,физика,физика,75 и более,Право на 100 баллов,физика,Победителям,11 класс
,Проектирование интеллектуальных робототехнических систем,Межрегиональная олимпиада школьников «Будущие исследователи - будущее науки»,русский язык,русский язык,русский язык,75 и более,Право на 100 баллов,русский язык,Победителям и призерам,11 класс
,Проектирование интеллектуальных робототехнических систем,Университетская олимпиада школьников «Бельчонок»,математика,математика,математика,75 и более,Право на 100 баллов,математика,Победителям,11 класс
,Проектирование интеллектуальных робототехнических систем,Олимпиада школьников «Надежда энергетики»,физика,физика,физика,75 и более,Право на 100 баллов,физика,Победителям,11 класс
,Проектирование интеллектуальных робототехнических систем,Межрегиональные предметные олимпиады федерального государственного автономного образовательного учреждения высшего образования «Казанский (Приволжский) федеральный университет»,физика,физика,физика,75 и более,Право на 100 баллов,физика,Победителям,11 класс
,Проектирование интеллектуальных робототехнических систем,Интернет-олимпиада школьников по физике,физика,физика,физика,75 и более,Право на 100 баллов,физика,Победителям,11 класс
,Проектирование интеллектуальных робототехнических систем,Городская открытая олимпиада школьников по физике,физика,физика,физика,75 и более,Право на 100 баллов,физика,Победителям,11 класс
,Проектирование интеллектуальных робототехнических систем,Инженерная олимпиада школьников,физика,физика,физика,75 и более,Право на 100 баллов,физика,Победителям,11 класс
,Проектирование интеллектуальных робототехнических систем,Олимпиада школьников «Робофест»,физика,физика,физика,75 и более,Право на 100 баллов,физика,Победителям,11 класс
,Проектирование интеллектуальных робототехнических систем,Твой путь в настоящую науку,физика,физика,физика,75 и более,Право на 100 баллов,физика,Победителям,11 класс
,Проектирование интеллектуальных робототехнических систем,Открытая межвузовская олимпиада школьников Сибирского федерального округа «Будущее Сибири»,физика,физика,физика,75 и более,Право на 100 баллов,физика,Победителям,11 класс
,Проектирование интеллектуальных робототехнических систем,Плехановская олимпиада школьников,русский язык,русский язык,русский язык,75 и более,Право на 100 баллов,русский язык,Победителям,11 класс
,Проектирование интеллектуальных робототехнических систем,Олимпиада РГТУ для школьников,русский язык,русский язык,русский язык,75 и более,Право на 100 баллов,русский язык,Победителям,11 класс
,Проектирование интеллектуальных робототехнических систем,Открытая региональная межвузовская олимпиада школьников (ОРМО) с международным участием,русский язык,русский язык,русский язык,75 и более,Право на 100 баллов,русский язык,Победителям,11 класс
,Проектирование интеллектуальных робототехнических систем,Международная олимпиада школьников Уральского федерального университета «Изумруд»,физика,физика,физика,75 и более,Право на 100 баллов,физика,Победителям,11 класс
,Проектирование интеллектуальных робототехнических систем,Океан знаний,русский язык,русский язык,русский язык,75 и более,Право на 100 баллов,русский язык,Победителям,11 класс
,Направление подготовки 10.03.01 Информационная безопасность,,"информационная безопасность, инфокоммуникационные технологии и системы связи, информатика и вычислительная техника",физика / информатика,физика,75 и более,Право на прием БВИ,физика / информатика,Победителям,"10, 11 класс"
,Направление подготовки 10.03.01 Информационная безопасность,Всероссийская олимпиада школьников «Высшая проба»,математика,математика,математика,75 и более,Право на прием БВИ,математика,Победителям,"10, 11 класс"
,Направление подготовки 10.03.01 Информационная безопасность,Всероссийская олимпиада школьников «Высшая проба»,Информатика,информатика,информатика,75 и более,Право на прием БВИ,информатика,Победителям,"10, 11 класс"
,Направление подготовки 10.03.01 Информационная безопасность,Всероссийская олимпиада школьников «Высшая проба»,анализ данных,"компьютерные и информационные науки, информатика и вычислительная техника",математика/информатика,75 и более,Право на прием БВИ,математика/информатика,Победителям,"10, 11 класс"
,Направление подготовки 10.03.01 Информационная безопасность,Оборонно-техническая олимпиада,техника и технологии,"информатика и вычислительная техника, электроника, радиотехника и системы связи, фотоника, приборостроение, оптические и биотехнические системы и технологии, электро- и теплоэнергетика, машиностроение, оружие и системы вооружения, техносферная безопасность и природообустройство, авиационная и ракетнокосмическая техника, управление в технических системах",физика / информатика,75 и более,Право на 100 баллов,физика / информатика,Победителям и призерам,11 класс
,Направление подготовки 10.03.01 Информационная безопасность,Всероссийский конкурс научных работ школьников «Юниор»,инженерные науки,"фотоника, приборостроение, оптические и биотехнические системы и технологии, ядерная энергетика и технологии, физико-технические науки и технологии, технологии материалов, нанотехнологии и наноматериалы, машиностроение",физика / информатика,75 и более,Право на прием БВИ,физика / информатика,Победителям и призерам,11 класс
,Направление подготовки 10.03.01 Информационная безопасность,Всероссийская открытая олимпиада школьников,математика,математика,математика,75 и более,Право на прием БВИ,математика,Победителям и призерам,11 класс
,Направление подготовки 10.03.01 Информационная безопасность,Всероссийская открытая олимпиада школьников,физика,физика,физика,75 и более,Право на прием БВИ,физика,Победителям и призерам,11 класс
,Направление подготовки 10.03.01 Информационная безопасность,Всероссийская открытая олимпиада школьников,информатика,информатика,информатика,75 и более,Право на прием БВИ,информатика,Победителям и призерам,11 класс
,Направление подготовки 10.03.01 Информационная безопасность,Вузовско-академическая олимпиада по информатике,информатика,информатика,информатика,75 и более,Право на прием БВИ,информатика,Победителям и призерам,11 класс
,Направление подготовки 10.03.01 Информационная безопасность,Городская открытая олимпиада школьников по физике,физика,физика,физика,75 и более,Право на прием БВИ,физика,Победителям и призерам,11 класс
,Направление подготовки 10.03.01 Информационная безопасность,Инженерная олимпиада школьников,физика,физика,физика,75 и более,Право на прием БВИ,физика,Победителям и призерам,11 класс
,Направление подготовки 10.03.01 Информационная безопасность,Интернет-олимпиада школьников по физике,физика,физика,физика,75 и более,Право на прием БВИ,физика,Победителям и призерам,11 класс
,Направление подготовки 10.03.01 Информационная безопасность,Межрегиональная олимпиада школьников имени И.Я. Верченко,математика,"математика, криптография",математика,75 и более,Право на прием БВИ,математика,Победителям и призерам,11 класс
,Направление подготовки 10.03.01 Информационная безопасность,Межрегиональная олимпиада школьников имени И.Я. Верченко,компьютерная безопасность,информационная безопасность,математика / информатика,75 и более,Право на прием БВИ,математика / информатика,Победителям и призерам,11 класс
,Направление подготовки 10.03.01 Информационная безопасность,,технологии и технологии,"технологии материалов, машиностроение, фотоника, приборостроение, оптические и биотехнические системы и технологии, авиационная и ракетно-космическая техника, техника и технологии наземного транспорта, техника и технологии кораблестроения и водного транспорта, биотехнология, информационная безопасность, химические технологии",физика/информатика,75 и более,Право на прием БВИ,физика/информатика,Победителям и призерам,11 класс
,Направление подготовки 10.03.01 Информационная безопасность,Многопрофильная инженерная олимпиада «Звезда»,естественные науки,"архитектура, техника и технологии строительства, информационная безопасность, электроника, радиотехника и системы связи, фотоника, приборостроение, оптические и биотехнические системы и технологии, электро- и теплоэнергетика, ядерная энергетика и технологии, машиностроение, оружие и системы вооружения, химические технологии, промышленная экология и биотехнологии, техносферная безопасность и природообустройство, прикладная геология, горное дело, нефтегазовое дело и геодезия, технологии материалов, техника и технологии наземного транспорта, авиационная и ракетно-космическая техника, информационная",физика / информатика,75 и более,Право на прием БВИ,физика / информатика,Победителям и призерам,11 класс
,Направление подготовки 10.03.01 Информационная безопасность,Многопрофильная инженерная олимпиада «Звезда»,астрономия,астрономия,физика,75 и более,Право на прием БВИ,физика,Победителям и призерам,11 класс
,Направление подготовки 10.03.01 Информационная безопасность,Многопрофильная инженерная олимпиада «Звезда»,математика,математика,математика,75 и более,Право на прием БВИ,математика,Победителям и призерам,11 класс
,Направление подготовки 10.03.01 Информационная безопасность,,"информационная безопасность, информатика и вычислительная техника, машиностроение, промышленная экология и биотехнологии, техносферная безопасность и природообустройство, фотоника, приборостроение, оптические и биотехнические системы и технологии, электроника, радиотехника и системы связи, ядерная энергетика и технология",физика / математика /информатика,75 и более,Право на прием БВИ,физика / математика /информатика,Победителям и призерам,"10, 11 класс"
,Направление подготовки 10.03.01 Информационная безопасность,Московская олимпиада школьников,вероятность и статистика,математика,математика,75 и более,Право на прием БВИ,математика,Победителям и призерам,11 класс
,Направление подготовки 10.03.01 Информационная безопасность,Московская олимпиада школьников,робототехника,"машиностроение, математика и механика, информатика и вычислительная техника",физика / информатика,75 и более,Право на прием БВИ,физика / информатика,Победителям и призерам,11 класс
,Направление подготовки 10.03.01 Информационная безопасность,Московская олимпиада школьников,физика,физика,физика,75 и более,Право на прием БВИ,физика,Победителям и призерам,11 класс
,Направление подготовки 10.03.01 Информационная безопасность,Московская олимпиада школьников,информатика,информатика,информатика,75 и более,Право на прием БВИ,информатика,Победителям и призерам,11 класс
,Направление подготовки 10.03.01 Информационная безопасность,Объединенная межвузовская олимпиада школьников,математика,математика,математика,75 и более,Право на прием БВИ,математика,Победителям и призерам,11 класс
,Направление подготовки 10.03.01 Информационная безопасность,Объединенная межвузовская олимпиада школьников,физика,физика,физика,75 и более,Право на 100 баллов,физика,Победителям и призерам,11 класс
,Направление подготовки 10.03.01 Информационная безопасность,«Формула Единства»/«Третье тысячелетие»,математика,математика,математика,75 и более,Право на прием БВИ,математика,Победителям и призерам,11 класс
,Направление подготовки 10.03.01 Информационная безопасность,«Формула Единства»/«Третье тысячелетие»,автоматизация бизнес-процессов,"компьютерные и информационные науки, информатика и вычислительная техника, информационная безопасность, электроника, радиотехника и системы связи, управление в технических системах, экономика и управление",физика / информатика / математика,75 и более,Право на прием БВИ,физика / информатика / математика,Победителям и призерам,11 класс
,Направление подготовки 10.03.01 Информационная безопасность,«Формула Единства»/«Третье тысячелетие»,интеллектуальные энергетические системы,"математика и механика, компьютерные и информационные науки, информатика и вычислительная техника, информационная безопасность, электроника, радиотехника и системы связи, электро- и теплоэнергетика, управление в технических системах, экономика и управление",физика / информатика / математика,75 и более,Право на прием БВИ,физика / информатика / математика,Победителям и призерам,11 класс
19,Информационная безопасность,инструментальный интеллект,"математика и механика, компьютерные и информационные науки, информатика и вычислительная техника, информационная безопасность",физика / информатика / математика,75 и более,Право на прием БВИ,физика / информатика / математика,Победителям и призерам,11 класс
,Информационная безопасность,нейротехнологии и когнитивные науки,"психология, математика и механика, фотоника, приборостроение, оптические и биотехнические системы и технологии, управление в технических системах",физика / информатика / математика,75 и более,Право на 100 баллов,физика / информатика / математика,Победителям и призерам,11 класс
,Информационная безопасность,технологии беспроводной связи,"компьютерные и информационные науки, информатика и вычислительная техника, информационная безопасность, электроника, радиотехника и системы связи, управление в технических системах",физика / информатика / математика,75 и более,Право на 100 баллов,физика / информатика / математика,Победителям и призерам,11 класс
,Информационная безопасность,ядерные технологии,"фотоника, приборостроение, оптические и биотехнические системы и технологии, ядерная энергетика и технологии, машиностроение, управление в технических системах",физика / информатика / математика,75 и более,Право на прием БВИ,физика / информатика / математика,Победителям и призерам,11 класс
,Информационная безопасность,виртуальные миры: разработка компьютерных игр технологии виртуальной реальности технологии дополненной реальности цифровые технологии в архитектуре,"математика и механика, компьютерные и информационные науки, информатика и вычислительная техника, информационная безопасность",физика / информатика / математика,75 и более,Право на прием БВИ,физика / информатика / математика,Победителям и призерам,11 класс
,Информационная безопасность,информационная безопасность,"математика и механика, компьютерные и информационные науки, информатика и вычислительная техника, информационная безопасность",физика / информатика / математика,75 и более,Право на прием БВИ,физика / информатика / математика,Победителям и призерам,11 класс
,Информационная безопасность,Олимпиада Курчатов,математика,математика,математика,75 и более,Право на прием БВИ,математика,Победителям и призерам,11 класс
,Информационная безопасность,Олимпиада Курчатов,физика,физика,физика,75 и более,Право на прием БВИ,физика,Победителям и призерам,11 класс
,Информационная безопасность,Международная олимпиада «Innopolis Open»,информатика,информатика,информатика,75 и более,Право на прием БВИ,информатика,Победителям и призерам,11 класс
,Информационная безопасность,Международная олимпиада «Innopolis Open»,математика,математика,математика,75 и более,Право на прием БВИ,математика,Победителям и призерам,11 класс
,Информационная безопасность,Международная олимпиада «Innopolis Open»,информационная безопасность,информатика,информатика,75 и более,Право на прием БВИ,информатика,Победителям и призерам,11 класс
,Информационная безопасность,Международная олимпиада «Innopolis Open»,робототехника,информатика,информатика,75 и более,Право на 100 баллов,информатика,Победителям и призерам,11 класс
,Информационная безопасность,Олимпиада школьников «Ломоносов»,математика,математика,математика,75 и более,Право на прием БВИ,математика,Победителям и призерам,11 класс
,Информационная безопасность,Олимпиада школьников «Ломоносов»,механика и математическое моделирование,математика и механика,математика,75 и более,Право на прием БВИ,математика,Победителям и призерам,11 класс
,Информационная безопасность,Олимпиада школьников «Ломоносов»,русский язык,русский язык,русский язык,75 и более,Право на прием БВИ,информатика,Победителям и призерам,11 класс
,Информационная безопасность,Олимпиада школьников «Ломоносов»,физика,физика,физика,75 и более,Право на прием БВИ,физика,Победителям и призерам,11 класс
,Информационная безопасность,Олимпиада школьников «Ломоносов»,информатика,информатика,информатика,75 и более,Право на прием БВИ,информатика,Победителям и призерам,11 класс
,Информационная безопасность,Олимпиада школьников «Покори Воробьевы горы!»,математика,математика,математика,75 и более,Право на прием БВИ,математика,Победителям и призерам,11 класс
,Информационная безопасность,Олимпиада школьников «Покори Воробьевы горы!»,физика,физика,физика,75 и более,Право на прием БВИ,физика,Победителям и призерам,11 класс
,Информационная безопасность,Олимпиада школьников «Робофест»,физика,физика,физика,75 и более,Право на прием БВИ,физика,Победителям и призерам,11 класс
,Информационная безопасность,Олимпиада школьников «Физтех»,математика,математика,математика,75 и более,Право на прием БВИ,математика,Победителям и призерам,11 класс
,Информационная безопасность,Олимпиада школьников «Физтех»,физика,физика,физика,75 и более,Право на прием БВИ,физика,Победителям и призерам,11 класс
,Информационная безопасность,Олимпиада школьников «Физтех»,инженерное дело,физика,физика / информатика,75 и более,Право на прием БВИ,физика / информатика,Победителям и призерам,11 класс
,Информационная безопасность,Олимпиада школьников «Физтех»,научно-технический,"математика, физика",физика / математика,75 и более,Право на прием БВИ,физика / математика,Победителям и призерам,11 класс
,Информационная безопасность,Олимпиада школьников «Физтех»,физика,физика,физика,75 и более,Право на прием БВИ,физика,Победителям и призерам,11 класс
,Информационная безопасность,Олимпиада школьников Санкт-Петербургского государственного университета,математика,математика,математика,75 и более,Право на прием БВИ,математика,Победителям и призерам,11 класс
,Информационная безопасность,Олимпиада школьников Санкт-Петербургского государственного университета,физика,физика,физика,75 и более,Право на прием БВИ,физика,Победителям и призерам,11 класс
,Информационная безопасность,Олимпиада школьников Санкт-Петербургского государственного университета,информатика,информатика,информатика,75 и более,Право на прием БВИ,информатика,Победителям и призерам,11 класс
,Информационная безопасность,Олимпиада Юношеской математической школы,математическое моделирование и искусственный интеллект,математическое моделирование и искусственный интеллект,математика / информатика,75 и более,Право на прием БВИ,математика / информатика,Победителям и призерам,11 класс
,Информационная безопасность,Олимпиада Юношеской математической школы,математика,математика,математика,75 и более,Право на прием БВИ,математика,Победителям и призерам,11 класс
,Информационная безопасность,Открытая олимпиада школьников,физика,"физика и астрономия, фотоника, приборостроение, оптические и биотехнические системы и технологии, физико-технические науки и технологии",физика,75 и более,Право на прием БВИ,физика,Победителям и призерам,11 класс
,Информационная безопасность,Открытая олимпиада школьников,информатика,информатика,информатика,75 и более,Право на прием БВИ,информатика,Победителям и призерам,11 класс
,Информационная безопасность,Открытая олимпиада школьников по программированию,физика,физика,информатика,75 и более,Право на прием БВИ,информатика,Победителям и призерам,11 класс
,Информационная безопасность,Открытая олимпиада школьников по программированию «Когнитивные технологии»,информатика,информатика,информатика,75 и более,Право на прием БВИ,информатика,Победителям и призерам,11 класс
,Информационная безопасность,Отраслевая физико-математическая олимпиада школьников «Росатом»,математика,математика,математика,75 и более,Право на прием БВИ,математика,Победителям и призерам,11 класс
,Информационная безопасность,Отраслевая физико-математическая олимпиада школьников «Росатом»,физика,физика,физика,75 и более,Право на прием БВИ,физика,Победителям и призерам,11 класс
,Информационная безопасность,Санкт-Петербургская олимпиада школьников,информатика,математика,математика,75 и более,Право на прием БВИ,математика,Победителям и призерам,11 класс
,Информационная безопасность,Турнир городов,математика,математика,математика,75 и более,Право на прием БВИ,математика,Победителям и призерам,11 класс
,Информационная безопасность,Турнир имени М.В. Ломоносова,математика,математика,математика,75 и более,Право на прием БВИ,математика,Победителям и призерам,11 класс
,Информационная безопасность,Международная олимпиада по финансовой безопасности,физика,физика,"экономика и управление, информационная безопасность, политические науки и регионоведение",информатика,75 и более,Право на прием БВИ,информатика,Победителям и призерам,11 класс
,Информационная безопасность,Межрегиональные предметные олимпиады федерального государственного автономного образовательного учреждения высшего образования «Казанский (Приволжский) федеральный университет»,физика,физика,физика,75 и более,Право на прием БВИ,физика,Победителям и призерам,11 класс
,Информационная безопасность,Межрегиональная олимпиада школьников на базе ведомственных образовательных организаций,физика,физика,физика,75 и более,Право на 100 баллов,физика,Победителям и призерам,11 класс
,Информационная безопасность,Межрегиональная олимпиада школьников «Будущие исследователи - будущие науки»,физика,физика,физика,75 и более,Право на 100 баллов,физика,Победителям и призерам,11 класс
,Информационная безопасность,Международная олимпиада школьников Уральского федерального университета «Изумруд»,математика,математика,математика,75 и более,Право на 100 баллов,математика,Победителям и призерам,11 класс
,Информационная безопасность,Олимпиада школьников «Грант науки»,физика,физика,физика,75 и более,Право на 100 баллов,физика,Победителям и призерам,11 класс
,Информационная безопасность,Олимпиада школьников «Надежда энергетики»,математика,математика,математика,75 и более,Право на 100 баллов,математика,Победителям и призерам,11 класс
,Информационная безопасность,Открытая межвузовская олимпиада школьников Сибирского Федерального округа «Будущее Сибири»,физика,физика,физика,75 и более,Право на 100 баллов,физика,Победителям и призерам,11 класс
,Информационная безопасность,Открытая региональная межвузовская олимпиада школьников (OPMO) с международным участием,физика,физика,физика,75 и более,Право на 100 баллов,физика,Победителям и призерам,11 класс
,Информационная безопасность,Отраслевая олимпиада школьников «Газпром»,информационные и коммуникационные технологии,информатика,информатика,75 и более,Право на 100 баллов,физика,Победителям и призерам,11 класс
,Информационная безопасность,Санкт-Петербургская астрономическая олимпиада,астрономия,"астрономия, физика",физика,75 и более,Право на прием БВИ,физика,Победителям и призерам,11 класс
,Информационная безопасность,Твой путь в настоящую науку,физика,физика,физика,75 и более,Право на прием БВИ,физика,Победителям и призерам,11 класс
,Информационная безопасность,Университетская олимпиада школьников «Бельчонок»,информатика,информатика,информатика,75 и более,Право на прием БВИ,информатика,Победителям и призерам,11 класс
,Информационная безопасность,Всероссийская олимпиада по искусственному интеллекту,физика,физика,физика,75 и более,Право на 100 баллов,физика,Победителям и призерам,11 класс
,Специальность 10.05.01 Компьютерная безопасность,,математика / информатика,математика,математика,75 и более,Право на прием БВИ,математика,Победителям и призерам,"10, 11 класс"
,Специальность 10.05.01 Компьютерная безопасность,Всероссийская олимпиада школьников «Высшая проба»,русский язык,русский язык,русский язык,75 и более,Право на прием БВИ,русский язык,Победителям и призерам,"10, 11 класс"
,Специальность 10.05.01 Компьютерная безопасность,Всероссийская олимпиада школьников «Высшая проба»,Информатика,информатика,информатика,75 и более,Право на прием БВИ,информатика,Победителям и призерам,"10, 11 класс"
,Специальность 10.05.01 Компьютерная безопасность,Всероссийская олимпиада школьников «Высшая проба»,анализ данных,"компьютерные и информационные науки, информатика и вычислительная техника",математика / информатика,75 и более,Право на прием БВИ,математика / информатика,Победителям и призерам,"10, 11 класс"
,Специальность 10.05.01 Компьютерная безопасность,Всероссийская олимпиада школьников «Высшая проба»,инженерные науки,"информационная безопасность, инфокоммуникационные технологии и системы связи, информатика и вычислительная техника",физика / информатика,75 и более,Право на прием БВИ,физика / информатика,Победителям и призерам,"10, 11 класс"
,Специальность 10.05.01 Компьютерная безопасность,Всероссийская олимпиада школьников «Высшая проба»,физика,физика,физика,75 и более,Право на 100 баллов,физика,Победителям и призерам,"10, 11 класс"
,Специальность 10.05.01 Компьютерная безопасность,Оборонно-техническая олимпиада,техника и технологии,"информатика и вычислительная техника, электроника, радиотехника и системы связи, фотоника, приборостроение, оптические и биотехнические системы и технологии, электро- и теплоэнергетика, машиностроение, оружие и системы вооружения, техносферная безопасность и природообустройство, авиационная и ракетнокосмическая техника, управление в технических системах",физика / информатика,75 и более,Право на 100 баллов,физика / информатика,Победителям и призерам,11 класс
,Специальность 10.05.01 Компьютерная безопасность,Всероссийский конкурс научных работ школьников «Юниор»,инженерные науки,"фотоника, приборостроение, оптические и биотехнические системы и технологии, ядерная энергетика и технологии, физико-технические науки и технологии, технологии материалов, нанотехнологии и наноматериалы, машиностроение",физика / информатика,75 и более,Право на прием БВИ,физика / информатика,Победителям и призерам,11 класс
,Специальность 10.05.01 Компьютерная безопасность,Всероссийская открытая олимпиада школьников,математика,математика,математика,75 и более,Право на прием БВИ,математика,Победителям и призерам,11 класс
,Специальность 10.05.01 Компьютерная безопасность,Всероссийская открытая олимпиада школьников,информатика,информатика,информатика,75 и более,Право на прием БВИ,информатика,Победителям и призерам,11 класс
,Специальность 10.05.01 Компьютерная безопасность,Всероссийская открытая олимпиада школьников,физика,физика,физика,75 и более,Право на 100 баллов,физика,Победителям и призерам,11 класс
,Специальность 10.05.01 Компьютерная безопасность,Вузовско-академическая олимпиада по информатике,информатика,информатика,информатика,75 и более,Право на прием БВИ,информатика,Победителям и призерам,11 класс
,Специальность 10.05.01 Компьютерная безопасность,Городская открытая олимпиада школьников по физике,физика,физика,физика,75 и более,Право на 100 баллов,физика,Победителям и призерам,11 класс
,Специальность 10.05.01 Компьютерная безопасность,Инженерная олимпиада школьников,физика,физика,физика,75 и более,Право на 100 баллов,физика,Победителям и призерам,11 класс
,Специальность 10.05.01 Компьютерная безопасность,Интернет-олимпиада школьников по физике,физика,физика,физика,75 и более,Право на 100 баллов,физика,Победителям и призерам,11 класс
,Специальность 10.05.01 Компьютерная безопасность,Межрегиональная олимпиада школьников имени И.Я. Верченко,математика,"математика, криптография",математика,75 и более,Право на прием БВИ,математика,Победителям и призерам,"10, 11 класс"
,Специальность 10.05.01 Компьютерная безопасность,Межрегиональная олимпиада школьников имени И.Я. Верченко,компьютерная безопасность,информационная безопасность,информатика,75 и более,Право на прием БВИ,информатика,Победителям и призерам,"10, 11 класс"
,Специальность 10.05.01 Компьютерная безопасность,,техника и технологии,"технологии материалов, машиностроение, фотоника, приборостроение, оптические и биотехнические системы и технологии, авиационная и ракетно-космическая техника, техника и технологии наземного транспорта, техника и технологии кораблестроения и водного транспорта, биотехнология, информационная безопасность, химические технологии",физика / информатика,75 и более,Право на прием БВИ,физика / информатика,Победителям и призерам,11 класс
,Специальность 10.05.01 Компьютерная безопасность,Многопрофильная инженерная олимпиада «Звезда»,естественные науки,"архитектура, техника и технологии строительства, информационная безопасность, электроника, радиотехника и системы связи, фотоника, приборостроение, оптические и биотехнические системы и технологии, электро- и теплоэнергетика, ядерная энергетика и технологии, машиностроение, оружие и системы вооружения, химические технологии, промышленная экология и биотехнологии, техносферная безопасность и природообустройство, прикладная геология, горное дело, нефтегазовое дело и геодезия, технологии материалов, техника и технологии наземного транспорта, авиационная и ракетно-космическая техника, информационная",физика / информатика,75 и более,Право на прием БВИ,физика / информатика,Победителям и призерам,11 класс
,Специальность 10.05.01 Компьютерная безопасность,Московская олимпиада школьников,математика,математика,математика,75 и более,Право на прием БВИ,математика,Победителям и призерам,11 класс
,Специальность 10.05.01 Компьютерная безопасность,Московская олимпиада школьников,информатика,информатика,информатика,75 и более,Право на прием БВИ,информатика,Победителям и призерам,11 класс
,Специальность 10.05.01 Компьютерная безопасность,Московская олимпиада школьников,астрономия,астрономия,физика,75 и более,Право на 100 баллов,физика,Победителям и призерам,11 класс
,Специальность 10.05.01 Компьютерная безопасность,Московская олимпиада школьников,предпрофессиональная,"информационная безопасность, информатика и вычислительная техника, машиностроение, промышленная экология и биотехнологии, техносферная безопасность и природообустройство, фотоника, приборостроение, оптические и биотехнические системы и технологии, электроника, радиотехника и системы связи, ядерная энергетика и технология",физика / информатика,75 и более,Право на 100 баллов,физика / информатика,Победителям и призерам,"10, 11 класс"
,Специальность 10.05.01 Компьютерная безопасность,Московская олимпиада школьников,вероятность и статистика,математика,математика,75 и более,Право на прием БВИ,математика,Победителям и призерам,11 класс
20,Компьютерная безопасность,Всероссийская междисциплинарная олимпиада школьников 8-11 класса «Национальная технологическая олимпиада»,интеллектуальные энергетические системы,"математика и механика, компьютерные и информационные науки, информатика и вычислительная техника, информационная безопасность, электроника, радиотехника и системы связи, электро- и теплоэнергетика, управление в технических системах, экономика и управление",физика / информатика / математика,75 и более,Право на 100 баллов,физика / информатика / математика,Победителям и призерам,11 класс
,Компьютерная безопасность,Всероссийская междисциплинарная олимпиада школьников 8-11 класса «Национальная технологическая олимпиада»,инструментальный интеллект,"математика и механика, компьютерные и информационные науки, информатика и вычислительная техника, информационная безопасность",физика / информатика / математика,75 и более,Право на прием БВИ,физика / информатика / математика,Победителям и призерам,11 класс
,Компьютерная безопасность,Всероссийская междисциплинарная олимпиада школьников 8-11 класса «Национальная технологическая олимпиада»,нейротехнологии и когнитивные науки,"психология, математика и механика, фотоника, приборостроение, оптические и биотехнические системы и технологии, управление в технических системах",физика / информатика / математика,75 и более,Право на 100 баллов,физика / информатика / математика,Победителям и призерам,11 класс
,Компьютерная безопасность,Всероссийская междисциплинарная олимпиада школьников 8-11 класса «Национальная технологическая олимпиада»,технологии беспроводной связи,"компьютерные и информационные науки, информатика и вычислительная техника, информационная безопасность, электроника, радиотехника и системы связи, управление в технических системах",физика / информатика / математика,75 и более,Право на 100 баллов,физика / информатика / математика,Победителям и призерам,11 класс
,Компьютерная безопасность,Всероссийская междисциплинарная олимпиада школьников 8-11 класса «Национальная технологическая олимпиада»,ядерные технологии,"фотоника, приборостроение, оптические и биотехнические системы и технологии, ядерная энергетика и технологии, машиностроение, управление в технических системах",физика / информатика / математика,75 и более,Право на 100 баллов,физика / информатика / математика,Победителям и призерам,11 класс
,Компьютерная безопасность,Всероссийская междисциплинарная олимпиада школьников 8-11 класса «Национальная технологическая олимпиада»,виртуальные миры: разработка компьютерных игр технологии виртуальной реальности технологии дополненной реальности цифровые технологии в архитектуре,"математика и механика, компьютерные и информационные науки, информатика и вычислительная техника, информационная безопасность",физика / информатика / математика,75 и более,Право на 100 баллов,физика / информатика / математика,Победителям и призерам,11 класс
,Компьютерная безопасность,Всероссийская междисциплинарная олимпиада школьников 8-11 класса «Национальная технологическая олимпиада»,информационная безопасность,"математика и механика, компьютерные и информационные науки, информатика и вычислительная техника, информационная безопасность",физика / информатика / математика,75 и более,Право на прием БВИ,физика / информатика / математика,Победителям и призерам,11 класс
,Компьютерная безопасность,Олимпиада Курчатов,математика,математика,математика,75 и более,Право на прием БВИ,математика,Победителям и призерам,11 класс
,Компьютерная безопасность,Олимпиада Курчатов,физика,физика,физика,75 и более,Право на 100 баллов,физика,Победителям и призерам,11 класс
,Компьютерная безопасность,Международная олимпиада «Innopolis Open»,информатика,информатика,информатика,75 и более,Право на прием БВИ,информатика,Победителям и призерам,11 класс
,Компьютерная безопасность,Международная олимпиада «Innopolis Open»,математика,математика,математика,75 и более,Право на прием БВИ,математика,Победителям и призерам,11 класс
,Компьютерная безопасность,Международная олимпиада «Innopolis Open»,информационная безопасность,информатика,информатика,75 и более,Право на прием БВИ,информатика,Победителям и призерам,11 класс
,Компьютерная безопасность,Олимпиада школьников «Ломоносов»,робототехника,информатика,информатика,75 и более,Право на 100 баллов,информатика,Победителям и призерам,11 класс
,Компьютерная безопасность,Олимпиада школьников «Ломоносов»,математика,математика,математика,75 и более,Право на прием БВИ,математика,Победителям и призерам,11 класс
,Компьютерная безопасность,Олимпиада школьников «Ломоносов»,русский язык,русский язык,русский язык,75 и более,Право на 100 баллов,русский язык,Победителям и призерам,11 класс
,Компьютерная безопасность,Олимпиада школьников «Ломоносов»,информатика,информатика,информатика,75 и более,Право на прием БВИ,информатика,Победителям и призерам,11 класс
,Компьютерная безопасность,Олимпиада школьников «Ломоносов»,механика и математическое моделирование,математика и механика,математика,75 и более,Право на прием БВИ,математика,Победителям и призерам,11 класс
,Компьютерная безопасность,Олимпиада школьников «Покори Воробьев горы!»,физика,физика,физика,75 и более,Право на 100 баллов,физика,Победителям и призерам,11 класс
,Компьютерная безопасность,Олимпиада школьников «Покори Воробьев горы!»,математика,математика,математика,75 и более,Право на прием БВИ,математика,Победителям и призерам,11 класс
,Компьютерная безопасность,Олимпиада школьников «Робофест»,физика,физика,физика,75 и более,Право на 100 баллов,физика,Победителям и призерам,11 класс
,Компьютерная безопасность,Олимпиада школьников «Робофест»,математика,математика,математика,75 и более,Право на прием БВИ,математика,Победителям и призерам,11 класс
,Компьютерная безопасность,Олимпиада школьников «Фигтех»,физика,физика,физика,75 и более,Право на прием БВИ,физика,Победителям и призерам,11 класс
,Компьютерная безопасность,Олимпиада школьников «Фигтех»,инженерное дело,физика,физика / информатика,75 и более,Право на прием БВИ,физика / информатика,Победителям и призерам,11 класс
,Компьютерная безопасность,Олимпиада школьников «Фигтех»,научно-технический,"математика, физика",физика / математика,75 и более,Право на прием БВИ,физика / математика,Победителям и призерам,11 класс
,Компьютерная безопасность,Олимпиада школьников «Шаг в будущее»,математика,математика,математика,75 и более,Право на 100 баллов,математика,Победителям и призерам,11 класс
,Компьютерная безопасность,Олимпиада школьников «Шаг в будущее»,инженерное дело,"компьютерные и информационные науки, электроника, радиотехника и системы связи, фотоника, приборостроение, оптические и биотехнические системы и технологии, логика",физика / информатика,75 и более,Право на 100 баллов,физика / информатика,Победителям и призерам,11 класс
,Компьютерная безопасность,Олимпиада школьников «Шаг в будущее»,компьютерное моделирование и графика,физика,физика,75 и более,Право на прием БВИ,физика / информатика,Победителям и призерам,11 класс
,Компьютерная безопасность,Олимпиада школьников «Шаг в будущее»,физика,физика,физика,75 и более,Право на прием БВИ,физика,Победителям и призерам,11 класс
,Компьютерная безопасность,Олимпиада школьников «Шаг в будущее»,информатика,информатика и вычислительная техника,информатика,75 и более,Право на 100 баллов,информатика,Победителям и призерам,11 класс
,Компьютерная безопасность,Олимпиада школьников по информатике и программированию,информатика,информатика,информатика,75 и более,Право на прием БВИ,информатика,Победителям и призерам,11 класс
,Компьютерная безопасность,Олимпиада школьников по программированию «ТехноКубок»,информатика,информатика,информатика,75 и более,Право на прием БВИ,информатика,Победителям и призерам,11 класс
,Компьютерная безопасность,Олимпиада школьников Санкт-Петербургского государственного университета,информатика,информатика,информатика,75 и более,Право на прием БВИ,информатика,Победителям и призерам,11 класс
,Компьютерная безопасность,Олимпиада школьников Санкт-Петербургского государственного университета,физика,физика,физика,75 и более,Право на 100 баллов,физика,Победителям и призерам,11 класс
,Компьютерная безопасность,Олимпиада школьников Санкт-Петербургского государственного университета,инженерные системы,"астрономия, управление в технических системах",физика,75 и более,Право на 100 баллов,физика,Победителям и призерам,11 класс
,Компьютерная безопасность,Олимпиада школьников Санкт-Петербургского государственного университета,математическое моделирование и искусственный интеллект,"математика и механика, информатика и вычислительная техника",математика / информатика,75 и более,Право на 100 баллов,математика / информатика,Победителям и призерам,11 класс
,Компьютерная безопасность,Олимпиада Юношеской математической школы,математика,математика,математика,75 и более,Право на прием БВИ,математика,Победителям и призерам,11 класс
,Компьютерная безопасность,Олимпиада Юношеской математической школы,информатика,информатика,информатика,75 и более,Право на прием БВИ,информатика,Победителям и призерам,11 класс
,Компьютерная безопасность,Олимпиада Юношеской математической школы,математика,математика,математика,75 и более,Право на 100 баллов,математика,Победителям и призерам,11 класс
,Компьютерная безопасность,Открытая олимпиада школьников,физика,"физика и астрономия, фотоника, приборостроение, оптические и биотехнические системы и технологии, физико-технические науки и технологии",физика,75 и более,Право на 100 баллов,физика,Победителям и призерам,11 класс
,Компьютерная безопасность,Открытая олимпиада школьников по программированию,информатика,информатика,информатика,75 и более,Право на прием БВИ,информатика,Победителям и призерам,11 класс
,Компьютерная безопасность,Открытая олимпиада школьников по программированию «Когнитивные технологии»,информатика,информатика,информатика,75 и более,Право на прием БВИ,информатика,Победителям и призерам,11 класс
,Компьютерная безопасность,Отраслевая физико-математическая олимпиада школьников «Росатом»,математика,математика,математика,75 и более,Право на прием БВИ,математика,Победителям и призерам,11 класс
,Компьютерная безопасность,Санкт-Петербургская олимпиада школьников,информатика,информатика,информатика,75 и более,Право на прием БВИ,информатика,Победителям и призерам,11 класс
,Компьютерная безопасность,Турнир городов,математика,математика,математика,75 и более,Право на прием БВИ,математика,Победителям и призерам,11 класс
,Компьютерная безопасность,Турнир имени М.В. Ломоносова,математика,математика,математика,75 и более,Право на прием БВИ,математика,Победителям и призерам,11 класс
,Компьютерная безопасность,Международная олимпиада по финансовой безопасности,физика,физика,"экономика и управление, информационная безопасность, политические науки и регионоведение",информатика,75 и более,Право на прием БВИ,информатика,Победителям и призерам,11 класс
,Компьютерная безопасность,Межрегиональные предметные олимпиады федерального государственного автономного образовательного учреждения высшего образования «Казанский (Приволжский) федеральный университет»,физика,физика,физика,75 и более,Право на 100 баллов,физика,Победителям и призерам,11 класс
,Компьютерная безопасность,Межрегиональная олимпиада школьников на базе ведомственных образовательных организаций,физика,физика,физика,75 и более,Право на 100 баллов,физика,Победителям и призерам,11 класс
,Компьютерная безопасность,Межрегиональная олимпиада школьников «Будущие исследователи - будущие науки»,физика,физика,физика,75 и более,Право на 100 баллов,физика,Победителям и призерам,11 класс
,Компьютерная безопасность,Международная олимпиада школьников Уральского федерального университета «Изумруд»,математика,математика,математика,75 и более,Право на 100 баллов,математика,Победителям и призерам,11 класс
,Компьютерная безопасность,Олимпиада школьников «Грант науки»,физика,физика,физика,75 и более,Право на 100 баллов,физика,Победителям и призерам,11 класс
,Компьютерная безопасность,Олимпиада школьников «Надежда энергетики»,математика,математика,математика,75 и более,Право на 100 баллов,математика,Победителям и призерам,11 класс
,Компьютерная безопасность,Открытая межвузовская олимпиада школьников Сибирского Федерального округа «Будущее Сибири»,физика,физика,физика,75 и более,Право на 100 баллов,физика,Победителям и призерам,11 класс
,Компьютерная безопасность,Открытая региональная межвузовская олимпиада школьников (OPMO) с международным участием,физика,физика,физика,75 и более,Право на 100 баллов,физика,Победителям и призерам,11 класс
,Компьютерная безопасность,Отраслевая олимпиада школьников «Газпром»,информационные и коммуникационные технологии,информатика,информатика,75 и более,Право на 100 баллов,физика,Победителям и призерам,11 класс
,Компьютерная безопасность,Санкт-Петербургская астрономическая олимпиада,астрономия,"астрономия, физика",физика,75 и более,Право на 100 баллов,физика,Победителям и призерам,11 класс
,Компьютерная безопасность,Твой путь в настоящую науку,физика,физика,физика,75 и более,Право на прием БВИ,физика,Победителям и призерам,11 класс
,Компьютерная безопасность,Университетская олимпиада школьников «Бельчонок»,информатика,информатика,информатика,75 и более,Право на прием БВИ,информатика,Победителям и призерам,11 класс
,Компьютерная безопасность,Всероссийская олимпиада по искусственному интеллекту,информатика,информатика,информатика,75 и более,Право на 100 баллов,физика,Победителям и призерам,11 класс
,Направление подготовки 11.03.02 Информационное технология и системы связи,Всероссийская олимпиада школьников «Высшая проба»,инженерные науки,"информационная безопасность, информатика и вычислительная техника",физика / информатика,75 и более,Право на прием БВИ,физика / информатика,Победителям и призерам,"10, 11 класс"
,Направление подготовки 11.03.02 Информационное технология и системы связи,Всероссийская олимпиада школьников «Высшая проба»,математика,математика,математика,75 и более,Право на прием БВИ,математика,Победителям и призерам,"10, 11 класс"
,Направление подготовки 11.03.02 Информационное технология и системы связи,Всероссийская олимпиада школьников «Высшая проба»,русский язык,русский язык,русский язык,75 и более,Право на 100 баллов,русский язык,Победителям и призерам,"10, 11 класс"
,Направление подготовки 11.03.02 Информационное технология и системы связи,Всероссийская олимпиада школьников «Высшая проба»,физика,физика,физика,75 и более,Право на прием БВИ,физика,Победителям и призерам,"10, 11 класс"
,Направление подготовки 11.03.02 Информационное технология и системы связи,Всероссийская олимпиада школьников «Высшая проба»,анализ данных,"компьютерные и информационные науки, информатика и вычислительная техника",математика,75 и более,Право на прием БВИ,математика,Победителям и призерам,"10, 11 класс"
,Направление подготовки 11.03.02 Информационное технология и системы связи,Всероссийская олимпиада школьников «Высшая проба»,промышленное программирование,"компьютерные и информационные науки, информатика и вычислительная техника",информатика,75 и более,Право на прием БВИ,информатика,Победителям и призерам,11 класс
,Направление подготовки 11.03.02 Информационное технология и системы связи,Всероссийская олимпиада школьников «Высшая проба»,информатика,информатика,информатика,75 и более,Право на прием БВИ,физика / информатика,Победителям и призерам,"10, 11 класс"
,Направление подготовки 11.03.02 Информационное технология и системы связи,Всероссийская олимпиада школьников «Высшая проба»,математика,математика,математика,75 и более,Право на прием БВИ,математика,Победителям и призерам,11 класс
,Направление подготовки 11.03.02 Информационное технология и системы связи,Всероссийская олимпиада школьников «Высшая проба»,информатика,информатика,информатика,75 и более,Право на прием БВИ,информатика,Победителям и призерам,11 класс
,Направление подготовки 11.03.02 Информационное технология и системы связи,Всероссийская олимпиада школьников «Высшая проба»,физика,физика,физика,75 и более,Право на прием БВИ,физика,Победителям и призерам,11 класс
,Направление подготовки 11.03.02 Информационное технология и системы связи,Городская открытая олимпиада школьников по физике,физика,физика,физика,75 и более,Право на прием БВИ,физика,Победителям и призерам,11 класс
,Направление подготовки 11.03.02 Информационное технология и системы связи,Инженерная олимпиада школьников,физика,физика,физика,75 и более,Право на прием БВИ,физика,Победителям и призерам,11 класс
,Направление подготовки 11.03.02 Информационное технология и системы связи,Интернет-олимпиада школьников по физике,физика,физика,физика,75 и более,Право на прием БВИ,физика,Победителям и призерам,11 класс
,Направление подготовки 11.03.02 Информационное технология и системы связи,Межрегиональная олимпиада школьников имени И.Я. Верченко,математика,"математика, криптография",математика,75 и более,Право на прием БВИ,математика,Победителям и призерам,11 класс
,Направление подготовки 11.03.02 Информационное технология и системы связи,Межрегиональная олимпиада школьников на базе ведомственных образовательных организаций,физика,физика,физика,75 и более,Право на 100 баллов,физика,Победителям и призерам,11 класс
,Направление подготовки 11.03.02 Информационное технология и системы связи,Межрегиональная олимпиада школьников на базе ведомственных образовательных организаций,техника и технологии,"технологии материалов, машиностроение, фотоника, приборостроение, оптические и биотехнические системы и технологии, авиационная и ракетно-космическая техника, техника и технологии наземного транспорта, техника и технологии кораблестроения и водного транспорта, биотехнология, информационная безопасность, химические технологии",физика / информатика,75 и более,Право на прием БВИ,физика / информатика,Победителям и призерам,11 класс
,Направление подготовки 11.03.02 Информационное технология и системы связи,Многопрофильная инженерная олимпиада «Звезда»,естественные науки,"архитектура, техника и технологии строительства, информационная безопасность, электроника, радиотехника и системы связи, фотоника, приборостроение, оптические и биотехнические системы и технологии, электро- и теплоэнергетика, ядерная энергетика и технологии, машиностроение, оружие и системы вооружения, химические технологии, промышленная экология и биотехнологии, техносферная безопасность и природообустройство, прикладная геология, горное дело, нефтегазовое дело и геодезия, технологии материалов, техника и технологии наземного транспорта, авиационная и ракетно-космическая техника, информационная",физика / информатика,75 и более,Право на прием БВИ,физика / информатика,Победителям и призерам,11 класс
,Направление подготовки 11.03.02 Информационное технология и системы связи,Московская олимпиада школьников,математика,математика,математика,75 и более,Право на прием БВИ,математика,Победителям и призерам,11 класс
,Направление подготовки 11.03.02 Информационное технология и системы связи,Московская олимпиада школьников,предпрофессиональная,"информационная безопасность, информатика и вычислительная техника, машиностроение, промышленная экология и биотехнологии, техносферная безопасность и природообустройство, фотоника, приборостроение, оптические и биотехнические системы и технологии, электроника, радиотехника и системы связи, ядерная энергетика и технология",физика / информатика,75 и более,Право на прием БВИ,физика / информатика,Победителям и призерам,"10, 11 класс"
,Направление подготовки 11.03.02 Информационное технология и системы связи,Московская олимпиада школьников,вероятность и статистика,математика,математика,75 и более,Право на прием БВИ,математика,Победителям и призерам,11 класс
,Направление подготовки 11.03.02 Информационное технология и системы связи,Московская олимпиада школьников,физика,физика,физика,75 и более,Право на прием БВИ,физика,Победителям и призерам,11 класс
,Направление подготовки 11.03.02 Информационное технология и системы связи,Московская олимпиада школьников,информатика,информатика,информатика,75 и более,Право на прием БВИ,информатика,Победителям и призерам,11 класс
,Направление подготовки 11.03.02 Информационное технология и системы связи,Московская олимпиада школьников,робототехника,"машиностроение, механика, информатика и вычислительная техника",физика / информатика,75 и более,Право на прием БВИ,физика / информатика,Победителям и призерам,11 класс
,Направление подготовки 11.03.02 Информационное технология и системы связи,Московская олимпиада школьников,астрономия,астрономия,физика,75 и более,Право на прием БВИ,физика,Победителям и призерам,11 класс
,Направление подготовки 11.03.02 Информационное технология и системы связи,Объединенная межвузовская олимпиада школьников,математика,математика,математика,75 и более,Право на прием БВИ,математика,Победителям и призерам,11 класс
,Направление подготовки 11.03.02 Информационное технология и системы связи,Объединенная межвузовская олимпиада школьников,физика,физика,физика,75 и более,Право на 100 баллов,физика,Победителям и призерам,11 класс
,Направление подготовки 11.03.02 Информационное технология и системы связи,«Формула Единства»/«Третье тысячелетие»,математика,математика,математика,75 и более,Право на прием БВИ,математика,Победителям и призерам,11 класс
,Направление подготовки 11.03.02 Информационное технология и системы связи,«Формула Единства»/«Третье тысячелетие»,автоматизация бизнес-процессов,"математика и механика, компьютерные и информационные науки, информатика и вычислительная техника, информационная безопасность, электроника, радиотехника и системы связи, управление в технических системах, экономика и управление",физика / информатика / математика,75 и более,Право на прием БВИ,физика / информатика / математика,Победителям и призерам,11 класс
,Направление подготовки 11.03.02 Информационное технология и системы связи,«Формула Единства»/«Третье тысячелетие»,автоматизация транспортных систем,"математика и механика, компьютерные и информационные науки, информатика и вычислительная техника, электроника, радиотехника и системы связи, машиностроение, техника и технологии наземного транспорта, авиационная и ракетно-космическая техника, аэронавигация и эксплуатация авиационной и ракетно-космической техники, управление в технических системах",физика / информатика / математика,75 и более,Право на прием БВИ,физика / информатика / математика,Победителям и призерам,11 класс
,Направление подготовки 11.03.02 Информационное технология и системы связи,«Формула Единства»/«Третье тысячелетие»,большие данные и машинное обучение,"математика и механика, компьютерные и информационные науки, информатика и вычислительная техника, информационная безопасность, электроника, радиотехника и системы связи, фотокнига, приборостроение, оптические и биотехнические системы и технологии, электро- и теплоэнергетика, машиностроение, авиационная и ракетно-космическая техника, управление в технических системах, языкознание и литературоведение",физика / информатика / математика,75 и более,Право на 100 баллов,физика / информатика / математика,Победителям и призерам,11 класс
,Направление подготовки 11.03.02 Информационное технология и системы связи,«Формула Единства»/«Третье тысячелетие»,,"компьютерные и информационные науки, информатика и вычислительная техника, информационная безопасность, электроника, радиотехника и системы связи, фотоника, приборостроение, оптические и биотехнические системы и технологии, электро- и теплоэнергетика, машиностроение, авиационная и ракетно- космическая техника, управление в технических системах",физика / информатика / математика,75 и более,Право на 100 баллов,физика / информатика / математика,Победителям и призерам,11 класс
,Направление подготовки 11.03.02 Информационное технология и системы связи,«Формула Единства»/«Третье тысячелетие»,интеллектуальные робототехнические системы,"математика и механика, компьютерные и информационные науки, информатика и вычислительная техника, информационная безопасность, электроника, радиотехника и системы связи, электро- и теплоэнергетика, управление в технических системах, экономика и управление",физика / информатика / математика,75 и более,Право на 100 баллов,физика / информатика / математика,Победителям и призерам,11 класс
,Направление подготовки 11.03.02 Информационное технология и системы связи,«Формула Единства»/«Третье тысячелетие»,интеллектуальные энергетические системы,"математика и механика, компьютерные и информационные науки, информатика и вычислительная техника, информационная безопасность",физика / информатика / математика,75 и более,Право на 100 баллов,физика / информатика / математика,Победителям и призерам,11 класс
,Направление подготовки 11.03.02 Информационное технология и системы связи,всероссийская междисциплинарная олимпиада школьников 8-11 класса «Национальная технологическая олимпиада»,"педагогика, математика и механика, фотоника, приборостроение, оптические и биотехнические системы и технологии, управление в технических системах",физика / информатика / математика,75 и более,Право на 100 баллов,физика / информатика / математика,Победителям и призерам,11 класс
,Направление подготовки 11.03.02 Информационное технология и системы связи,,технологии беспроводной связи,"компьютерные и информационные науки, информатика и вычислительная техника, информационная безопасность, электроника, радиотехника и системы связи, управление в технических системах",физика / информатика / математика,75 и более,Право на 100 баллов,физика / информатика / математика,Победителям и призерам,11 класс
21,Цифровые технологии и телекоммуникации,виртуальные миры: разработка компьютерных игр технологии виртуальной реальности технологии дополненной реальности цифровые технологии в архитектуре,"компьютерные и информационные науки, информатика и вычислительная техника, информационная безопасность, архитектура, культуроведение и социокультурные проекты, изобразительное и прикладные виды искусств",информатика / математика,75 и более,Право на 100 баллов,информатика / математика,Победителям и призерам,11 класс
,Цифровые технологии и телекоммуникации,беспилотный транспорт: аэрокосмические системы безопасные авиационные,"информатика и вычислительная техника, электроника, радиотехника и системы связи, физико-технические науки и технологии, управление в технических системах, науки о земле, техносферная безопасность и природообустройство, фотоника, приборостроение, оптические и биотехнические системы и технологии, машиностроение",физика / информатика / математика,75 и более,Право на прием БВИ,физика / информатика / математика,Победителям и призерам,11 класс
,Цифровые технологии и телекоммуникации,,физика / информатика / математика,75 и более,Право на прием БВИ,физика / информатика / математика,Победителям и призерам,11 класс
,Цифровые технологии и телекоммуникации,,"компьютерные и информационные науки, информатика и вычислительная техника, информационная безопасность, электроника, радиотехника и системы связи, фотоника, приборостроение, оптические и биотехнические системы и технологии, управление в технических системах, математика и механика, техносферная безопасность и природообустройство, технологии материалов, нанотехнологии и наноматериалы, образование и педагогические науки",физика / информатика / математика,75 и более,Право на 100 баллов,физика / информатика / математика,Победителям и призерам,11 класс
,Цифровые технологии и телекоммуникации,Олимпиада Курчатов,математика,математика,математика,75 и более,Право на прием БВИ,математика,Победителям и призерам,11 класс
,Цифровые технологии и телекоммуникации,Олимпиада Курчатов,физика,физика,физика,75 и более,Право на прием БВИ,физика,Победителям и призерам,11 класс
,Цифровые технологии и телекоммуникации,Олимпиада школьников «Ломоносов»,математика,математика,математика,75 и более,Право на прием БВИ,математика,Победителям и призерам,11 класс
,Цифровые технологии и телекоммуникации,Олимпиада школьников «Ломоносов»,механика и математическое моделирование,математика и механика,математика,75 и более,Право на прием БВИ,математика,Победителям и призерам,11 класс
,Цифровые технологии и телекоммуникации,Олимпиада школьников «Ломоносов»,русский язык,русский язык,русский язык,75 и более,Право на 100 баллов,русский язык,Победителям и призерам,11 класс
,Цифровые технологии и телекоммуникации,Олимпиада школьников «Ломоносов»,физика,физика,физика,75 и более,Право на прием БВИ,физика,Победителям и призерам,11 класс
,Цифровые технологии и телекоммуникации,Олимпиада школьников «Ломоносов»,информатика,информатика,информатика,75 и более,Право на прием БВИ,информатика,Победителям и призерам,11 класс
,Цифровые технологии и телекоммуникации,Олимпиада школьников «Покори Воробьевы горы!»,высокие технологии,нанотехнологии и наноматериалы,физика,75 и более,Право на прием БВИ,физика,Победителям и призерам,11 класс
,Цифровые технологии и телекоммуникации,Олимпиада школьников «Покори Воробьевы горы!»,космонавтика,математика и механика,математика,75 и более,Право на прием БВИ,математика,Победителям и призерам,11 класс
,Цифровые технологии и телекоммуникации,Олимпиада школьников «Робофест»,математика,математика,математика,75 и более,Право на прием БВИ,математика,Победителям и призерам,11 класс
,Цифровые технологии и телекоммуникации,Олимпиада школьников «Робофест»,физика,физика,физика,75 и более,Право на прием БВИ,физика,Победителям и призерам,11 класс
,Цифровые технологии и телекоммуникации,Олимпиада школьников «Фигтех»,математика,математика,математика,75 и более,Право на прием БВИ,математика,Победителям и призерам,11 класс
,Цифровые технологии и телекоммуникации,Олимпиада школьников «Фигтех»,инженерное дело,физика,физика / информатика,75 и более,Право на прием БВИ,физика / информатика,Победителям и призерам,11 класс
,Цифровые технологии и телекоммуникации,Олимпиада школьников «Робофест»,научно-технический,"математика, физика",физика / информатика,75 и более,Право на прием БВИ,физика / информатика,Победителям и призерам,11 класс
,Цифровые технологии и телекоммуникации,Олимпиада школьников «Робофест»,информатика и программирование,информатика,информатика,75 и более,Право на прием БВИ,информатика,Победителям и призерам,11 класс
,Цифровые технологии и телекоммуникации,Олимпиада школьников «Робофест»,физика,физика,физика,75 и более,Право на прием БВИ,физика,Победителям и призерам,11 класс
,Цифровые технологии и телекоммуникации,Олимпиада школьников «Шаг в будущее»,инженерное дело,"компьютерные и информационные науки, информатика и вычислительная техника, электроника, радиотехника и системы связи, фотоника, приборостроение, оптические и биотехнические системы и технологии",физика / информатика,75 и более,Право на прием БВИ,физика / информатика,Победителям и призерам,11 класс
,Цифровые технологии и телекоммуникации,Олимпиада школьников «Шаг в будущее»,компьютерное моделирование и графика,информатика,математика,75 и более,Право на 100 баллов,математика,Победителям и призерам,11 класс
,Цифровые технологии и телекоммуникации,Олимпиада школьников «Шаг в будущее»,математика,математика,математика,75 и более,Право на 100 баллов,математика,Победителям и призерам,11 класс
,Цифровые технологии и телекоммуникации,Олимпиада школьников «Шаг в будущее»,информатика,информатика и вычислительная техника,информатика,75 и более,Право на 100 баллов,информатика,Победителям и призерам,11 класс
,Цифровые технологии и телекоммуникации,Олимпиада школьников Санкт-Петербургского государственного университета,математика,математика,математика,75 и более,Право на прием БВИ,математика,Победителям и призерам,11 класс
,Цифровые технологии и телекоммуникации,Олимпиада школьников Санкт-Петербургского государственного университета,физика,физика,физика,75 и более,Право на прием БВИ,физика,Победителям и призерам,11 класс
,Цифровые технологии и телекоммуникации,Олимпиада школьников Санкт-Петербургского государственного университета,информатика,информатика,информатика,75 и более,Право на прием БВИ,информатика,Победителям и призерам,11 класс
,Цифровые технологии и телекоммуникации,Олимпиада школьников Санкт-Петербургского государственного университета,инженерные системы,"астрономия, управление в технических системах",физика,75 и более,Право на 100 баллов,физика,Победителям и призерам,11 класс
,Цифровые технологии и телекоммуникации,Олимпиада школьников Санкт-Петербургского государственного университета,математическое моделирование и искусственный интеллект,"математика и механика, информатика и вычислительная техника",математика / информатика,75 и более,Право на 100 баллов,математика / информатика,Победителям и призерам,11 класс
,Цифровые технологии и телекоммуникации,Олимпиада Юношеской математической школы,математика,математика,математика,75 и более,Право на прием БВИ,математика,Победителям и призерам,11 класс
,Цифровые технологии и телекоммуникации,Олимпиада Юношеской математической школы,математика,математика,математика,75 и более,Право на 100 баллов,математика,Победителям и призерам,11 класс
,Цифровые технологии и телекоммуникации,Олимпиада Юношеской математической школы,информатика,информатика,информатика,75 и более,Право на прием БВИ,информатика,Победителям и призерам,11 класс
,Цифровые технологии и телекоммуникации,Открытая олимпиада школьников,физика,"физика и астрономия, фотоника, приборостроение, оптические и биотехнические системы и технологии, физико-технические науки и технологии",физика,75 и более,Право на 100 баллов,физика,Победителям и призерам,11 класс
,Цифровые технологии и телекоммуникации,Открытая олимпиада школьников,математика,математика,математика,75 и более,Право на прием БВИ,математика,Победителям и призерам,11 класс
,Цифровые технологии и телекоммуникации,Открытая олимпиада школьников,физика,физика,физика,75 и более,Право на прием БВИ,физика,Победителям и призерам,11 класс
,Цифровые технологии и телекоммуникации,Открытая олимпиада школьников,информатика,информатика,информатика,75 и более,Право на прием БВИ,информатика,Победителям и призерам,11 класс
,Цифровые технологии и телекоммуникации,Отраслевая физико-математическая олимпиада школьников «Росатом»,математика,математика,математика,75 и более,Право на прием БВИ,математика,Победителям и призерам,11 класс
,Цифровые технологии и телекоммуникации,Отраслевая физико-математическая олимпиада школьников «Росатом»,физика,физика,физика,75 и более,Право на прием БВИ,физика,Победителям и призерам,11 класс
,Цифровые технологии и телекоммуникации,Санкт-Петербургская олимпиада школьников,математика,математика,математика,75 и более,Право на прием БВИ,математика,Победителям и призерам,11 класс
,Цифровые технологии и телекоммуникации,Турнир городов,математика,математика,математика,75 и более,Право на прием БВИ,математика,Победителям и призерам,11 класс
,Цифровые технологии и телекоммуникации,Турнир имени М.В. Ломоносова,математика,математика,математика,75 и более,Право на прием БВИ,математика,Победителям и призерам,11 класс
,Цифровые технологии и телекоммуникации,Турнир имени М.В. Ломоносова,физика,физика,физика,75 и более,Право на прием БВИ,физика,Победителям и призерам,11 класс
,Цифровые технологии и телекоммуникации,Межрегиональные предметные олимпиады федерального государственного автономного образовательного учреждения высшего образования «Казанский (Приволжский) федеральный университет»,физика,физика,физика,75 и более,Право на 100 баллов,физика,Победителям и призерам,11 класс
,Цифровые технологии и телекоммуникации,Межрегиональные предметные олимпиады федерального государственного автономного образовательного учреждения высшего образования «Казанский (Приволжский) федеральный университет»,математика,математика,математика,75 и более,Право на 100 баллов,математика,Победителям и призерам,11 класс
,Цифровые технологии и телекоммуникации,Межрегиональная олимпиада школьников «Будущие исследователи - будущее науки»,физика,физика,физика,75 и более,Право на 100 баллов,физика,Победителям и призерам,11 класс
,Цифровые технологии и телекоммуникации,Всероссийский конкурс научных работ школьников «Юниор»,инженерные науки,"фотоника, приборостроение, оптические и биотехнические системы и технологии, ядерная энергетика и технологии, физико-технические науки и технологии, технологии материалов, нанотехнологии и наноматериалы, машиностроение",физика / информатика,75 и более,Право на прием БВИ,физика / информатика,Победителям и призерам,11 класс
,Цифровые технологии и телекоммуникации,Вузовско-академическая олимпиада по информатике,информатика,информатика,информатика,75 и более,Право на прием БВИ,информатика,Победителям и призерам,11 класс
,Цифровые технологии и телекоммуникации,Международная олимпиада «Innopolis Open»,информатика,информатика,информатика,75 и более,Право на прием БВИ,информатика,Победителям и призерам,11 класс
,Цифровые технологии и телекоммуникации,Международная олимпиада «Innopolis Open»,информационная безопасность,информатика,информатика,75 и более,Право на прием БВИ,информатика,Победителям и призерам,11 класс
,Цифровые технологии и телекоммуникации,Олимпиада школьников по информатике и программированию,информатика,информатика,информатика,75 и более,Право на прием БВИ,информатика,Победителям и призерам,11 класс
,Цифровые технологии и телекоммуникации,Олимпиада школьников по программированию «ТехноКубок»,информатика,информатика,информатика,75 и более,Право на прием БВИ,информатика,Победителям и призерам,11 класс
,Цифровые технологии и телекоммуникации,Открытая межвузовская олимпиада школьников Сибирского Федерального округа «Будущее Сибири»,физика,физика,физика,75 и более,Право на прием БВИ,физика,Победителям и призерам,11 класс
,Цифровые технологии и телекоммуникации,Открытая олимпиада школьников по программированию,информатика,информатика,информатика,75 и более,Право на прием БВИ,информатика,Победителям и призерам,11 класс
,Цифровые технологии и телекоммуникации,Открытая олимпиада школьников по программированию «Когнитивные технологии»,информатика,информатика,информатика,75 и более,Право на прием БВИ,информатика,Победителям и призерам,11 класс
,Цифровые технологии и телекоммуникации,Санкт-Петербургская астрономическая олимпиада,астрономия,"астрономия, физика",физика,75 и более,Право на прием БВИ,физика,Победителям и призерам,11 класс
,Цифровые технологии и телекоммуникации,Твой путь в настоящую науку,физика,физика,физика,75 и более,Право на прием БВИ,физика,Победителям и призерам,11 класс
,Цифровые технологии и телекоммуникации,Университетская олимпиада школьников «Бельчонок»,информатика,информатика,информатика,75 и более,Право на прием БВИ,физика,Победителям и призерам,11 класс
,Цифровые технологии и телекоммуникации,Всероссийская олимпиада по искусственному интеллекту,математика,математика,математика,75 и более,Право на прием БВИ,математика,Победителям и призерам,11 класс
,Цифровые технологии и телекоммуникации,техника и технологии,"технологии материалов, машиностроение, фотоника, приборостроение, оптические и биотехнические системы и технологии, авиационная и ракетно-космическая техника, техника и технологии наземного транспорта, техника и технологии кораблестроения и водного транспорта, биотехнология, информационная безопасность, химические технологии",химия/физика,75 и более,Право на 100 баллов,химия/физика,Победителям и призерам,11 класс
,Цифровые технологии и телекоммуникации,Многопрофильная инженерная олимпиада «Звезда»,естественные науки,"архитектура, техника и технологии строительства, информационная безопасность, электроника, радиотехника и системы связи, фотоника, приборостроение, оптические и биотехнические системы и технологии, электро- и теплоэнергетика, ядерная энергетика и технологии, машиностроение, оружие и системы вооружения, химические технологии, промышленная экология и биотехнологии, техносферная безопасность и природообустройство, прикладная геология, горное дело, нефтегазовое дело и геодезия, технологии материалов, техника и технологии наземного транспорта, авиационная и ракетно-космическая техника, информационная",химия/физика,75 и более,Право на 100 баллов,химия/физика,Победителям и призерам,11 класс
,Направление подготовки 37.03.01 Психология,,математика,математика,математика,75 и более,Право на прием БВИ,математика,Победителям и призерам,11 класс
,Направление подготовки 37.03.01 Психология,,информатика,информатика,математика,75 и более,Право на прием БВИ,математика,Победителям и призерам,11 класс
,Направление подготовки 37.03.01 Психология,,русский язык,русский язык,русский язык,75 и более,Право на 100 баллов,русский язык,Победителям и призерам,11 класс
,Направление подготовки 37.03.01 Психология,,иностранный язык,иностранный язык,русский язык,75 и более,Право на 100 баллов,русский язык,Победителям и призерам,11 класс
,Направление подготовки 37.03.01 Психология,,биология,биология,биология,75 и более,Право на прием БВИ,биология,Победителям и призерам,11 класс
,Направление подготовки 37.03.01 Психология,,биология,биология,биология,75 и более,Право на 100 баллов,биология,Победителям и призерам,11 класс
,Направление подготовки 37.03.01 Психология,,"компьютерные и информационные науки, информатика и вычислительная техника",математика,75 и более,Право на 100 баллов,математика,Победителям,11 класс
,Направление подготовки 37.03.01 Психология,Всероссийская Семеновская олимпиада школьников,биология,биология,биология,75 и более,Право на 100 баллов,биология,Победителям и призерам,11 класс
,Направление подготовки 37.03.01 Психология,Всероссийская открытая олимпиада школьников,информатика,информатика,математика,75 и более,Право на 100 баллов,математика,Победителям и призерам,11 класс
,Направление подготовки 37.03.01 Психология,Межрегиональная олимпиада школьников «Будущие исследователи - будущее науки»,биология,биология,биология,75 и более,Право на 100 баллов,биология,Победителям и призерам,11 класс
,Направление подготовки 37.03.01 Психология,Межрегиональная олимпиада школьников имени И.Я. Верченко,математика,математика,математика,75 и более,Право на 100 баллов,математика,Победителям и призерам,11 класс
,Направление подготовки 37.03.01 Психология,Московская олимпиада школьников,информатика,информатика,математика,75 и более,Право на прием БВИ,математика,Победителям и призерам,11 класс
,Направление подготовки 37.03.01 Психология,Объединенная межвузовская олимпиада школьников,математика,математика,математика,75 и более,Право на 100 баллов,математика,Победителям и призерам,11 класс
,Направление подготовки 37.03.01 Психология,Олимпиада Курчатов,математика,математика,математика,75 и более,Право на прием БВИ,математика,Победителям и призерам,11 класс
,Направление подготовки 37.03.01 Психология,Олимпиада РПТУ для школьников,русский язык,русский язык,русский язык,75 и более,Право на прием БВИ,биология,Победителям и призерам,11 класс
,Направление подготовки 37.03.01 Психология,Олимпиада школьников «Ломоносов»,биология,биология,биология,75 и более,Право на прием БВИ,биология,Победителям и призерам,11 класс
,Направление подготовки 37.03.01 Психология,Олимпиада школьников «Покори Воробьевы горы!»,математика,математика,математика,75 и более,Право на прием БВИ,математика,Победителям и призерам,11 класс
,Направление подготовки 37.03.01 Психология,Олимпиада школьников «Фигтех»,биология,биология,биология,75 и более,Право на прием БВИ,биология,Победителям и призерам,11 класс
,Направление подготовки 37.03.01 Психология,Олимпиада школьников по информатике и программированию,информатика,информатика,математика,75 и более,Право на прием БВИ,математика,Победителям и призерам,11 класс
,Направление подготовки 37.03.01 Психология,Олимпиада школьников Санкт-Петербургского государственного университета,биология,биология,биология,75 и более,Право на прием БВИ,биология,Победителям и призерам,11 класс
,Направление подготовки 37.03.01 Психология,Олимпиада школьников Санкт-Петербургского государственного университета,математика,математика,математика,75 и более,Право на прием БВИ,математика,Победителям и призерам,11 класс
,Направление подготовки 37.03.01 Психология,Олимпиада школьников Санкт-Петербургского государственного университета,информатика,информатика,математика,75 и более,Право на прием БВИ,математика,Победителям и призерам,11 класс
,Направление подготовки 37.03.01 Психология,Олимпиада школьников Санкт-Петербургского государственного университета,психология,психологические науки,биология,75 и более,Право на 100 баллов,биология,Победителям и призерам,11 класс
,Направление подготовки 37.03.01 Психология,Олимпиада Юношеской математической школы,иностранный язык,иностранный язык,русский язык,75 и более,Право на 100 баллов,русский язык,Победителям и призерам,11 класс
,Направление подготовки 37.03.01 Психология,Открытая олимпиада школьников,информатика,информатика,математика,75 и более,Право на прием БВИ,математика,Победителям и призерам,11 класс
,Направление подготовки 37.03.01 Психология,Открытая олимпиада школьников по программированию,информатика,информатика,математика,75 и более,Право на прием БВИ,математика,Победителям и призерам,11 класс
,Направление подготовки 37.03.01 Психология,Открытая олимпиада школьников по программированию «Когнитивные технологии»,информатика,информатика,математика,75 и более,Право на 100 баллов,математика,Победителям и призерам,11 класс
,Направление подготовки 37.03.01 Психология,Отраслевая физико-математическая олимпиада школьников «Росатом»,математика,математика,математика,75 и более,Право на 100 баллов,математика,Победителям и призерам,11 класс
,Направление подготовки 37.03.01 Психология,Отраслевая физико-математическая олимпиада школьников «Росатом»,информатика,информатика,математика,75 и более,Право на прием БВИ,математика,Победителям и призерам,11 класс
,Направление подготовки 37.03.01 Психология,Санкт-Петербургская олимпиада школьников,математика,математика,математика,75 и более,Право на прием БВИ,математика,Победителям и призерам,11 класс
,Направление подготовки 37.03.01 Психология,Турнир городов,математика,математика,математика,75 и более,Право на прием БВИ,математика,Победителям и призерам,11 класс
,Направление подготовки 37.03.01 Психология,Турнир имени М.В. Ломоносова,биология,биология,биология,75 и более,Право на 100 баллов,биология,Победителям и призерам,11 класс
,Направление подготовки 37.03.01 Психология,Турнир имени М.В. Ломоносова,математика,математика,математика,75 и более,Право на 100 баллов,математика,Победителям и призерам,11 класс
,Направление подготовки 37.03.01 Психология,Отраслевая олимпиада школьников «Газпром»,информационные и коммуникационные технологии,информатика,математика,75 и более,Право на 100 баллов,математика,Победителям и призерам,11 класс
,Направление подготовки 38.03.01 Экономика,Всероссийская олимпиада школьников «Высшая проба»,математика,математика,математика,75 и более,Право на 100 баллов,математика,Победителям и призерам,11 класс
,Направление подготовки 38.03.01 Экономика,Всероссийская олимпиада школьников «Высшая проба»,финансовая грамотность,экономика,обществознание,75 и более,Право на 100 баллов,обществознание,Победителям и призерам,11 класс
,Направление подготовки 38.03.01 Экономика,Всероссийская олимпиада школьников «Высшая проба»,информатика,информатика,математика,75 и более,Право на 100 баллов,математика,Победителям и призерам,11 класс
,Направление подготовки 38.03.01 Экономика,Всероссийская олимпиада школьников «Высшая проба»,анализ данных,"компьютерные и информационные науки, информатика и вычислительная техника",математика,85 и более,Право на прием БВИ,математика,Победителям и призерам,11 класс
,Направление подготовки 38.03.01 Экономика,Всероссийская олимпиада школьников «Высшая проба»,анализ данных,"компьютерные и информационные науки, информатика и вычислительная техника",информатика,75 и более,Право на 100 баллов,информатика,Победителям и призерам,11 класс
,Направление подготовки 38.03.01 Экономика,,,,,,,Победителям и призерам,11 класс
24,Совместная программа по экономике НИУ ВШЭ и РЭШ,,экономика,экономика,математика,75 и более,Право на 100 баллов,математика,Победителям и призерам,11 класс
,Совместная программа по экономике НИУ ВШЭ и РЭШ,,,обществознание,75 и более,Право на 100 баллов,обществознание,Победителям и призерам,11 класс
,Совместная программа по экономике НИУ ВШЭ и РЭШ,,обществознание,обществознание,75 и более,Право на 100 баллов,обществознание,Победителям и призерам,11 класс
,Совместная программа по экономике НИУ ВШЭ и РЭШ,,русский язык,русский язык,75 и более,Право на 100 баллов,русский язык,Победителям и призерам,11 класс
,Совместная программа по экономике НИУ ВШЭ и РЭШ,,иностранный язык,иностранный язык,75 и более,Право на 100 баллов,иностранный язык,Победителям и призерам,11 класс
,Совместная программа по экономике НИУ ВШЭ и РЭШ,Всероссийская открытая олимпиада школьников,информатика,информатика,информатика,75 и более,Право на 100 баллов,информатика,Победителям и призерам,11 класс
,Совместная программа по экономике НИУ ВШЭ и РЭШ,Всероссийская открытая олимпиада школьников,математика,математика,математика,75 и более,Право на 100 баллов,математика,Победителям и призерам,11 класс
,Совместная программа по экономике НИУ ВШЭ и РЭШ,Всероссийская экономическая олимпиада школьников имени Н.Д. Кондратьева,экономика,экономика,математика,75 и более,Право на 100 баллов,математика,Победителям,11 класс
,Совместная программа по экономике НИУ ВШЭ и РЭШ,Всероссийская академическая олимпиада школьников имени В.И. Вернадского,экономика,экономика,обществознание,75 и более,Право на 100 баллов,обществознание,Победителям,11 класс
,Совместная программа по экономике НИУ ВШЭ и РЭШ,Международная олимпиада школьников «Евразийская лингвистическая олимпиада»,иностранный язык,иностранный язык,иностранный язык,75 и более,Право на 100 баллов,иностранный язык,Победителям и призерам,11 класс
,Совместная программа по экономике НИУ ВШЭ и РЭШ,Межрегиональные предметные олимпиады федерального государственного автономного образовательного учреждения высшего образования «Казанский (Приволжский) федеральный университет»,русский язык,русский язык,русский язык,75 и более,Право на 100 баллов,русский язык,Победителям,11 класс
,Совместная программа по экономике НИУ ВШЭ и РЭШ,Олимпиада по экономике в рамках международного экономического фестиваля школьников «Сибириада. Шаг в мечту»,экономика,экономика,математика,75 и более,Право на 100 баллов,математика,Победителям и призерам,11 класс
,Совместная программа по экономике НИУ ВШЭ и РЭШ,,,обществознание,75 и более,Право на 100 баллов,обществознание,Победителям и призерам,11 класс
,Совместная программа по экономике НИУ ВШЭ и РЭШ,Московская олимпиада школьников,обществознание,обществознание,обществознание,75 и более,Право на 100 баллов,обществознание,Победителям и призерам,11 класс
,Совместная программа по экономике НИУ ВШЭ и РЭШ,Московская олимпиада школьников,лингвистика,иностранный язык,иностранный язык,75 и более,Право на 100 баллов,иностранный язык,Победителям и призерам,11 класс
,Совместная программа по экономике НИУ ВШЭ и РЭШ,Московская олимпиада школьников,финансовая грамотность,экономика,обществознание,75 и более,Право на 100 баллов,обществознание,Победителям и призерам,11 класс
,Совместная программа по экономике НИУ ВШЭ и РЭШ,Московская олимпиада школьников,математика,математика,математика,75 и более,Право на 100 баллов,математика,Победителям и призерам,11 класс
,Совместная программа по экономике НИУ ВШЭ и РЭШ,Московская олимпиада школьников,информатика,информатика,математика,75 и более,Право на 100 баллов,математика,Победителям и призерам,11 класс
,Совместная программа по экономике НИУ ВШЭ и РЭШ,,,информатика,75 и более,Право на 100 баллов,информатика,Победителям и призерам,11 класс
,Совместная программа по экономике НИУ ВШЭ и РЭШ,Московская олимпиада школьников,экономика,экономика,математика,75 и более,Право на 100 баллов,математика,Победителям и призерам,11 класс
,Совместная программа по экономике НИУ ВШЭ и РЭШ,,,обществознание,75 и более,Право на 100 баллов,обществознание,Победителям и призерам,11 класс
,Совместная программа по экономике НИУ ВШЭ и РЭШ,Олимпиада РГТУ для школьников,русский язык,русский язык,русский язык,75 и более,Право на 100 баллов,русский язык,Победителям,11 класс
,Совместная программа по экономике НИУ ВШЭ и РЭШ,Олимпиада РГТУ для школьников,иностранный язык,иностранный язык,иностранный язык,75 и более,Право на 100 баллов,иностранный язык,Победителям,11 класс
,Совместная программа по экономике НИУ ВШЭ и РЭШ,Олимпиада школьников «Ломоносов»,математика,математика,математика,75 и более,Право на 100 баллов,математика,Победителям и призерам,11 класс
,Совместная программа по экономике НИУ ВШЭ и РЭШ,Олимпиада школьников «Ломоносов»,обществознание,обществознание,обществознание,75 и более,Право на 100 баллов,обществознание,Победителям и призерам,11 класс
,Совместная программа по экономике НИУ ВШЭ и РЭШ,Олимпиада школьников «Ломоносов»,русский язык,русский язык,русский язык,75 и более,Право на 100 баллов,русский язык,Победителям и призерам,11 класс
,Совместная программа по экономике НИУ ВШЭ и РЭШ,Олимпиада школьников «Ломоносов»,иностранный язык,иностранный язык,иностранный язык,75 и более,Право на 100 баллов,иностранный язык,Победителям и призерам,11 класс
,Совместная программа по экономике НИУ ВШЭ и РЭШ,Олимпиада школьников «Фигтех»,математика,математика,математика,75 и более,Право на 100 баллов,математика,Победителям и призерам,11 класс
,Совместная программа по экономике НИУ ВШЭ и РЭШ,Олимпиада школьников «Покори Воробьевы горы!»,математика,математика,математика,75 и более,Право на 100 баллов,математика,Победителям и призерам,11 класс
,Совместная программа по экономике НИУ ВШЭ и РЭШ,Олимпиада школьников «Покори Воробьевы горы!»,обществознание,обществознание,обществознание,75 и более,Право на 100 баллов,обществознание,Победителям и призерам,11 класс
,Совместная программа по экономике НИУ ВШЭ и РЭШ,Олимпиада школьников «Покори Воробьевы горы!»,иностранный язык,иностранный язык,иностранный язык,75 и более,Право на 100 баллов,иностранный язык,Победителям и призерам,11 класс
,Совместная программа по экономике НИУ ВШЭ и РЭШ,Олимпиада школьников Российской академии народного хозяйства и государственной службы при Президенте Российской Федерации,обществознание,обществознание,обществознание,75 и более,Право на 100 баллов,обществознание,Победителям и призерам,11 класс
,Совместная программа по экономике НИУ ВШЭ и РЭШ,Олимпиада школьников Российской академии народного хозяйства и государственной службы при Президенте Российской Федерации,иностранный язык,иностранный язык,иностранный язык,75 и более,Право на 100 баллов,иностранный язык,Победителям и призерам,11 класс
,Совместная программа по экономике НИУ ВШЭ и РЭШ,Олимпиада школьников Санкт-Петербургского государственного университета,обществознание,обществознание,обществознание,75 и более,Право на 100 баллов,обществознание,Победителям и призерам,11 класс
,Совместная программа по экономике НИУ ВШЭ и РЭШ,Олимпиада школьников Санкт-Петербургского государственного университета,иностранный язык,иностранный язык,иностранный язык,75 и более,Право на 100 баллов,иностранный язык,Победителям и призерам,11 класс
,Совместная программа по экономике НИУ ВШЭ и РЭШ,Плехановская олимпиада школьников,русский язык,русский язык,русский язык,75 и более,Право на 100 баллов,русский язык,Победителям и призерам,11 класс
,Совместная программа по экономике НИУ ВШЭ и РЭШ,Плехановская олимпиада школьников,иностранный язык,иностранный язык,иностранный язык,75 и более,Право на 100 баллов,иностранный язык,Победителям и призерам,11 класс
,Совместная программа по экономике НИУ ВШЭ и РЭШ,Турнир имени М.В. Ломоносова,математика,математика,математика,75 и более,Право на 100 баллов,математика,Победителям и призерам,11 класс
,Совместная программа по экономике НИУ ВШЭ и РЭШ,Турнир имени М.В. Ломоносова,лингвистика,"русский язык, иностранный язык, математика",иностранный язык,75 и более,Право на 100 баллов,иностранный язык,Победителям и призерам,11 класс
,Совместная программа по экономике НИУ ВШЭ и РЭШ,Санкт-Петербургская олимпиада школьников,математика,математика,математика,75 и более,Право на 100 баллов,математика,Победителям и призерам,11 класс
,Совместная программа по экономике НИУ ВШЭ и РЭШ,Турнир городов,математика,математика,математика,75 и более,Право на 100 баллов,математика,Победителям и призерам,11 класс
,Совместная программа по экономике НИУ ВШЭ и РЭШ,Вузовско-академическая олимпиада по информатике,информатика,информатика,информатика,75 и более,Право на 100 баллов,информатика,Победителям и призерам,11 класс
,Совместная программа по экономике НИУ ВШЭ и РЭШ,Открытая олимпиада школьников по программированию,информатика,информатика,информатика,75 и более,Право на 100 баллов,информатика,Победителям и призерам,11 класс
,Совместная программа по экономике НИУ ВШЭ и РЭШ,Олимпиада школьников по информатике и программированию,информатика,информатика,информатика,75 и более,Право на 100 баллов,информатика,Победителям и призерам,11 класс
,Совместная программа по экономике НИУ ВШЭ и РЭШ,Олимпиада школьников по программированию «ТехноКубок»,информатика,информатика,информатика,75 и более,Право на 100 баллов,информатика,Победителям и призерам,11 класс
,Совместная программа по экономике НИУ ВШЭ и РЭШ,Открытая олимпиада школьников по программированию «Когнитивные технологии»,информатика,информатика,информатика,75 и более,Право на 100 баллов,информатика,Победителям и призерам,11 класс
,Совместная программа по экономике НИУ ВШЭ и РЭШ,Открытая олимпиада школьников,информатика,информатика,информатика,75 и более,Право на 100 баллов,информатика,Победителям и призерам,11 класс
,Совместная программа по экономике НИУ ВШЭ и РЭШ,Открытая олимпиада школьников,математика,математика,математика,75 и более,Право на 100 баллов,математика,Победителям и призерам,11 класс
,Совместная программа по экономике НИУ ВШЭ и РЭШ,Олимпиада школьников Санкт-Петербургского государственного университета,информатика,информатика,информатика,75 и более,Право на 100 баллов,информатика,Победителям и призерам,11 класс
,Совместная программа по экономике НИУ ВШЭ и РЭШ,Олимпиада школьников Санкт-Петербургского государственного университета,математика,математика,математика,75 и более,Право на 100 баллов,математика,Победителям и призерам,11 класс
,Совместная программа по экономике НИУ ВШЭ и РЭШ,Олимпиада Курчатов,математика,математика,математика,75 и более,Право на 100 баллов,математика,Победителям и призерам,11 класс
,Совместная программа по экономике НИУ ВШЭ и РЭШ,Объединенная межвузовская олимпиада школьников,математика,математика,математика,75 и более,Право на 100 баллов,математика,Победителям и призерам,11 класс
,Совместная программа по экономике НИУ ВШЭ и РЭШ,Всероссийская открытая олимпиада школьников,информатика,информатика,информатика,75 и более,Право на 100 баллов,информатика,Победителям и призерам,11 класс
,Совместная программа по экономике НИУ ВШЭ и РЭШ,Международная олимпиада «Innopolis Open»,информатика,информатика,информатика,75 и более,Право на 100 баллов,информатика,Победителям и призерам,11 класс
,Совместная программа по экономике НИУ ВШЭ и РЭШ,Международная олимпиада «Innopolis Open»,математика,математика,математика,75 и более,Право на 100 баллов,математика,Победителям и призерам,11 класс
,Совместная программа по экономике НИУ ВШЭ и РЭШ,Международная олимпиада «Innopolis Open»,финансовая грамотность,экономика,обществознание,75 и более,Право на 100 баллов,обществознание,Победителям и призерам,11 класс
,Совместная программа по экономике НИУ ВШЭ и РЭШ,Олимпиада школьников «Ломоносов»,математика,математика,математика,75 и более,Право на 100 баллов,математика,Победителям и призерам,11 класс
,Совместная программа по экономике НИУ ВШЭ и РЭШ,Олимпиада школьников «Ломоносов»,обществознание,обществознание,обществознание,75 и более,Право на 100 баллов,обществознание,Победителям и призерам,11 класс
,Совместная программа по экономике НИУ ВШЭ и РЭШ,Олимпиада школьников «Ломоносов»,русский язык,русский язык,русский язык,75 и более,Право на 100 баллов,русский язык,Победителям и призерам,11 класс
,Совместная программа по экономике НИУ ВШЭ и РЭШ,Олимпиада школьников «Ломоносов»,иностранный язык,иностранный язык,иностранный язык,75 и более,Право на 100 баллов,иностранный язык,Победителям и призерам,11 класс
,Совместная программа по экономике НИУ ВШЭ и РЭШ,Олимпиада школьников «Фигтех»,математика,математика,математика,75 и более,Право на 100 баллов,математика,Победителям и призерам,11 класс
,Совместная программа по экономике НИУ ВШЭ и РЭШ,Олимпиада школьников «Покори Воробьевы горы!»,математика,математика,математика,75 и более,Право на 100 баллов,математика,Победителям и призерам,11 класс
,Совместная программа по экономике НИУ ВШЭ и РЭШ,Олимпиада школьников «Покори Воробьевы горы!»,обществознание,обществознание,обществознание,75 и более,Право на 100 баллов,обществознание,Победителям и призерам,11 класс
,Совместная программа по экономике НИУ ВШЭ и РЭШ,Олимпиада школьников «Покори Воробьевы горы!»,иностранный язык,иностранный язык,иностранный язык,75 и более,Право на 100 баллов,иностранный язык,Победителям и призерам,11 класс
,Совместная программа по экономике НИУ ВШЭ и РЭШ,Олимпиада школьников Российской академии народного хозяйства и государственной службы при Президенте Российской Федерации,обществознание,обществознание,обществознание,75 и более,Право на 100 баллов,обществознание,Победителям и призерам,11 класс
,Совместная программа по экономике НИУ ВШЭ и РЭШ,Олимпиада школьников Российской академии народного хозяйства и государственной службы при Президенте Российской Федерации,иностранный язык,иностранный язык,иностранный язык,75 и более,Право на 100 баллов,иностранный язык,Победителям и призерам,11 класс
,Совместная программа по экономике НИУ ВШЭ и РЭШ,Олимпиада школьников Санкт-Петербургского государственного университета,обществознание,обществознание,обществознание,75 и более,Право на 100 баллов,обществознание,Победителям,11 класс
,Совместная программа по экономике НИУ ВШЭ и РЭШ,Олимпиада школьников Санкт-Петербургского государственного университета,иностранный язык,иностранный язык,иностранный язык,75 и более,Право на 100 баллов,иностранный язык,Победителям и призерам,11 класс
,Совместная программа по экономике НИУ ВШЭ и РЭШ,Плехановская олимпиада школьников,русский язык,русский язык,русский язык,75 и более,Право на 100 баллов,русский язык,Победителям и призерам,11 класс
,Совместная программа по экономике НИУ ВШЭ и РЭШ,Плехановская олимпиада школьников,иностранный язык,иностранный язык,иностранный язык,75 и более,Право на 100 баллов,иностранный язык,Победителям и призерам,11 класс
,Совместная программа по экономике НИУ ВШЭ и РЭШ,Турнир имени М.В. Ломоносова,лингвистика,"русский язык, иностранный язык, математика",иностранный язык,75 и более,Право на 100 баллов,иностранный язык,Победителям и призерам,11 класс
,Совместная программа по экономике НИУ ВШЭ и РЭШ,Санкт-Петербургская олимпиада школьников,математика,математика,математика,75 и более,Право на 100 баллов,математика,Победителям и призерам,11 класс
,Совместная программа по экономике НИУ ВШЭ и РЭШ,Турнир городов,математика,математика,математика,75 и более,Право на 100 баллов,математика,Победителям и призерам,11 класс
,Совместная программа по экономике НИУ ВШЭ и РЭШ,Всероссийская олимпиада школьников «Высшая проба»,математика,математика,математика,75 и более,Право на прием БВИ,математика,Победителям,11 класс
,Совместная программа по экономике НИУ ВШЭ и РЭШ,,,математика,75 и более,Право на 100 баллов,математика,Победителям и призерам,11 класс
,Совместная программа по экономике НИУ ВШЭ и РЭШ,Всероссийская олимпиада школьников «Высшая проба»,финансовая грамотность,экономика,обществознание,75 и более,Право на 100 баллов,обществознание,Победителям и призерам,11 класс
,Совместная программа по экономике НИУ ВШЭ и РЭШ,Всероссийская олимпиада школьников «Высшая проба»,информатика,информатика,математика,75 и более,Право на прием БВИ,математика,Победителям,11 класс
,Совместная программа по экономике НИУ ВШЭ и РЭШ,,,информатика,75 и более,Право на прием БВИ,информатика,Победителям,11 класс
,Совместная программа по экономике НИУ ВШЭ и РЭШ,,,математика,75 и более,Право на 100 баллов,математика,Победителям и призерам,11 класс
,Совместная программа по экономике НИУ ВШЭ и РЭШ,,,информатика,75 и более,Право на 100 баллов,информатика,Победителям и призерам,11 класс
,Совместная программа по экономике НИУ ВШЭ и РЭШ,Всероссийская олимпиада школьников «Высшая проба»,анализ данных,"компьютерные и информационные науки, информатика и вычислительная техника",математика,75 и более,Право на прием БВИ,математика,Победителям,11 класс
,Совместная программа по экономике НИУ ВШЭ и РЭШ,,,информатика,75 и более,Право на прием БВИ,информатика,Победителям,11 класс
,Совместная программа по экономике НИУ ВШЭ и РЭШ,,,математика,75 и более,Право на 100 баллов,математика,Победителям и призерам,11 класс
,Совместная программа по экономике НИУ ВШЭ и РЭШ,,,информатика,75 и более,Право на 100 баллов,информатика,Победителям и призерам,11 класс
,Совместная программа по экономике НИУ ВШЭ и РЭШ,Всероссийская олимпиада школьников «Высшая проба»,экономика,экономика,математика,75 и более,Право на прием БВИ,математика,Победителям,11 класс
,Совместная программа по экономике НИУ ВШЭ и РЭШ,,,обществознание,75 и более,Право на 100 баллов,обществознание,Победителям и призерам,11 класс
,Совместная программа по экономике НИУ ВШЭ и РЭШ,,иностранный язык,иностранный язык,иностранный язык,75 и более,Право на 100 баллов,иностранный язык,Победителям и призерам,11 класс
,Совместная программа по экономике НИУ ВШЭ и РЭШ,Олимпиада школьников «Покори Воробьевы горы!»,математика,математика,математика,75 и более,Право на 100 баллов,математика,Победителям и призерам,11 класс
,Совместная программа по экономике НИУ ВШЭ и РЭШ,Олимпиада школьников «Покори Воробьевы горы!»,обществознание,обществознание,обществознание,75 и более,Право на 100 баллов,обществознание,Победителям и призерам,11 класс
,Совместная программа по экономике НИУ ВШЭ и РЭШ,Олимпиада школьников «Покори Воробьевы горы!»,иностранный язык,иностранный язык,иностранный язык,75 и более,Право на 100 баллов,иностранный язык,Победителям и призерам,11 класс
,Совместная программа по экономике НИУ ВШЭ и РЭШ,Олимпиада школьников Российской академии народного хозяйства и государственной службы при Президенте Российской Федерации,обществознание,обществознание,обществознание,75 и более,Право на 100 баллов,обществознание,Победителям и призерам,11 класс
,Совместная программа по экономике НИУ ВШЭ и РЭШ,Олимпиада школьников Российской академии народного хозяйства и государственной службы при Президенте Российской Федерации,иностранный язык,иностранный язык,иностранный язык,75 и более,Право на 100 баллов,иностранный язык,Победителям и призерам,11 класс
,Совместная программа по экономике НИУ ВШЭ и РЭШ,Олимпиада школьников Российской академии народного хозяйства и государственной службы при Президенте Российской Федерации,финансовая грамотность,экономика,обществознание,75 и более,Право на 100 баллов,обществознание,Победителям,11 класс
,Совместная программа по экономике НИУ ВШЭ и РЭШ,Олимпиада школьников Санкт-Петербургского государственного университета,обществознание,обществознание,обществознание,75 и более,Право на 100 баллов,обществознание,Победителям и призерам,11 класс
,Совместная программа по экономике НИУ ВШЭ и РЭШ,Олимпиада школьников Санкт-Петербургского государственного университета,иностранный язык,иностранный язык,иностранный язык,75 и более,Право на 100 баллов,иностранный язык,Победителям и призерам,11 класс
,Совместная программа по экономике НИУ ВШЭ и РЭШ,Плехановская олимпиада школьников,русский язык,русский язык,русский язык,75 и более,Право на 100 баллов,русский язык,Победителям и призерам,11 класс
,Совместная программа по экономике НИУ ВШЭ и РЭШ,Плехановская олимпиада школьников,иностранный язык,иностранный язык,иностранный язык,75 и более,Право на 100 баллов,иностранный язык,Победителям и призерам,11 класс
,Совместная программа по экономике НИУ ВШЭ и РЭШ,Плехановская олимпиада школьников,финансовая грамотность,"обществознание, математика",обществознание,75 и более,Право на 100 баллов,обществознание,Победителям и призерам,11 класс
,Совместная программа по экономике НИУ ВШЭ и РЭШ,Турнир имени М.В. Ломоносова,лингвистика,"русский язык, иностранный язык, математика",иностранный язык,75 и более,Право на 100 баллов,иностранный язык,Победителям и призерам,11 класс
,Совместная программа по экономике НИУ ВШЭ и РЭШ,Санкт-Петербургская олимпиада школьников,математика,математика,математика,75 и более,Право на 100 баллов,математика,Победителям и призерам,11 класс
,Совместная программа по экономике НИУ ВШЭ и РЭШ,Турнир городов,математика,математика,математика,75 и более,Право на 100 баллов,математика,Победителям и призерам,11 класс
,Совместная программа по экономике НИУ ВШЭ и РЭШ,Всероссийская олимпиада школьников «Высшая проба»,экономика,экономика,математика,75 и более,Право на прием БВИ,математика,Победителям,11 класс
,Совместная программа по экономике НИУ ВШЭ и РЭШ,,,математика,75 и более,Право на 100 баллов,математика,Победителям и призерам,11 класс
,Совместная программа по экономике НИУ ВШЭ и РЭШ,,,обществознание,75 и более,Право на 100 баллов,обществознание,Победителям и призерам,11 класс
,Совместная программа по экономике НИУ ВШЭ и РЭШ,Всероссийская олимпиада школьников «Высшая проба»,финансовая грамотность,экономика,обществознание,75 и более,Право на прием БВИ,обществознание,Победителям,11 класс
,Совместная программа по экономике НИУ ВШЭ и РЭШ,,,обществознание,75 и более,Право на 100 баллов,обществознание,Победителям и призерам,11 класс
,Совместная программа по экономике НИУ ВШЭ и РЭШ,Всероссийская олимпиада школьников «Высшая проба»,русский язык,русский язык,русский язык,75 и более,Право на 100 баллов,русский язык,Победителям и призерам,11 класс
,Совместная программа по экономике НИУ ВШЭ и РЭШ,Всероссийская олимпиада школьников «Высшая проба»,математика,математика,математика,75 и более,Право на прием БВИ,математика,Победителям,11 класс
,Совместная программа по экономике НИУ ВШЭ и РЭШ,,,математика,75 и более,Право на 100 баллов,математика,Победителям и призерам,11 класс
,Совместная программа по экономике НИУ ВШЭ и РЭШ,Всероссийская олимпиада школьников «Высшая проба»,иностранный язык,иностранный язык,иностранный язык,75 и более,Право на 100 баллов,иностранный язык,Победителям и призерам,11 класс
,Совместная программа по экономике НИУ ВШЭ и РЭШ,Всероссийская олимпиада школьников «Высшая проба»,обществознание,обществознание,обществознание,75 и более,Право на 100 баллов,обществознание,Победителям и призерам,11 класс
,Совместная программа по экономике НИУ ВШЭ и РЭШ,Всероссийская олимпиада школьников «Высшая проба»,анализ данных,"компьютерные и информационные науки, информатика и вычислительная техника",математика,75 и более,Право на прием БВИ,математика,Победителям,11 класс
,Совместная программа по экономике НИУ ВШЭ и РЭШ,,,математика,75 и более,Право на 100 баллов,математика,Победителям и призерам,11 класс
,Совместная программа по экономике НИУ ВШЭ и РЭШ,,,информатика,75 и более,Право на прием БВИ,информатика,Победителям,11 класс
,Совместная программа по экономике НИУ ВШЭ и РЭШ,,,информатика,75 и более,Право на 100 баллов,информатика,Победителям и призерам,11 класс
,Совместная программа по экономике НИУ ВШЭ и РЭШ,Всероссийская олимпиада школьников «Миссия выполнима. Твое призвание - финансист!»,экономика,экономика,обществознание,75 и более,Право на 100 баллов,обществознание,Победителям и призерам,11 класс
,Совместная программа по экономике НИУ ВШЭ и РЭШ,Международная олимпиада по финансовой безопасности,финансовая безопасность,"экономика и управление, информационная безопасность",математика,75 и более,Право на прием БВИ,математика,Победителям и призерам,11 класс
,Совместная программа по экономике НИУ ВШЭ и РЭШ,,,математика,75 и более,Право на 100 баллов,математика,Победителям и призерам,11 класс
,Совместная программа по экономике НИУ ВШЭ и РЭШ,Всероссийская экономическая олимпиада школьников имени Н.Д. Кондратьева,экономика,экономика,математика,75 и более,Право на 100 баллов,математика,Победителям и призерам,11 класс
,Совместная программа по экономике НИУ ВШЭ и РЭШ,Всероссийская академическая олимпиада школьников имени В.И. Вернадского,экономика,экономика,математика,75 и более,Право на 100 баллов,математика,Победителям и призерам,11 класс
,Совместная программа по экономике НИУ ВШЭ и РЭШ,Всероссийская открытая олимпиада школьников,математика,математика,математика,75 и более,Право на 100 баллов,математика,Победителям и призерам,11 класс
,Совместная программа по экономике НИУ ВШЭ и РЭШ,Герценовская олимпиада школьников,иностранный язык,иностранный язык,иностранный язык,75 и более,Право на 100 баллов,иностранный язык,Победителям и призерам,11 класс
,Совместная программа по экономике НИУ ВШЭ и РЭШ,Международная олимпиада школьников Уральского федерального университета «Изумруд»,русский язык,русский язык,русский язык,75 и более,Право на 100 баллов,русский язык,Победителям и призерам,11 класс
,Совместная программа по экономике НИУ ВШЭ и РЭШ,Межрегиональная олимпиада школьников «Будущие исследователи - будущее науки»,математика,математика,математика,75 и более,Право на 100 баллов,математика,Победителям и призерам,11 класс
,Совместная программа по экономике НИУ ВШЭ и РЭШ,Межрегиональная олимпиада школьников «Евразийская лингвистическая олимпиада»,иностранный язык,иностранный язык,иностранный язык,75 и более,Право на 100 баллов,иностранный язык,Победителям и призерам,11 класс
,Совместная программа по экономике НИУ ВШЭ и РЭШ,Межрегиональная олимпиада школьников имени И.Я. Верченко,математика,"математика, криптография",математика,75 и более,Право на 100 баллов,математика,Победителям и призерам,11 класс
,Совместная программа по экономике НИУ ВШЭ и РЭШ,Межрегиональная олимпиада школьников на базе ведомственных образовательных организаций,иностранный язык,иностранный язык,иностранный язык,75 и более,Право на 100 баллов,иностранный язык,Победителям и призерам,11 класс
,Совместная программа по экономике НИУ ВШЭ и РЭШ,Межрегиональные предметные олимпиады федерального государственного автономного образовательного учреждения высшего образования «Казанский (Приволжский) федеральный университет»,русский язык,русский язык,русский язык,75 и более,Право на 100 баллов,русский язык,Победителям и призерам,11 класс
,Совместная программа по экономике НИУ ВШЭ и РЭШ,Московская олимпиада школьников,экономика,экономика,экономика,75 и более,Право на 100 баллов,математика,Победителям и призерам,11 класс
,Совместная программа по экономике НИУ ВШЭ и РЭШ,Объединенная межвузовская олимпиада школьников,экономика,экономика,математика,75 и более,Право на 100 баллов,математика,Победителям и призерам,11 класс
,Совместная программа по экономике НИУ ВШЭ и РЭШ,«Формула Единства»/«Третье тысячелетие»,экономика,экономика,математика,75 и более,Право на 100 баллов,математика,Победителям и призерам,11 класс
,Совместная программа по экономике НИУ ВШЭ и РЭШ,Океан знаний,русский язык,русский язык,русский язык,75 и более,Право на 100 баллов,русский язык,Победителям и призерам,11 класс
,Совместная программа по экономике НИУ ВШЭ и РЭШ,Олимпиада Курчатов,математика,математика,математика,75 и более,Право на 100 баллов,математика,Победителям и призерам,11 класс
,Совместная программа по экономике НИУ ВШЭ и РЭШ,Олимпиада РГТУ для школьников,русский язык,русский язык,русский язык,75 и более,Право на 100 баллов,русский язык,Победителям и призерам,11 класс
,Совместная программа по экономике НИУ ВШЭ и РЭШ,Международная олимпиада «Innopolis Open»,иностранный язык,иностранный язык,иностранный язык,75 и более,Право на 100 баллов,иностранный язык,Победителям и призерам,11 класс
,Совместная программа по экономике НИУ ВШЭ и РЭШ,Олимпиада школьников «Ломоносов»,математика,математика,математика,75 и более,Право на 100 баллов,математика,Победителям и призерам,11 класс
,Совместная программа по экономике НИУ ВШЭ и РЭШ,Олимпиада школьников «Ломоносов»,иностранный язык,иностранный язык,иностранный язык,75 и более,Право на 100 баллов,иностранный язык,Победителям и призерам,11 класс
,Совместная программа по экономике НИУ ВШЭ и РЭШ,Олимпиада школьников «Покори Воробьевы горы!»,математика,математика,математика,75 и более,Право на 100 баллов,математика,Победителям и призерам,11 класс
,Совместная программа по экономике НИУ ВШЭ и РЭШ,Олимпиада школьников «Покори Воробьевы горы!»,иностранный язык,иностранный язык,иностранный язык,75 и более,Право на 100 баллов,иностранный язык,Победителям и призерам,11 класс
,Совместная программа по экономике НИУ ВШЭ и РЭШ,Олимпиада школьников «Фигтех»,математика,математика,математика,75 и более,Право на 100 баллов,математика,Победителям и призерам,11 класс
,Совместная программа по экономике НИУ ВШЭ и РЭШ,Олимпиада школьников «Шаг в будущее»,математика,математика,математика,75 и более,Право на 100 баллов,математика,Победителям и призерам,11 класс
,Совместная программа по экономике НИУ ВШЭ и РЭШ,Олимпиада школьников по экономике в рамках международного экономического фестиваля школьников «Сибириада. Шаг в мечту»,экономика,экономика,математика,75 и более,Право на прием БВИ,математика,Победителям и призерам,11 класс
,Совместная программа по экономике НИУ ВШЭ и РЭШ,Олимпиада школьников по экономике в рамках международного экономического фестиваля школьников «Сибириада. Шаг в мечту»,экономика,экономика,обществознание,75 и более,Право на 100 баллов,обществознание,Победителям и призерам,11 класс
,Совместная программа по экономике НИУ ВШЭ и РЭШ,Олимпиада школьников Российской академии народного хозяйства и государственной службы при Президенте Российской Федерации,экономика,экономика,обществознание,75 и более,Право на 100 баллов,обществознание,Победителям и призерам,11 класс
,Совместная программа по экономике НИУ ВШЭ и РЭШ,Олимпиада школьников Российской академии народного хозяйства и государственной службы при Президенте Российской Федерации,экономика,экономика,иностранный язык,75 и более,Право на 100 баллов,иностранный язык,Победителям и призерам,11 класс
,Совместная программа по экономике НИУ ВШЭ и РЭШ,Олимпиада школьников Санкт-Петербургского государственного университета,экономика,экономика,обществознание,75 и более,Право на 100 баллов,обществознание,Победителям и призерам,11 класс
,Совместная программа по экономике НИУ ВШЭ и РЭШ,Олимпиада школьников Санкт-Петербургского государственного университета,математика,математика,математика,75 и более,Право на 100 баллов,математика,Победителям и призерам,11 класс
,Совместная программа по экономике НИУ ВШЭ и РЭШ,Олимпиада школьников Санкт-Петербургского государственного университета,иностранный язык,иностранный язык,иностранный язык,75 и более,Право на 100 баллов,иностранный язык,Победителям и призерам,11 класс
,Совместная программа по экономике НИУ ВШЭ и РЭШ,Олимпиада Юношеской математической школы,математика,математика,математика,75 и более,Право на 100 баллов,математика,Победителям и призерам,11 класс
,Совместная программа по экономике НИУ ВШЭ и РЭШ,Открытая олимпиада школьников,математика,математика,математика,75 и более,Право на 100 баллов,математика,Победителям и призерам,11 класс
,Совместная программа по экономике НИУ ВШЭ и РЭШ,Открытая региональная межвузовская олимпиада школьников (ОРМО) с международным участием,русский язык,русский язык,русский язык,75 и более,Право на 100 баллов,русский язык,Победителям и призерам,11 класс
,Совместная программа по экономике НИУ ВШЭ и РЭШ,Отраслевая физико-математическая олимпиада школьников «Росатом»,математика,математика,математика,75 и более,Право на 100 баллов,математика,Победителям и призерам,11 класс
,Совместная программа по экономике НИУ ВШЭ и РЭШ,Плехановская олимпиада школьников,экономика,"обществознание, математика",обществознание,75 и более,Право на 100 баллов,обществознание,Победителям и призерам,11 класс
,Совместная программа по экономике НИУ ВШЭ и РЭШ,Плехановская олимпиада школьников,русский язык,русский язык,русский язык,75 и более,Право на 100 баллов,русский язык,Победителям и призерам,11 класс
,Совместная программа по экономике НИУ ВШЭ и РЭШ,Региональный конкурс школьников Челябинского университетского образовательного округа,иностранный язык,иностранный язык,иностранный язык,75 и более,Право на 100 баллов,иностранный язык,Победителям и призерам,11 класс
,Совместная программа по экономике НИУ ВШЭ и РЭШ,Санкт-Петербургская олимпиада школьников,математика,математика,математика,75 и более,Право на 100 баллов,математика,Победителям и призерам,11 класс
,Совместная программа по экономике НИУ ВШЭ и РЭШ,Турнир городов,математика,математика,математика,75 и более,Право на 100 баллов,математика,Победителям и призерам,11 класс
,Совместная программа по экономике НИУ ВШЭ и РЭШ,Турнир имени М.В. Ломоносова,математика,математика,математика,75 и более,Право на 100 баллов,математика,Победителям и призерам,11 класс
,Совместная программа по экономике НИУ ВШЭ и РЭШ,Турнир имени М.В. Ломоносова,лингвистика,"русский язык, иностранный язык, математика",русский язык,75 и более,Право на 100 баллов,русский язык,Победителям и призерам,11 класс
,Совместная программа по экономике НИУ ВШЭ и РЭШ,Университетская олимпиада школьников «Бельчонок»,математика,математика,математика,75 и более,Право на 100 баллов,математика,Победителям и призерам,11 класс
,Совместная программа по экономике НИУ ВШЭ и РЭШ,Университетская олимпиада школьников «Бельчонок»,экономика,экономика,математика,75 и более,Право на прием БВИ,математика,Победителям и призерам,11 класс
,Совместная программа по экономике НИУ ВШЭ и РЭШ,Университетская олимпиада школьников «Бельчонок»,математика,математика,математика,75 и более,Право на прием БВИ,математика,Победителям и призерам,11 класс
,Совместная программа по экономике НИУ ВШЭ и РЭШ,Олимпиада РГТУ для школьников,русский язык,русский язык,русский язык,75 и более,Право на 100 баллов,русский язык,Победителям и призерам,11 класс
,Совместная программа по экономике НИУ ВШЭ и РЭШ,Олимпиада РГТУ для школьников,иностранный язык,иностранный язык,иностранный язык,75 и более,Право на 100 баллов,иностранный язык,Победителям и призерам,11 класс
,Совместная программа по экономике НИУ ВШЭ и РЭШ,Плехановская олимпиада школьников,русский язык,русский язык,русский язык,75 и более,Право на 100 баллов,русский язык,Победителям и призерам,11 класс
,Совместная программа по экономике НИУ ВШЭ и РЭШ,Плехановская олимпиада школьников,иностранный язык,иностранный язык,иностранный язык,75 и более,Право на 100 баллов,иностранный язык,Победителям и призерам,11 класс
,Совместная программа по экономике НИУ ВШЭ и РЭШ,Всероссийская открытая олимпиада школьников,математика,математика,математика,75 и более,Право на 100 баллов,математика,Победителям и призерам,11 класс
,Совместная программа по экономике НИУ ВШЭ и РЭШ,Отраслевая физико-математическая олимпиада школьников «Росатом»,математика,математика,математика,75 и более,Право на 100 баллов,математика,Победителям и призерам,11 класс
,Совместная программа по экономике НИУ ВШЭ и РЭШ,Олимпиада Курчатов,математика,математика,математика,75 и более,Право на 100 баллов,математика,Победителям и призерам,11 класс
,Совместная программа по экономике НИУ ВШЭ и РЭШ,Международная олимпиада школьников Уральского федерального университета «Изумруд»,русский язык,русский язык,русский язык,75 и более,Право на 100 баллов,русский язык,Победителям и призерам,11 класс
,Совместная программа по экономике НИУ ВШЭ и РЭШ,Международная олимпиада школьников Уральского федерального университета «Изумруд»,математика,математика,математика,75 и более,Право на 100 баллов,математика,Победителям и призерам,11 класс
,Совместная программа по экономике НИУ ВШЭ и РЭШ,Турнир имени М.В. Ломоносова,лингвистика,"русский язык, иностранный язык, математика",иностранный язык,75 и более,Право на 100 баллов,иностранный язык,Победителям и призерам,11 класс
,Совместная программа по экономике НИУ ВШЭ и РЭШ,Всероссийская олимпиада школьников «Высшая проба»,математика,математика,математика,75 и более,Право на прием БВИ,математика,Победителям,11 класс
,Совместная программа по экономике НИУ ВШЭ и РЭШ,,,математика,75 и более,Право на 100 баллов,математика,Победителям и призерам,11 класс
,Совместная программа по экономике НИУ ВШЭ и РЭШ,Всероссийская олимпиада школьников «Высшая проба»,финансовая грамотность,экономика,обществознание,75 и более,Право на прием БВИ,обществознание,Победителям,11 класс
,Совместная программа по экономике НИУ ВШЭ и РЭШ,,,обществознание,75 и более,Право на 100 баллов,обществознание,Победителям и призерам,11 класс
,Совместная программа по экономике НИУ ВШЭ и РЭШ,Всероссийская олимпиада школьников «Высшая проба»,информатика,информатика,математика,75 и более,Право на прием БВИ,математика,Победителям,11 класс
,Совместная программа по экономике НИУ ВШЭ и РЭШ,,,информатика,75 и более,Право на прием БВИ,информатика,Победителям,11 класс
,Совместная программа по экономике НИУ ВШЭ и РЭШ,,,математика,75 и более,Право на 100 баллов,математика,Победителям и призерам,11 класс
,Совместная программа по экономике НИУ ВШЭ и РЭШ,,,информатика,75 и более,Право на 100 баллов,информатика,Победителям и призерам,11 класс
,Совместная программа по экономике НИУ ВШЭ и РЭШ,Всероссийская олимпиада школьников «Высшая проба»,анализ данных,"компьютерные и информационные науки, информатика и вычислительная техника",математика,75 и более,Право на прием БВИ,математика,Победителям,11 класс
,Совместная программа по экономике НИУ ВШЭ и РЭШ,,,информатика,75 и более,Право на прием БВИ,информатика,Победителям,11 класс
,Совместная программа по экономике НИУ ВШЭ и РЭШ,,,математика,75 и более,Право на 100 баллов,математика,Победителям и призерам,11 класс
,Совместная программа по экономике НИУ ВШЭ и РЭШ,,,информатика,75 и более,Право на 100 баллов,информатика,Победителям и призерам,11 класс
,Совместная программа по экономике НИУ ВШЭ и РЭШ,Всероссийская олимпиада школьников «Высшая проба»,экономика,экономика,математика,75 и более,Право на прием БВИ,математика,Победителям,11 класс
,Совместная программа по экономике НИУ ВШЭ и РЭШ,,,обществознание,75 и более,Право на 100 баллов,обществознание,Победителям и призерам,11 класс
,Совместная программа по экономике НИУ ВШЭ и РЭШ,Всероссийская олимпиада школьников «Высшая проба»,обществознание,обществознание,обществознание,75 и более,Право на 100 баллов,обществознание,Победителям и призерам,11 класс
,Совместная программа по экономике НИУ ВШЭ и РЭШ,Всероссийская олимпиада школьников «Высшая проба»,русский язык,русский язык,русский язык,75 и более,Право на 100 баллов,русский язык,Победителям и призерам,11 класс
,Совместная программа по экономике НИУ ВШЭ и РЭШ,Всероссийская олимпиада школьников «Высшая проба»,иностранный язык,иностранный язык,иностранный язык,75 и более,Право на 100 баллов,иностранный язык,Победителям и призерам,11 класс
,Совместная программа по экономике НИУ ВШЭ и РЭШ,Всероссийская олимпиада школьников «Миссия выполнима. Твое призвание - финансист!»,обществознание,обществознание,обществознание,75 и более,Право на 100 баллов,обществознание,Победителям,11 класс
,Совместная программа по экономике НИУ ВШЭ и РЭШ,Всероссийская олимпиада школьников «Миссия выполнима. Твое призвание - финансист!»,экономика,экономика,обществознание,75 и более,Право на 100 баллов,обществознание,Победителям,11 класс
,Совместная программа по экономике НИУ ВШЭ и РЭШ,Всероссийская открытая олимпиада школьников,математика,математика,математика,75 и более,Право на прием БВИ,математика,Победителям и призерам,11 класс
,Совместная программа по экономике НИУ ВШЭ и РЭШ,Всероссийская экономическая олимпиада школьников имени Н.Д. Кондратьева,экономика,экономика,математика,75 и более,Право на 100 баллов,математика,Победителям,11 класс
,Совместная программа по экономике НИУ ВШЭ и РЭШ,Всероссийская академическая олимпиада школьников имени В.И. Вернадского,экономика,экономика,обществознание,75 и более,Право на 100 баллов,обществознание,Победителям,11 класс
,Совместная программа по экономике НИУ ВШЭ и РЭШ,Международная олимпиада школьников «Евразийская лингвистическая олимпиада»,иностранный язык,иностранный язык,иностранный язык,75 и более,Право на 100 баллов,иностранный язык,Победителям и призерам,11 класс
,Совместная программа по экономике НИУ ВШЭ и РЭШ,Межрегиональные предметные олимпиады федерального государственного автономного образовательного учреждения высшего образования «Казанский (Приволжский) федеральный университет»,иностранный язык,иностранный язык,иностранный язык,75 и более,Право на 100 баллов,иностранный язык,Победителям,11 класс
,Совместная программа по экономике НИУ ВШЭ и РЭШ,Межрегиональные предметные олимпиады федерального государственного автономного образовательного учреждения высшего образования «Казанский (Приволжский) федеральный университет»,русский язык,русский язык,русский язык,75 и более,Право на 100 баллов,русский язык,Победителям,11 класс
,Совместная программа по экономике НИУ ВШЭ и РЭШ,Олимпиада по экономике в рамках международного экономического фестиваля школьников «Сибириада. Шаг в мечту»,экономика,экономика,математика,75 и более,Право на прием БВИ,математика,Победителям и призерам,11 класс
,Совместная программа по экономике НИУ ВШЭ и РЭШ,Олимпиада по экономике в рамках международного экономического фестиваля школьников «Сибириада. Шаг в мечту»,экономика,экономика,обществознание,75 и более,Право на 100 баллов,обществознание,Победителям и призерам,11 класс
,Совместная программа по экономике НИУ ВШЭ и РЭШ,Московская олимпиада школьников,обществознание,обществознание,обществознание,75 и более,Право на 100 баллов,обществознание,Победителям и призерам,11 класс
,Совместная программа по экономике НИУ ВШЭ и РЭШ,Московская олимпиада школьников,лингвистика,иностранный язык,иностранный язык,75 и более,Право на 100 баллов,иностранный язык,Победителям и призерам,11 класс
,Совместная программа по экономике НИУ ВШЭ и РЭШ,Московская олимпиада школьников,финансовая грамотность,экономика,математика,75 и более,Право на 100 баллов,математика,Победителям и призерам,11 класс
,Совместная программа по экономике НИУ ВШЭ и РЭШ,Московская олимпиада школьников,математика,математика,математика,75 и более,Право на прием БВИ,математика,Победителям и призерам,11 класс
,Совместная программа по экономике НИУ ВШЭ и РЭШ,,,математика,75 и более,Право на 100 баллов,математика,Победителям и призерам,11 класс
,Совместная программа по экономике НИУ ВШЭ и РЭШ,Московская олимпиада школьников,информатика,информатика,математика,75 и более,Право на прием БВИ,математика,Победителям и призерам,11 класс
,Совместная программа по экономике НИУ ВШЭ и РЭШ,,,информатика,75 и более,Право на 100 баллов,информатика,Победителям и призерам,11 класс
,Совместная программа по экономике НИУ ВШЭ и РЭШ,Московская олимпиада школьников,экономика,экономика,математика,75 и более,Право на прием БВИ,математика,Победителям и призерам,11 класс
,Совместная программа по экономике НИУ ВШЭ и РЭШ,,,обществознание,75 и более,Право на 100 баллов,обществознание,Победителям и призерам,11 класс
,Совместная программа по экономике НИУ ВШЭ и РЭШ,Олимпиада РГТУ для школьников,русский язык,русский язык,русский язык,75 и более,Право на 100 баллов,русский язык,Победителям и призерам,11 класс
,Совместная программа по экономике НИУ ВШЭ и РЭШ,Олимпиада РГТУ для школьников,иностранный язык,иностранный язык,иностранный язык,75 и более,Право на 100 баллов,иностранный язык,Победителям и призерам,11 класс
,Совместная программа по экономике НИУ ВШЭ и РЭШ,Олимпиада школьников «Ломоносов»,математика,математика,математика,75 и более,Право на прием БВИ,математика,Победителям,11 класс
,Совместная программа по экономике НИУ ВШЭ и РЭШ,,,математика,75 и более,Право на 100 баллов,математика,Победителям и призерам,11 класс
,Совместная программа по экономике НИУ ВШЭ и РЭШ,Олимпиада школьников «Ломоносов»,обществознание,обществознание,обществознание,75 и более,Право на 100 баллов,обществознание,Победителям и призерам,11 класс
,Совместная программа по экономике НИУ ВШЭ и РЭШ,Олимпиада школьников «Ломоносов»,русский язык,русский язык,русский язык,75 и более,Право на 100 баллов,русский язык,Победителям и призерам,11 класс
,Совместная программа по экономике НИУ ВШЭ и РЭШ,Олимпиада школьников «Ломоносов»,иностранный язык,иностранный язык,иностранный язык,75 и более,Право на 100 баллов,иностранный язык,Победителям и призерам,11 класс
,Совместная программа по экономике НИУ ВШЭ и РЭШ,Олимпиада школьников «Фигтех»,математика,математика,математика,75 и более,Право на 100 баллов,математика,Победителям и призерам,11 класс
,Совместная программа по экономике НИУ ВШЭ и РЭШ,Олимпиада школьников «Покори Воробьевы горы!»,математика,математика,математика,75 и более,Право на 100 баллов,математика,Победителям и призерам,11 класс
,Совместная программа по экономике НИУ ВШЭ и РЭШ,Олимпиада школьников «Покори Воробьевы горы!»,обществознание,обществознание,обществознание,75 и более,Право на 100 баллов,обществознание,Победителям и призерам,11 класс
,Совместная программа по экономике НИУ ВШЭ и РЭШ,Олимпиада школьников «Покори Воробьевы горы!»,иностранный язык,иностранный язык,иностранный язык,75 и более,Право на 100 баллов,иностранный язык,Победителям и призерам,11 класс
,Совместная программа по экономике НИУ ВШЭ и РЭШ,Олимпиада школьников Российской академии народного хозяйства и государственной службы при Президенте Российской Федерации,обществознание,обществознание,обществознание,75 и более,Право на 100 баллов,обществознание,Победителям и призерам,11 класс
,Совместная программа по экономике НИУ ВШЭ и РЭШ,Олимпиада школьников Российской академии народного хозяйства и государственной службы при Президенте Российской Федерации,иностранный язык,иностранный язык,иностранный язык,75 и более,Право на 100 баллов,иностранный язык,Победителям и призерам,11 класс
,Совместная программа по экономике НИУ ВШЭ и РЭШ,Олимпиада школьников Российской академии народного хозяйства и государственной службы при Президенте Российской Федерации,финансовая грамотность,экономика,обществознание,75 и более,Право на 100 баллов,обществознание,Победителям,11 класс
,Совместная программа по экономике НИУ ВШЭ и РЭШ,Олимпиада школьников Санкт-Петербургского государственного университета,обществознание,обществознание,обществознание,75 и более,Право на 100 баллов,обществознание,Победителям и призерам,11 класс
,Совместная программа по экономике НИУ ВШЭ и РЭШ,Олимпиада школьников Санкт-Петербургского государственного университета,иностранный язык,иностранный язык,иностранный язык,75 и более,Право на 100 баллов,иностранный язык,Победителям и призерам,11 класс
,Совместная программа по экономике НИУ ВШЭ и РЭШ,Плехановская олимпиада школьников,русский язык,русский язык,русский язык,75 и более,Право на 100 баллов,русский язык,Победителям и призерам,11 класс
,Совместная программа по экономике НИУ ВШЭ и РЭШ,Плехановская олимпиада школьников,иностранный язык,иностранный язык,иностранный язык,75 и более,Право на 100 баллов,иностранный язык,Победителям и призерам,11 класс
,Совместная программа по экономике НИУ ВШЭ и РЭШ,Плехановская олимпиада школьников,финансовая грамотность,"обществознание, математика",обществознание,75 и более,Право на 100 баллов,обществознание,Победителям и призерам,11 класс
,Совместная программа по экономике НИУ ВШЭ и РЭШ,Турнир имени М.В. Ломоносова,лингвистика,"русский язык, иностранный язык, математика",иностранный язык,75 и более,Право на 100 баллов,иностранный язык,Победителям и призерам,11 класс
,Совместная программа по экономике НИУ ВШЭ и РЭШ,Санкт-Петербургская олимпиада школьников,математика,математика,математика,75 и более,Право на 100 баллов,математика,Победителям и призерам,11 класс
,Совместная программа по экономике НИУ ВШЭ и РЭШ,Турнир городов,математика,математика,математика,75 и более,Право на 100 баллов,математика,Победителям и призерам,11 класс
,Совместная программа по экономике НИУ ВШЭ и РЭШ,Всероссийская олимпиада школьников «Высшая проба»,экономика,экономика,математика,75 и более,Право на прием БВИ,математика,Победителям,11 класс
,Совместная программа по экономике НИУ ВШЭ и РЭШ,,,математика,75 и более,Право на 100 баллов,математика,Победителям и призерам,11 класс
,Совместная программа по экономике НИУ ВШЭ и РЭШ,,,обществознание,75 и более,Право на 100 баллов,обществознание,Победителям и призерам,11 класс
,Совместная программа по экономике НИУ ВШЭ и РЭШ,Всероссийская олимпиада школьников «Высшая проба»,финансовая грамотность,экономика,обществознание,75 и более,Право на прием БВИ,обществознание,Победителям,11 класс
,Совместная программа по экономике НИУ ВШЭ и РЭШ,,,обществознание,75 и более,Право на 100 баллов,обществознание,Победителям и призерам,11 класс
,Совместная программа по экономике НИУ ВШЭ и РЭШ,Всероссийская олимпиада школьников «Высшая проба»,русский язык,русский язык,русский язык,75 и более,Право на 100 баллов,русский язык,Победителям и призерам,11 класс
,Совместная программа по экономике НИУ ВШЭ и РЭШ,Всероссийская олимпиада школьников «Высшая проба»,математика,математика,математика,75 и более,Право на прием БВИ,математика,Победителям,11 класс
,Совместная программа по экономике НИУ ВШЭ и РЭШ,,,математика,75 и более,Право на 100 баллов,математика,Победителям и призерам,11 класс
,Совместная программа по экономике НИУ ВШЭ и РЭШ,Всероссийская олимпиада школьников «Высшая проба»,иностранный язык,иностранный язык,иностранный язык,75 и более,Право на 100 баллов,иностранный язык,Победителям и призерам,11 класс
,Совместная программа по экономике НИУ ВШЭ и РЭШ,Всероссийская олимпиада школьников «Высшая проба»,обществознание,обществознание,обществознание,75 и более,Право на 100 баллов,обществознание,Победителям и призерам,11 класс
,Совместная программа по экономике НИУ ВШЭ и РЭШ,Всероссийская олимпиада школьников «Высшая проба»,анализ данных,"компьютерные и информационные науки, информатика и вычислительная техника",математика,75 и более,Право на прием БВИ,математика,Победителям,11 класс
,Совместная программа по экономике НИУ ВШЭ и РЭШ,,,математика,75 и более,Право на 100 баллов,математика,Победителям и призерам,11 класс
,Совместная программа по экономике НИУ ВШЭ и РЭШ,,,информатика,75 и более,Право на прием БВИ,информатика,Победителям,11 класс
,Совместная программа по экономике НИУ ВШЭ и РЭШ,,,информатика,75 и более,Право на 100 баллов,информатика,Победителям и призерам,11 класс
,Совместная программа по экономике НИУ ВШЭ и РЭШ,Всероссийская олимпиада школьников «Миссия выполнима. Твое призвание - финансист!»,экономика,экономика,обществознание,75 и более,Право на 100 баллов,обществознание,Победителям и призерам,11 класс
,Совместная программа по экономике НИУ ВШЭ и РЭШ,Международная олимпиада по финансовой безопасности,финансовая безопасность,"экономика и управление, информационная безопасность",математика,75 и более,Право на прием БВИ,математика,Победителям и призерам,11 класс
,Совместная программа по экономике НИУ ВШЭ и РЭШ,,,математика,75 и более,Право на 100 баллов,математика,Победителям и призерам,11 класс
,Совместная программа по экономике НИУ ВШЭ и РЭШ,Всероссийская экономическая олимпиада школьников имени Н.Д. Кондратьева,экономика,экономика,математика,75 и более,Право на 100 баллов,математика,Победителям и призерам,11 класс
,Совместная программа по экономике НИУ ВШЭ и РЭШ,Всероссийская академическая олимпиада школьников имени В.И. Вернадского,экономика,экономика,математика,75 и более,Право на 100 баллов,математика,Победителям и призерам,11 класс
,Совместная программа по экономике НИУ ВШЭ и РЭШ,Всероссийская открытая олимпиада школьников,математика,математика,математика,75 и более,Право на 100 баллов,математика,Победителям и призерам,11 класс
,Совместная программа по экономике НИУ ВШЭ и РЭШ,Герценовская олимпиада школьников,иностранный язык,иностранный язык,иностранный язык,75 и более,Право на 100 баллов,иностранный язык,Победителям и призерам,11 класс
,Совместная программа по экономике НИУ ВШЭ и РЭШ,Международная олимпиада школьников Уральского федерального университета «Изумруд»,русский язык,русский язык,русский язык,75 и более,Право на 100 баллов,русский язык,Победителям и призерам,11 класс
,Совместная программа по экономике НИУ ВШЭ и РЭШ,Межрегиональная олимпиада школьников «Будущие исследователи - будущее науки»,математика,математика,математика,75 и более,Право на 100 баллов,математика,Победителям и призерам,11 класс
,Совместная программа по экономике НИУ ВШЭ и РЭШ,Межрегиональная олимпиада школьников «Евразийская лингвистическая олимпиада»,иностранный язык,иностранный язык,иностранный язык,75 и более,Право на 100 баллов,иностранный язык,Победителям и призерам,11 класс
,Совместная программа по экономике НИУ ВШЭ и РЭШ,Межрегиональная олимпиада школьников имени И.Я. Верченко,математика,"математика, криптография",математика,75 и более,Право на 100 баллов,математика,Победителям и призерам,11 класс
,Совместная программа по экономике НИУ ВШЭ и РЭШ,Межрегиональная олимпиада школьников на базе ведомственных образовательных организаций,иностранный язык,иностранный язык,иностранный язык,75 и более,Право на 100 баллов,иностранный язык,Победителям и призерам,11 класс
,Совместная программа по экономике НИУ ВШЭ и РЭШ,Межрегиональные предметные олимпиады федерального государственного автономного образовательного учреждения высшего образования «Казанский (Приволжский) федеральный университет»,русский язык,русский язык,русский язык,75 и более,Право на 100 баллов,русский язык,Победителям и призерам,11 класс
,Совместная программа по экономике НИУ ВШЭ и РЭШ,Московская олимпиада школьников,экономика,экономика,экономика,75 и более,Право на 100 баллов,математика,Победителям и призерам,11 класс
,Совместная программа по экономике НИУ ВШЭ и РЭШ,Объединенная межвузовская олимпиада школьников,экономика,экономика,математика,75 и более,Право на 100 баллов,математика,Победителям и призерам,11 класс
,Совместная программа по экономике НИУ ВШЭ и РЭШ,«Формула Единства»/«Третье тысячелетие»,экономика,экономика,математика,75 и более,Право на 100 баллов,математика,Победителям и призерам,11 класс
,Совместная программа по экономике НИУ ВШЭ и РЭШ,Океан знаний,русский язык,русский язык,русский язык,75 и более,Право на 100 баллов,русский язык,Победителям и призерам,11 класс
,Совместная программа по экономике НИУ ВШЭ и РЭШ,Олимпиада Курчатов,математика,математика,математика,75 и более,Право на 100 баллов,математика,Победителям и призерам,11 класс
,Совместная программа по экономике НИУ ВШЭ и РЭШ,Олимпиада РГТУ для школьников,русский язык,русский язык,русский язык,75 и более,Право на 100 баллов,русский язык,Победителям и призерам,11 класс
,Совместная программа по экономике НИУ ВШЭ и РЭШ,Международная олимпиада «Innopolis Open»,иностранный язык,иностранный язык,иностранный язык,75 и более,Право на 100 баллов,иностранный язык,Победителям и призерам,11 класс
,Совместная программа по экономике НИУ ВШЭ и РЭШ,Олимпиада школьников «Ломоносов»,математика,математика,математика,75 и более,Право на 100 баллов,математика,Победителям и призерам,11 класс
,Совместная программа по экономике НИУ ВШЭ и РЭШ,Олимпиада школьников «Ломоносов»,иностранный язык,иностранный язык,иностранный язык,75 и более,Право на 100 баллов,иностранный язык,Победителям и призерам,11 класс
,Совместная программа по экономике НИУ ВШЭ и РЭШ,Олимпиада школьников «Покори Воробьевы горы!»,математика,математика,математика,75 и более,Право на 100 баллов,математика,Победителям и призерам,11 класс
,Совместная программа по экономике НИУ ВШЭ и РЭШ,Олимпиада школьников «Покори Воробьевы горы!»,иностранный язык,иностранный язык,иностранный язык,75 и более,Право на 100 баллов,иностранный язык,Победителям и призерам,11 класс
,Совместная программа по экономике НИУ ВШЭ и РЭШ,Олимпиада школьников «Фигтех»,математика,математика,математика,75 и более,Право на 100 баллов,математика,Победителям и призерам,11 класс
,Совместная программа по экономике НИУ ВШЭ и РЭШ,Олимпиада школьников «Шаг в будущее»,математика,математика,математика,75 и более,Право на 100 баллов,математика,Победителям и призерам,11 класс
,Совместная программа по экономике НИУ ВШЭ и РЭШ,Олимпиада школьников по экономике в рамках международного экономического фестиваля школьников «Сибириада. Шаг в мечту»,экономика,экономика,математика,75 и более,Право на прием БВИ,математика,Победителям и призерам,11 класс
,Совместная программа по экономике НИУ ВШЭ и РЭШ,Олимпиада школьников по экономике в рамках международного экономического фестиваля школьников «Сибириада. Шаг в мечту»,экономика,экономика,обществознание,75 и более,Право на 100 баллов,обществознание,Победителям и призерам,11 класс
,Совместная программа по экономике НИУ ВШЭ и РЭШ,Олимпиада школьников Российской академии народного хозяйства и государственной службы при Президенте Российской Федерации,экономика,экономика,обществознание,75 и более,Право на 100 баллов,обществознание,Победителям и призерам,11 класс
,Совместная программа по экономике НИУ ВШЭ и РЭШ,Олимпиада школьников Российской академии народного хозяйства и государственной службы при Президенте Российской Федерации,экономика,экономика,иностранный язык,75 и более,Право на 100 баллов,иностранный язык,Победителям и призерам,11 класс
,Совместная программа по экономике НИУ ВШЭ и РЭШ,Олимпиада школьников Санкт-Петербургского государственного университета,экономика,экономика,обществознание,75 и более,Право на 100 баллов,обществознание,Победителям и призерам,11 класс
,Совместная программа по экономике НИУ ВШЭ и РЭШ,Олимпиада школьников Санкт-Петербургского государственного университета,математика,математика,математика,75 и более,Право на 100 баллов,математика,Победителям и призерам,11 класс
,Совместная программа по экономике НИУ ВШЭ и РЭШ,Олимпиада школьников Санкт-Петербургского государственного университета,иностранный язык,иностранный язык,иностранный язык,75 и более,Право на 100 баллов,иностранный язык,Победителям и призерам,11 класс
,Совместная программа по экономике НИУ ВШЭ и РЭШ,Олимпиада Юношеской математической школы,математика,математика,математика,75 и более,Право на 100 баллов,математика,Победителям и призерам,11 класс
,Совместная программа по экономике НИУ ВШЭ и РЭШ,Открытая олимпиада школьников,математика,математика,математика,75 и более,Право на 100 баллов,математика,Победителям и призерам,11 класс
,Совместная программа по экономике НИУ ВШЭ и РЭШ,Открытая региональная межвузовская олимпиада школьников (ОРМО) с международным участием,русский язык,русский язык,русский язык,75 и более,Право на 100 баллов,русский язык,Победителям и призерам,11 класс
,Совместная программа по экономике НИУ ВШЭ и РЭШ,Отраслевая физико-математическая олимпиада школьников «Росатом»,математика,математика,математика,75 и более,Право на 100 баллов,математика,Победителям и призерам,11 класс
,Совместная программа по экономике НИУ ВШЭ и РЭШ,Плехановская олимпиада школьников,экономика,"обществознание, математика",обществознание,75 и более,Право на 100 баллов,обществознание,Победителям и призерам,11 класс
,Совместная программа по экономике НИУ ВШЭ и РЭШ,Плехановская олимпиада школьников,русский язык,русский язык,русский язык,75 и более,Право на 100 баллов,русский язык,Победителям и призерам,11 класс
,Совместная программа по экономике НИУ ВШЭ и РЭШ,Региональный конкурс школьников Челябинского университетского образовательного округа,иностранный язык,иностранный язык,иностранный язык,75 и более,Право на 100 баллов,иностранный язык,Победителям и призерам,11 класс
,Совместная программа по экономике НИУ ВШЭ и РЭШ,Санкт-Петербургская олимпиада школьников,математика,математика,математика,75 и более,Право на 100 баллов,математика,Победителям и призерам,11 класс
,Совместная программа по экономике НИУ ВШЭ и РЭШ,Турнир городов,математика,математика,математика,75 и более,Право на 100 баллов,математика,Победителям и призерам,11 класс
,Совместная программа по экономике НИУ ВШЭ и РЭШ,Турнир имени М.В. Ломоносова,математика,математика,математика,75 и более,Право на 100 баллов,математика,Победителям и призерам,11 класс
,Совместная программа по экономике НИУ ВШЭ и РЭШ,Турнир имени М.В. Ломоносова,лингвистика,"русский язык, иностранный язык, математика",русский язык,75 и более,Право на 100 баллов,русский язык,Победителям и призерам,11 класс
,Совместная программа по экономике НИУ ВШЭ и РЭШ,Университетская олимпиада школьников «Бельчонок»,математика,математика,математика,75 и более,Право на 100 баллов,математика,Победителям и призерам,11 класс
,Совместная программа по экономике НИУ ВШЭ и РЭШ,Университетская олимпиада школьников «Бельчонок»,экономика,экономика,математика,75 и более,Право на прием БВИ,математика,Победителям и призерам,11 класс
,Совместная программа по экономике НИУ ВШЭ и РЭШ,Университетская олимпиада школьников «Бельчонок»,математика,математика,математика,75 и более,Право на прием БВИ,математика,Победителям и призерам,11 класс
,Совместная программа по экономике НИУ ВШЭ и РЭШ,Олимпиада РГТУ для школьников,русский язык,русский язык,русский язык,75 и более,Право на 100 баллов,русский язык,Победителям и призерам,11 класс
,Совместная программа по экономике НИУ ВШЭ и РЭШ,Олимпиада РГТУ для школьников,иностранный язык,иностранный язык,иностранный язык,75 и более,Право на 100 баллов,иностранный язык,Победителям и призерам,11 класс
,Совместная программа по экономике НИУ ВШЭ и РЭШ,Плехановская олимпиада школьников,русский язык,русский язык,русский язык,75 и более,Право на 100 баллов,русский язык,Победителям и призерам,11 класс
,Совместная программа по экономике НИУ ВШЭ и РЭШ,Плехановская олимпиада школьников,иностранный язык,иностранный язык,иностранный язык,75 и более,Право на 100 баллов,иностранный язык,Победителям и призерам,11 класс
,Совместная программа по экономике НИУ ВШЭ и РЭШ,Всероссийская открытая олимпиада школьников,математика,математика,математика,75 и более,Право на 100 баллов,математика,Победителям и призерам,11 класс
,Совместная программа по экономике НИУ ВШЭ и РЭШ,Отраслевая физико-математическая олимпиада школьников «Росатом»,математика,математика,математика,75 и более,Право на 100 баллов,математика,Победителям и призерам,11 класс
,Совместная программа по экономике НИУ ВШЭ и РЭШ,Олимпиада Курчатов,математика,математика,математика,75 и более,Право на 100 баллов,математика,Победителям и призерам,11 класс
,Совместная программа по экономике НИУ ВШЭ и РЭШ,Международная олимпиада школьников Уральского федерального университета «Изумруд»,русский язык,русский язык,русский язык,75 и более,Право на 100 баллов,русский язык,Победителям и призерам,11 класс
,Совместная программа по экономике НИУ ВШЭ и РЭШ,Международная олимпиада школьников Уральского федерального университета «Изумруд»,математика,математика,математика,75 и более,Право на 100 баллов,математика,Победителям и призерам,11 класс
,Совместная программа по экономике НИУ ВШЭ и РЭШ,Турнир имени М.В. Ломоносова,лингвистика,"русский язык, иностранный язык, математика",иностранный язык,75 и более,Право на 100 баллов,иностранный язык,Победителям и призерам,11 класс
30,Экономический анализ,Межрегиональные предметные олимпиады федерального государственного автономного образовательного учреждения высшего образования «Казанский (Приволжский) федеральный университет»,иностранный язык,иностранный язык,иностранный язык,75 и более,Право на 100 баллов,иностранный язык,Победителям,11 класс
,Экономический анализ,Межрегиональные предметные олимпиады федерального государственного автономного образовательного учреждения высшего образования «Казанский (Приволжский) федеральный университет»,русский язык,русский язык,русский язык,75 и более,Право на 100 баллов,русский язык,Победителям,11 класс
,Экономический анализ,Олимпиада по экономике в рамках международного экономического фестиваля школьников «Сибириада. Шаг в мечту»,экономика,экономика,математика,75 и более,Право на прием БВИ,математика,Победителям и призерам,11 класс
,Экономический анализ,Олимпиада по экономике в рамках международного экономического фестиваля школьников «Сибириада. Шаг в мечту»,экономика,экономика,обществознание,75 и более,Право на 100 баллов,обществознание,Победителям и призерам,11 класс
,Экономический анализ,Московская олимпиада школьников,обществознание,обществознание,обществознание,75 и более,Право на 100 баллов,обществознание,Победителям и призерам,11 класс
,Экономический анализ,Московская олимпиада школьников,лингвистика,иностранный язык,иностранный язык,75 и более,Право на 100 баллов,иностранный язык,Победителям и призерам,11 класс
,Экономический анализ,Московская олимпиада школьников,финансовая грамотность,экономика,математика,75 и более,Право на 100 баллов,математика,Победителям и призерам,11 класс
,Экономический анализ,Московская олимпиада школьников,математика,математика,математика,75 и более,Право на прием БВИ,математика,Победителям и призерам,11 класс
,Экономический анализ,,,математика,75 и более,Право на 100 баллов,математика,Победителям и призерам,11 класс
,Экономический анализ,Московская олимпиада школьников,информатика,информатика,математика,75 и более,Право на прием БВИ,математика,Победителям и призерам,11 класс
,Экономический анализ,,,информатика,75 и более,Право на 100 баллов,информатика,Победителям и призерам,11 класс
,Экономический анализ,Московская олимпиада школьников,экономика,экономика,математика,75 и более,Право на прием БВИ,математика,Победителям и призерам,11 класс
,Экономический анализ,,,обществознание,75 и более,Право на 100 баллов,обществознание,Победителям и призерам,11 класс
,Экономический анализ,Олимпиада РГТУ для школьников,русский язык,русский язык,русский язык,75 и более,Право на 100 баллов,русский язык,Победителям и призерам,11 класс
,Экономический анализ,Олимпиада РГТУ для школьников,иностранный язык,иностранный язык,иностранный язык,75 и более,Право на 100 баллов,иностранный язык,Победителям и призерам,11 класс
,Экономический анализ,Олимпиада школьников «Ломоносов»,математика,математика,математика,75 и более,Право на прием БВИ,математика,Победителям,11 класс
,Экономический анализ,,,математика,75 и более,Право на 100 баллов,математика,Победителям и призерам,11 класс
,Экономический анализ,Олимпиада школьников «Ломоносов»,обществознание,обществознание,обществознание,75 и более,Право на 100 баллов,обществознание,Победителям и призерам,11 класс
,Экономический анализ,Олимпиада школьников «Ломоносов»,русский язык,русский язык,русский язык,75 и более,Право на 100 баллов,русский язык,Победителям и призерам,11 класс
,Экономический анализ,Олимпиада школьников «Ломоносов»,иностранный язык,иностранный язык,иностранный язык,75 и более,Право на 100 баллов,иностранный язык,Победителям и призерам,11 класс
,Экономический анализ,Олимпиада школьников «Фигтех»,математика,математика,математика,75 и более,Право на 100 баллов,математика,Победителям и призерам,11 класс
,Экономический анализ,Олимпиада школьников «Покори Воробьевы горы!»,математика,математика,математика,75 и более,Право на 100 баллов,математика,Победителям и призерам,11 класс
,Экономический анализ,Олимпиада школьников «Покори Воробьевы горы!»,обществознание,обществознание,обществознание,75 и более,Право на 100 баллов,обществознание,Победителям и призерам,11 класс
,Экономический анализ,Олимпиада школьников «Покори Воробьевы горы!»,иностранный язык,иностранный язык,иностранный язык,75 и более,Право на 100 баллов,иностранный язык,Победителям и призерам,11 класс
,Экономический анализ,Олимпиада школьников Российской академии народного хозяйства и государственной службы при Президенте Российской Федерации,обществознание,обществознание,обществознание,75 и более,Право на 100 баллов,обществознание,Победителям и призерам,11 класс
,Экономический анализ,Олимпиада школьников Российской академии народного хозяйства и государственной службы при Президенте Российской Федерации,иностранный язык,иностранный язык,иностранный язык,75 и более,Право на 100 баллов,иностранный язык,Победителям и призерам,11 класс
,Экономический анализ,Олимпиада школьников Российской академии народного хозяйства и государственной службы при Президенте Российской Федерации,финансовая грамотность,экономика,обществознание,75 и более,Право на 100 баллов,обществознание,Победителям,11 класс
,Экономический анализ,Олимпиада школьников Санкт-Петербургского государственного университета,обществознание,обществознание,обществознание,75 и более,Право на 100 баллов,обществознание,Победителям и призерам,11 класс
,Экономический анализ,Олимпиада школьников Санкт-Петербургского государственного университета,иностранный язык,иностранный язык,иностранный язык,75 и более,Право на 100 баллов,иностранный язык,Победителям и призерам,11 класс
,Экономический анализ,Плехановская олимпиада школьников,русский язык,русский язык,русский язык,75 и более,Право на 100 баллов,русский язык,Победителям и призерам,11 класс
,Экономический анализ,Плехановская олимпиада школьников,иностранный язык,иностранный язык,иностранный язык,75 и более,Право на 100 баллов,иностранный язык,Победителям и призерам,11 класс
,Экономический анализ,Плехановская олимпиада школьников,финансовая грамотность,"обществознание, математика",обществознание,75 и более,Право на 100 баллов,обществознание,Победителям и призерам,11 класс
,Экономический анализ,Турнир имени М.В. Ломоносова,лингвистика,"русский язык, иностранный язык, математика",иностранный язык,75 и более,Право на 100 баллов,иностранный язык,Победителям и призерам,11 класс
,Экономический анализ,Санкт-Петербургская олимпиада школьников,математика,математика,математика,75 и более,Право на 100 баллов,математика,Победителям и призерам,11 класс
,Экономический анализ,Турнир городов,математика,математика,математика,75 и более,Право на 100 баллов,математика,Победителям и призерам,11 класс
,Направление подготовки 38.03.02 Менеджмент,Всероссийская олимпиада школьников «Высшая проба»,математика,математика,математика,75 и более,Право на прием БВИ,математика,Победителям и призерам,11 класс
,Направление подготовки 38.03.02 Менеджмент,Всероссийская олимпиада школьников «Высшая проба»,русский язык,русский язык,русский язык,75 и более,Право на 100 баллов,русский язык,Победителям и призерам,11 класс
,Направление подготовки 38.03.02 Менеджмент,Всероссийская олимпиада школьников «Высшая проба»,экономика,экономика,математика,75 и более,Право на прием БВИ,математика,Победителям и призерам,11 класс
,Направление подготовки 38.03.02 Менеджмент,Всероссийская олимпиада школьников «Высшая проба»,иностранный язык,иностранный язык,иностранный язык,75 и более,Право на 100 баллов,иностранный язык,Победителям и призерам,11 класс
,Направление подготовки 38.03.02 Менеджмент,Всероссийская олимпиада школьников «Высшая проба»,основы бизнеса,экономика и управление,математика,75 и более,Право на прием БВИ,математика,Победителям и призерам,11 класс
,Направление подготовки 38.03.02 Менеджмент,Всероссийская олимпиада школьников «Высшая проба»,финансовая грамотность,экономика,математика,75 и более,Право на 100 баллов,математика,Победителям и призерам,11 класс
,Направление подготовки 38.03.02 Менеджмент,Всероссийская академическая олимпиада школьников имени В.И. Вернадского,экономика,экономика,математика,75 и более,Право на прием БВИ,математика,Победителям и призерам,11 класс
,Направление подготовки 38.03.02 Менеджмент,Всероссийская экономическая олимпиада школьников имени Н.Д. Кондратьева,экономика,экономика,математика,75 и более,Право на прием БВИ,математика,Победителям и призерам,11 класс
,Направление подготовки 38.03.02 Менеджмент,Всероссийская открытая олимпиада школьников,математика,математика,математика,75 и более,Право на прием БВИ,математика,Победителям и призерам,11 класс
,Направление подготовки 38.03.02 Менеджмент,Герценовская олимпиада школьников,иностранный язык,иностранный язык,иностранный язык,75 и более,Право на 100 баллов,иностранный язык,Победителям и призерам,11 класс
,Направление подготовки 38.03.02 Менеджмент,Межрегиональная олимпиада школьников «Будущие исследователи - будущее науки»,математика,математика,математика,75 и более,Право на 100 баллов,математика,Победителям и призерам,11 класс
,Направление подготовки 38.03.02 Менеджмент,Межрегиональная олимпиада школьников «Евразийская лингвистическая олимпиада»,русский язык,русский язык,русский язык,75 и более,Право на 100 баллов,русский язык,Победителям и призерам,11 класс
,Направление подготовки 38.03.02 Менеджмент,Межрегиональные предметные олимпиады федерального государственного автономного образовательного учреждения высшего образования «Казанский (Приволжский) федеральный университет»,иностранный язык,иностранный язык,иностранный язык,75 и более,Право на 100 баллов,иностранный язык,Победителям и призерам,11 класс
,Направление подготовки 38.03.02 Менеджмент,Московская олимпиада школьников,лингвистика,математика,математика,75 и более,Право на прием БВИ,математика,Победителям и призерам,11 класс
,Направление подготовки 38.03.02 Менеджмент,Московская олимпиада школьников,иностранный язык,иностранный язык,иностранный язык,75 и более,Право на 100 баллов,иностранный язык,Победителям и призерам,11 класс
,Направление подготовки 38.03.02 Менеджмент,Всероссийская олимпиада школьников «Высшая проба»,русский язык,русский язык,русский язык,75 и более,Право на 100 баллов,русский язык,Победителям и призерам,11 класс
,Направление подготовки 38.03.02 Менеджмент,Всероссийская олимпиада школьников «Высшая проба»,экономика,экономика,математика,75 и более,Право на прием БВИ,математика,Победителям и призерам,11 класс
,Направление подготовки 38.03.02 Менеджмент,Всероссийская олимпиада школьников «Высшая проба»,иностранный язык,иностранный язык,иностранный язык,75 и более,Право на 100 баллов,иностранный язык,Победителям и призерам,11 класс
,Направление подготовки 38.03.02 Менеджмент,Основы бизнеса,экономика и управление,математика,75 и более,Право на прием БВИ,математика,Победителям и призерам,11 класс
,Направление подготовки 38.03.02 Менеджмент,,экономика и управление,математика,75 и более,Право на прием БВИ,математика,Победителям и призерам,11 класс
,Направление подготовки 38.03.02 Менеджмент,Финансовая грамотность,экономика,математика,75 и более,Право на прием БВИ,математика,Победителям и призерам,11 класс
,Направление подготовки 38.03.02 Менеджмент,,математика,математика,75 и более,Право на прием БВИ,математика,Победителям и призерам,11 класс
,Направление подготовки 38.03.02 Менеджмент,Всероссийская академическая олимпиада школьников имени В.И. Вернадского,экономика,математика,75 и более,Право на прием БВИ,математика,Победителям и призерам,11 класс
,Направление подготовки 38.03.02 Менеджмент,,экономика,математика,75 и более,Право на прием БВИ,математика,Победителям и призерам,11 класс
,Направление подготовки 38.03.02 Менеджмент,Всероссийская экономическая олимпиада школьников имени Н.Д. Кондратьева,экономика,математика,75 и более,Право на прием БВИ,математика,Победителям и призерам,11 класс
,Направление подготовки 38.03.02 Менеджмент,,экономика,математика,75 и более,Право на прием БВИ,математика,Победителям и призерам,11 класс
,Направление подготовки 38.03.02 Менеджмент,Весенбирская открытая олимпиада школьников,математика,математика,75 и более,Право на прием БВИ,математика,Победителям и призерам,11 класс
,Направление подготовки 38.03.02 Менеджмент,,математика,математика,75 и более,Право на прием БВИ,математика,Победителям и призерам,11 класс
,Направление подготовки 38.03.02 Менеджмент,Герценовская олимпиада школьников,иностранный язык,иностранный язык,иностранный язык,75 и более,Право на 100 баллов,иностранный язык,Победителям и призерам,11 класс
,Направление подготовки 38.03.02 Менеджмент,,математика,математика,математика,75 и более,Право на прием БВИ,математика,Победителям и призерам,11 класс
,Направление подготовки 38.03.02 Менеджмент,Межрегиональная олимпиада школьников «Будущие исследователи - будущее науки»,русский язык,русский язык,русский язык,75 и более,Право на 100 баллов,русский язык,Победителям и призерам,11 класс
,Направление подготовки 38.03.02 Менеджмент,,иностранный язык,иностранный язык,иностранный язык,75 и более,Право на 100 баллов,иностранный язык,Победителям и призерам,11 класс
,Направление подготовки 38.03.02 Менеджмент,Межрегиональная олимпиада школьников «Евразийская лингвистическая олимпиада»,иностранный язык,иностранный язык,иностранный язык,75 и более,Право на 100 баллов,иностранный язык,Победителям и призерам,11 класс
,Направление подготовки 38.03.02 Менеджмент,,математика,математика,математика,75 и более,Право на 100 баллов,математика,Победителям и призерам,11 класс
,Направление подготовки 38.03.02 Менеджмент,Межрегиональная олимпиада школьников на базе ведомственных образовательных организаций,иностранный язык,иностранный язык,иностранный язык,75 и более,Право на 100 баллов,иностранный язык,Победителям и призерам,11 класс
,Направление подготовки 38.03.02 Менеджмент,,иностранный язык,иностранный язык,иностранный язык,75 и более,Право на 100 баллов,иностранный язык,Победителям и призерам,11 класс
,Направление подготовки 38.03.02 Менеджмент,Межрегиональные предметные олимпиады федерального государственного автономного образовательного учреждения высшего образования «Казанский (Приволжский) федеральный университет»,иностранный язык,иностранный язык,иностранный язык,75 и более,Право на 100 баллов,иностранный язык,Победителям и призерам,11 класс
,Направление подготовки 38.03.02 Менеджмент,,математика,математика,математика,75 и более,Право на прием БВИ,математика,Победителям и призерам,11 класс
,Направление подготовки 38.03.02 Менеджмент,Московская олимпиада школьников,лингвистика,математика,математика,75 и более,Право на 100 баллов,русский язык,Победителям и призерам,11 класс
,Направление подготовки 38.03.02 Менеджмент,,иностранный язык,иностранный язык,иностранный язык,75 и более,Право на 100 баллов,иностранный язык,Победителям и призерам,11 класс
,Направление подготовки 38.03.02 Менеджмент,Объединенная межвузовская олимпиада школьников,экономика,экономика,математика,75 и более,Право на прием БВИ,математика,Победителям и призерам,11 класс
,Направление подготовки 38.03.02 Менеджмент,,математика,математика,математика,75 и более,Право на прием БВИ,математика,Победителям и призерам,11 класс
32,Маркетинг и рыночная аналитика,«Формула Единства»/«Третье тысячелетие»,математика,математика,математика,75 и более,Право на прием БВИ,математика,Победителям,11 класс
,Маркетинг и рыночная аналитика,,математика,математика,математика,75 и более,Право на 100 баллов,математика,Победителям и призерам,11 класс
,Маркетинг и рыночная аналитика,Олимпиада Курчатов,математика,математика,математика,75 и более,Право на прием БВИ,математика,Победителям,11 класс
,Маркетинг и рыночная аналитика,,математика,математика,математика,75 и более,Право на 100 баллов,математика,Победителям и призерам,11 класс
,Маркетинг и рыночная аналитика,Олимпиада РГТУ для школьников,русский язык,русский язык,русский язык,75 и более,Право на 100 баллов,русский язык,Победителям и призерам,11 класс
,Маркетинг и рыночная аналитика,,иностранный язык,иностранный язык,иностранный язык,75 и более,Право на 100 баллов,иностранный язык,Победителям и призерам,11 класс
,Маркетинг и рыночная аналитика,Международная олимпиада «Innopolis Open»,математика,математика,математика,75 и более,Право на прием БВИ,математика,Победителям,11 класс
,Маркетинг и рыночная аналитика,,математика,математика,математика,75 и более,Право на 100 баллов,математика,Победителям и призерам,11 класс
,Маркетинг и рыночная аналитика,Олимпиада школьников «Ломоносов»,математика,математика,математика,75 и более,Право на прием БВИ,математика,Победителям,11 класс
,Маркетинг и рыночная аналитика,,математика,математика,математика,75 и более,Право на 100 баллов,математика,Победителям и призерам,11 класс
,Маркетинг и рыночная аналитика,,русский язык,русский язык,русский язык,75 и более,Право на 100 баллов,русский язык,Победителям и призерам,11 класс
,Маркетинг и рыночная аналитика,,иностранный язык,иностранный язык,иностранный язык,75 и более,Право на 100 баллов,иностранный язык,Победителям и призерам,11 класс
,Маркетинг и рыночная аналитика,Олимпиада школьников «Покори Воробьевы горы!»,математика,математика,математика,75 и более,Право на прием БВИ,математика,Победителям и призерам,11 класс
,Маркетинг и рыночная аналитика,,математика,математика,математика,75 и более,Право на 100 баллов,математика,Победителям и призерам,11 класс
,Маркетинг и рыночная аналитика,,иностранный язык,иностранный язык,иностранный язык,75 и более,Право на 100 баллов,иностранный язык,Победителям и призерам,11 класс
,Маркетинг и рыночная аналитика,Олимпиада школьников «Фигтех»,математика,математика,математика,75 и более,Право на прием БВИ,математика,Победителям и призерам,11 класс
,Маркетинг и рыночная аналитика,,математика,математика,математика,75 и более,Право на 100 баллов,математика,Победителям и призерам,11 класс
,Маркетинг и рыночная аналитика,Олимпиада школьников «Шаг в будущее»,математика,математика,математика,75 и более,Право на 100 баллов,математика,Победителям и призерам,11 класс
,Маркетинг и рыночная аналитика,Олимпиада школьников по экономике в рамках международного экономического фестиваля школьников «Сибириада. Шаг в мечту»,экономика,экономика,математика,75 и более,Право на прием БВИ,математика,Победителям,11 класс
,Маркетинг и рыночная аналитика,,экономика,экономика,математика,75 и более,Право на 100 баллов,математика,Победителям и призерам,11 класс
,Маркетинг и рыночная аналитика,Олимпиада школьников Российской академии народного хозяйства и государственной службы при Президенте Российской Федерации,иностранный язык,иностранный язык,иностранный язык,75 и более,Право на 100 баллов,иностранный язык,Победителям и призерам,11 класс
,Маркетинг и рыночная аналитика,Олимпиада школьников Санкт-Петербургского государственного университета,математика,математика,математика,75 и более,Право на прием БВИ,математика,Победителям,11 класс
,Маркетинг и рыночная аналитика,,математика,математика,математика,75 и более,Право на 100 баллов,математика,Победителям и призерам,11 класс
,Маркетинг и рыночная аналитика,,иностранный язык,иностранный язык,иностранный язык,75 и более,Право на 100 баллов,иностранный язык,Победителям и призерам,11 класс
,Маркетинг и рыночная аналитика,,экономика,экономика,математика,75 и более,Право на прием БВИ,математика,Победителям,11 класс
,Маркетинг и рыночная аналитика,,экономика,экономика,математика,75 и более,Право на 100 баллов,математика,Победителям и призерам,11 класс
,Маркетинг и рыночная аналитика,Олимпиада Юношеской математической школы,математика,математика,математика,75 и более,Право на прием БВИ,математика,Победителям,11 класс
,Маркетинг и рыночная аналитика,,математика,математика,математика,75 и более,Право на 100 баллов,математика,Победителям и призерам,11 класс
,Маркетинг и рыночная аналитика,Открытая олимпиада школьников,математика,математика,математика,75 и более,Право на 100 баллов,математика,Победителям и призерам,11 класс
,Маркетинг и рыночная аналитика,Открытая региональная межвузовская олимпиада школьников (ОРМО) с международным участием,русский язык,русский язык,русский язык,75 и более,Право на 100 баллов,русский язык,Победителям и призерам,11 класс
,Маркетинг и рыночная аналитика,Отраслевая физико-математическая олимпиада школьников «Росатом»,математика,математика,математика,75 и более,Право на прием БВИ,математика,Победителям,11 класс
,Маркетинг и рыночная аналитика,,математика,математика,математика,75 и более,Право на 100 баллов,математика,Победителям и призерам,11 класс
,Маркетинг и рыночная аналитика,Плехановская олимпиада школьников,русский язык,русский язык,русский язык,75 и более,Право на 100 баллов,русский язык,Победителям и призерам,11 класс
,Маркетинг и рыночная аналитика,Санкт-Петербургская олимпиада школьников,математика,математика,математика,75 и более,Право на прием БВИ,математика,Победителям,11 класс
,Маркетинг и рыночная аналитика,,математика,математика,математика,75 и более,Право на 100 баллов,математика,Победителям и призерам,11 класс
,Маркетинг и рыночная аналитика,Турнир городов,математика,математика,математика,75 и более,Право на прием БВИ,математика,Победителям,11 класс
,Маркетинг и рыночная аналитика,,математика,математика,математика,75 и более,Право на 100 баллов,математика,Победителям и призерам,11 класс
,Маркетинг и рыночная аналитика,Турнир имени М.В. Ломоносова,математика,математика,математика,75 и более,Право на прием БВИ,математика,Победителям,11 класс
,Маркетинг и рыночная аналитика,,математика,математика,математика,75 и более,Право на 100 баллов,математика,Победителям и призерам,11 класс
,Маркетинг и рыночная аналитика,,лингвистика,"русский язык, иностранный язык, математика",русский язык,75 и более,Право на 100 баллов,русский язык,Победителям и призерам,11 класс
,Маркетинг и рыночная аналитика,,лингвистика,"русский язык, иностранный язык, математика",иностранный язык,75 и более,Право на 100 баллов,иностранный язык,Победителям и призерам,11 класс
,Маркетинг и рыночная аналитика,Всероссийская олимпиада школьников «Высшая проба»,математика,математика,математика,75 и более,Право на прием БВИ,математика,Победителям,11 класс
,Маркетинг и рыночная аналитика,,математика,математика,математика,75 и более,Право на 100 баллов,математика,Победителям и призерам,11 класс
,Маркетинг и рыночная аналитика,,русский язык,русский язык,русский язык,75 и более,Право на 100 баллов,русский язык,Победителям и призерам,11 класс
,Маркетинг и рыночная аналитика,,экономика,экономика,математика,75 и более,Право на прием БВИ,математика,Победителям,11 класс
,Маркетинг и рыночная аналитика,,экономика,экономика,математика,75 и более,Право на 100 баллов,математика,Победителям и призерам,11 класс
,Маркетинг и рыночная аналитика,,иностранный язык,иностранный язык,иностранный язык,75 и более,Право на 100 баллов,иностранный язык,Победителям и призерам,11 класс
,Маркетинг и рыночная аналитика,,основы бизнеса,экономика и управление,математика,75 и более,Право на прием БВИ,математика,Победителям,11 класс
,Маркетинг и рыночная аналитика,,основы бизнеса,экономика и управление,математика,75 и более,Право на 100 баллов,математика,Победителям и призерам,11 класс
,Маркетинг и рыночная аналитика,,финансовая грамотность,экономика,математика,75 и более,Право на прием БВИ,математика,Победителям,11 класс
,Маркетинг и рыночная аналитика,,финансовая грамотность,экономика,математика,75 и более,Право на 100 баллов,математика,Победителям и призерам,11 класс
,Маркетинг и рыночная аналитика,Всероссийская олимпиада школьников «Миссия выполнима. Твое призвание - финансист!»,математика,математика,математика,75 и более,Право на 100 баллов,математика,Победителям и призерам,11 класс
,Маркетинг и рыночная аналитика,Всероссийская академическая олимпиада школьников имени В.И. Вернадского,экономика,экономика,математика,75 и более,Право на прием БВИ,математика,Победителям,11 класс
,Маркетинг и рыночная аналитика,,экономика,экономика,математика,75 и более,Право на 100 баллов,математика,Победителям и призерам,11 класс
,Маркетинг и рыночная аналитика,Всероссийская экономическая олимпиада школьников имени Н.Д. Кондратьева,экономика,экономика,математика,75 и более,Право на прием БВИ,математика,Победителям,11 класс
,Маркетинг и рыночная аналитика,,экономика,экономика,математика,75 и более,Право на 100 баллов,математика,Победителям и призерам,11 класс
,Маркетинг и рыночная аналитика,Всероссийская открытая олимпиада школьников,математика,математика,математика,75 и более,Право на 100 баллов,математика,Победителям и призерам,11 класс
,Маркетинг и рыночная аналитика,Герценовская олимпиада школьников,иностранный язык,иностранный язык,иностранный язык,75 и более,Право на 100 баллов,иностранный язык,Победителям и призерам,11 класс
,Маркетинг и рыночная аналитика,Межрегиональная олимпиада школьников «Будущие исследователи - будущее науки»,математика,математика,математика,75 и более,Право на 100 баллов,математика,Победителям и призерам,11 класс
,Маркетинг и рыночная аналитика,,русский язык,русский язык,русский язык,75 и более,Право на 100 баллов,русский язык,Победителям и призерам,11 класс
,Маркетинг и рыночная аналитика,Межрегиональная олимпиада школьников «Евразийская лингвистическая олимпиада»,иностранный язык,иностранный язык,иностранный язык,75 и более,Право на 100 баллов,иностранный язык,Победителям и призерам,11 класс
,Маркетинг и рыночная аналитика,Межрегиональная олимпиада школьников на базе ведомственных образовательных организаций,математика,математика,математика,75 и более,Право на 100 баллов,математика,Победителям и призерам,11 класс
,Маркетинг и рыночная аналитика,,иностранный язык,иностранный язык,иностранный язык,75 и более,Право на 100 баллов,иностранный язык,Победителям и призерам,11 класс
,Международный бизнес,Межрегиональные предметные олимпиады федерального государственного автономного образовательного учреждения высшего образования «Казанский (Приволжский) федеральный университет»,иностранный язык,иностранный язык,иностранный язык,75 и более,Право на 100 баллов,иностранный язык,Победителям и призерам,11 класс
,Международный бизнес,Московская олимпиада школьников,математика,математика,75 и более,Право на прием БВИ,математика,Победителям,11 класс
,Международный бизнес,,лингвистика,лингвистика,75 и более,Право на 100 баллов,математика,Победителям и призерам,11 класс
,Международный бизнес,Объединенная межвузовская олимпиада школьников,экономика,экономика,75 и более,Право на прием БВИ,математика,Победителям и призерам,11 класс
,Международный бизнес,,математика,математика,75 и более,Право на 100 баллов,математика,Победителям и призерам,11 класс
,Международный бизнес,«Формула Единства»/«Третье тысячелетие»,математика,математика,75 и более,Право на прием БВИ,математика,Победителям и призерам,11 класс
,Международный бизнес,,математика,математика,75 и более,Право на 100 баллов,математика,Победителям и призерам,11 класс
,Международный бизнес,Олимпиада Курчатов,математика,математика,75 и более,Право на прием БВИ,математика,Победителям и призерам,11 класс
,Международный бизнес,,русский язык,русский язык,75 и более,Право на 100 баллов,русский язык,Победителям и призерам,11 класс
,Международный бизнес,Олимпиада РГТУ для школьников,иностранный язык,иностранный язык,иностранный язык,75 и более,Право на 100 баллов,иностранный язык,Победителям и призерам,11 класс
,Международный бизнес,,математика,математика,75 и более,Право на прием БВИ,математика,Победителям и призерам,11 класс
,Международный бизнес,Международная олимпиада «Innopolis Open»,математика,математика,75 и более,Право на 100 баллов,математика,Победителям и призерам,11 класс
,Международный бизнес,,математика,математика,75 и более,Право на прием БВИ,математика,Победителям и призерам,11 класс
,Международный бизнес,Олимпиада школьников «Ломоносов»,русский язык,русский язык,75 и более,Право на 100 баллов,русский язык,Победителям и призерам,11 класс
,Международный бизнес,,иностранный язык,иностранный язык,иностранный язык,75 и более,Право на 100 баллов,иностранный язык,Победителям и призерам,11 класс
,Международный бизнес,Олимпиада школьников «Покори Воробьевы горы!»,математика,математика,75 и более,Право на прием БВИ,математика,Победителям и призерам,11 класс
,Международный бизнес,,математика,математика,75 и более,Право на 100 баллов,математика,Победителям и призерам,11 класс
,Международный бизнес,Олимпиада школьников «Физтех»,русский язык,русский язык,75 и более,Право на 100 баллов,русский язык,Победителям и призерам,11 класс
,Международный бизнес,,иностранный язык,иностранный язык,иностранный язык,75 и более,Право на 100 баллов,иностранный язык,Победителям и призерам,11 класс
,Международный бизнес,Олимпиада школьников «Шаг в будущее»,математика,математика,75 и более,Право на прием БВИ,математика,Победителям и призерам,11 класс
,Международный бизнес,,математика,математика,75 и более,Право на 100 баллов,математика,Победителям и призерам,11 класс
,Международный бизнес,Олимпиада школьников по экономике в рамках международного экономического фестиваля школьников «Сибириада. Шаг в мечту»,экономика,экономика,75 и более,Право на прием БВИ,математика,Победителям и призерам,11 класс
,Международный бизнес,,экономика,экономика,75 и более,Право на 100 баллов,экономика,Победителям и призерам,11 класс
,Международный бизнес,Олимпиада школьников Российской академии народного хозяйства и государственной службы при Президенте Российской Федерации,иностранный язык,иностранный язык,иностранный язык,75 и более,Право на 100 баллов,иностранный язык,Победителям и призерам,11 класс
,Международный бизнес,Олимпиада школьников Санкт-Петербургского государственного университета,математика,математика,математика,75 и более,Право на прием БВИ,математика,Победителям,11 класс
,Международный бизнес,,математика,математика,математика,75 и более,Право на 100 баллов,математика,Победителям и призерам,11 класс
,Международный бизнес,,иностранный язык,иностранный язык,иностранный язык,75 и более,Право на 100 баллов,иностранный язык,Победителям и призерам,11 класс
,Международный бизнес,,экономика,экономика,математика,75 и более,Право на прием БВИ,математика,Победителям,11 класс
,Международный бизнес,,экономика,экономика,математика,75 и более,Право на 100 баллов,математика,Победителям и призерам,11 класс
,Международный бизнес,Олимпиада Юношеской математической школы,математика,математика,математика,75 и более,Право на прием БВИ,математика,Победителям,11 класс
,Международный бизнес,,математика,математика,математика,75 и более,Право на 100 баллов,математика,Победителям и призерам,11 класс
,Международный бизнес,Открытая олимпиада школьников,математика,математика,математика,75 и более,Право на 100 баллов,математика,Победителям и призерам,11 класс
,Международный бизнес,Открытая региональная межвузовская олимпиада школьников (ОРМО) с международным участием,русский язык,русский язык,русский язык,75 и более,Право на 100 баллов,русский язык,Победителям и призерам,11 класс
,Международный бизнес,Отраслевая физико-математическая олимпиада школьников «Росатом»,математика,математика,математика,75 и более,Право на прием БВИ,математика,Победителям,11 класс
,Международный бизнес,,математика,математика,математика,75 и более,Право на 100 баллов,математика,Победителям и призерам,11 класс
,Международный бизнес,Плехановская олимпиада школьников,русский язык,русский язык,русский язык,75 и более,Право на 100 баллов,русский язык,Победителям и призерам,11 класс
,Международный бизнес,Санкт-Петербургская олимпиада школьников,математика,математика,математика,75 и более,Право на прием БВИ,математика,Победителям,11 класс
,Международный бизнес,,математика,математика,математика,75 и более,Право на 100 баллов,математика,Победителям и призерам,11 класс
,Международный бизнес,Турнир городов,математика,математика,математика,75 и более,Право на прием БВИ,математика,Победителям,11 класс
,Международный бизнес,,математика,математика,математика,75 и более,Право на 100 баллов,математика,Победителям и призерам,11 класс
,Международный бизнес,Турнир имени М.В. Ломоносова,математика,математика,математика,75 и более,Право на прием БВИ,математика,Победителям,11 класс
,Международный бизнес,,математика,математика,математика,75 и более,Право на 100 баллов,математика,Победителям и призерам,11 класс
,Международный бизнес,,лингвистика,"русский язык, иностранный язык, математика",русский язык,75 и более,Право на 100 баллов,русский язык,Победителям и призерам,11 класс
,Международный бизнес,,лингвистика,"русский язык, иностранный язык, математика",иностранный язык,75 и более,Право на 100 баллов,иностранный язык,Победителям и призерам,11 класс
,Направление подготовки 38.03.04 Государственное и муниципальное управление,Всероссийская олимпиада школьников «Высшая проба»,обществознание,обществознание,обществознание/история,75 и более,Право на прием БВИ,обществознание/история,Победителям,11 класс
,Направление подготовки 38.03.04 Государственное и муниципальное управление,Всероссийская олимпиада школьников «Высшая проба»,обществознание,обществознание,обществознание/история,75 и более,Право на 100 баллов,обществознание/история,Победителям и призерам,"10, 11 класс"
,Направление подготовки 38.03.04 Государственное и муниципальное управление,Всероссийская олимпиада школьников «Высшая проба»,политология,политические науки и регионоведение,обществознание/история,75 и более,Право на 100 баллов,обществознание/история,Победителям и призерам,"10, 11 класс"
,Направление подготовки 38.03.04 Государственное и муниципальное управление,Всероссийская олимпиада школьников «Высшая проба»,экономика,экономика,математика,75 и более,Право на прием БВИ,математика,Победителям,11 класс
,Направление подготовки 38.03.04 Государственное и муниципальное управление,Всероссийская олимпиада школьников «Высшая проба»,экономика,экономика,математика,75 и более,Право на 100 баллов,математика,Победителям и призерам,"10, 11 класс"
,Направление подготовки 38.03.04 Государственное и муниципальное управление,Всероссийская олимпиада школьников «Высшая проба»,математика,математика,математика,75 и более,Право на прием БВИ,математика,Победителям,11 класс
,Направление подготовки 38.03.04 Государственное и муниципальное управление,Всероссийская олимпиада школьников «Высшая проба»,математика,математика,математика,75 и более,Право на 100 баллов,математика,Победителям и призерам,"10, 11 класс"
,Направление подготовки 38.03.04 Государственное и муниципальное управление,Всероссийская олимпиада школьников «Высшая проба»,русский язык,русский язык,русский язык,75 и более,Право на 100 баллов,русский язык,Победителям и призерам,"10, 11 класс"
,Направление подготовки 38.03.04 Государственное и муниципальное управление,Всероссийская олимпиада школьников «Высшая проба»,анализ данных,"компьютерные и информационные науки, информатика и вычислительная техника",математика,75 и более,Право на 100 баллов,математика,Победителям и призерам,11 класс
,Направление подготовки 38.03.04 Государственное и муниципальное управление,Всероссийская олимпиада школьников «Высшая проба»,международные отношения,политические науки и регионоведение,обществознание/история,75 и более,Право на 100 баллов,обществознание/история,Победителям и призерам,"10, 11 класс"
,Направление подготовки 38.03.04 Государственное и муниципальное управление,Всероссийская олимпиада школьников «Высшая проба»,право,право,история/обществознание,75 и более,Право на прием БВИ,история/обществознание,Победителям,11 класс
,Направление подготовки 38.03.04 Государственное и муниципальное управление,,,,история/обществознание,75 и более,Право на 100 баллов,история/обществознание,Победителям и призерам,"10, 11 класс"
,Направление подготовки 38.03.04 Государственное и муниципальное управление,Всероссийская олимпиада школьников «Высшая проба»,история,история,история/обществознание,75 и более,Право на прием БВИ,история/обществознание,Победителям,"10, 11 класс"
,Направление подготовки 38.03.04 Государственное и муниципальное управление,,,история/обществознание,75 и более,Право на 100 баллов,история/обществознание,Победителям и призерам,"10, 11 класс"
,Направление подготовки 38.03.04 Государственное и муниципальное управление,Всероссийская олимпиада школьников «Высшая проба»,география,география,история,75 и более,Право на 100 баллов,история,Победителям и призерам,"10, 11 класс"
,Направление подготовки 38.03.04 Государственное и муниципальное управление,Всероссийская олимпиада школьников «Высшая проба»,финансовая грамотность,экономика,математика,75 и более,Право на 100 баллов,математика,Победителям и призерам,"10, 11 класс"
,Направление подготовки 38.03.04 Государственное и муниципальное управление,Всероссийская олимпиада школьников «Высшая проба»,социология,социология и социальная работа,обществознание,75 и более,Право на 100 баллов,обществознание,Победителям и призерам,"10, 11 класс"
,Направление подготовки 38.03.04 Государственное и муниципальное управление,Всероссийская открытая олимпиада школьников,математика,математика,математика,75 и более,Право на 100 баллов,математика,Победителям и призерам,11 класс
,Направление подготовки 38.03.04 Государственное и муниципальное управление,Всероссийская открытая олимпиада школьников,информатика,информатика,математика,75 и более,Право на 100 баллов,математика,Победителям и призерам,11 класс
,Направление подготовки 38.03.04 Государственное и муниципальное управление,Межрегиональная олимпиада школьников «Будущие исследователи - будущее науки",история,история,история/обществознание,75 и более,Право на 100 баллов,история/обществознание,Победителям и призерам,"10, 11 класс"
,Направление подготовки 38.03.04 Государственное и муниципальное управление,Кутафинская олимпиада школьников по праву,право,право,история/обществознание,75 и более,Право на прием БВИ,история/обществознание,Победителям,11 класс
,Направление подготовки 38.03.04 Государственное и муниципальное управление,,право,право,история/обществознание,75 и более,Право на 100 баллов,история/обществознание,Победителям и призерам,"10, 11 класс"
,Направление подготовки 38.03.04 Государственное и муниципальное управление,Всероссийская академическая олимпиада школьников имени В.И. Вернадского,экономика,экономика,математика,75 и более,Право на прием БВИ,математика,Победителям,11 класс
,Направление подготовки 38.03.04 Государственное и муниципальное управление,,экономика,экономика,математика,75 и более,Право на 100 баллов,математика,Победителям и призерам,11 класс
,Направление подготовки 38.03.04 Государственное и муниципальное управление,,гуманитарные и социальные науки,"история, обществознание",обществознание,75 и более,Право на 100 баллов,обществознание,Победителям и призерам,"10, 11 класс"
,Направление подготовки 38.03.04 Государственное и муниципальное управление,Всероссийская экономическая олимпиада школьников имени Н.Д. Кондратьева,экономика,экономика,математика,75 и более,Право на прием БВИ,математика,Победителям,11 класс
,Направление подготовки 38.03.04 Государственное и муниципальное управление,,экономика,экономика,математика,75 и более,Право на 100 баллов,математика,Победителям и призерам,11 класс
,Направление подготовки 38.03.04 Государственное и муниципальное управление,Межрегиональная олимпиада школьников на базе ведомственных образовательных организаций,математика,математика,математика,75 и более,Право на 100 баллов,математика,Победителям и призерам,11 класс
,Направление подготовки 38.03.04 Государственное и муниципальное управление,Московская олимпиада школьников,информатика,информатика,математика,75 и более,Право на прием БВИ,математика,Победителям,11 класс
,Направление подготовки 38.03.04 Государственное и муниципальное управление,,информатика,информатика,математика,75 и более,Право на 100 баллов,математика,Победителям и призерам,11 класс
,Направление подготовки 38.03.04 Государственное и муниципальное управление,,математика,математика,математика,75 и более,Право на прием БВИ,математика,Победителям,11 класс
,Направление подготовки 38.03.04 Государственное и муниципальное управление,,математика,математика,математика,75 и более,Право на 100 баллов,математика,Победителям и призерам,11 класс
,Направление подготовки 38.03.04 Государственное и муниципальное управление,,обществознание,обществознание,обществознание,75 и более,Право на прием БВИ,обществознание,Победителям,11 класс
,Направление подготовки 38.03.04 Государственное и муниципальное управление,,обществознание,обществознание,обществознание,75 и более,Право на 100 баллов,обществознание,Победителям и призерам,11 класс
,Направление подготовки 38.03.04 Государственное и муниципальное управление,,экономика,экономика,математика,75 и более,Право на 100 баллов,математика,Победителям и призерам,11 класс
,Направление подготовки 38.03.04 Государственное и муниципальное управление,Олимпиада Курчатов,математика,математика,математика,75 и более,Право на 100 баллов,математика,Победителям и призерам,11 класс
,Направление подготовки 38.03.04 Государственное и муниципальное управление,Олимпиада РГТУ для школьников,история,история,история/обществознание,75 и более,Право на 100 баллов,история/обществознание,Победителям и призерам,"10, 11 класс"
34,Государственное и муниципальное управление,Олимпиада школьников «Ломоносов»,русский язык,русский язык,русский язык,75 и более,Право на 100 баллов,русский язык,Победителям и призерам,11 класс
,Государственное и муниципальное управление,Олимпиада школьников «Ломоносов»,обществознание,обществознание,обществознание,75 и более,Право на прием БВИ,обществознание,Победителям,11 класс
,Государственное и муниципальное управление,Олимпиада школьников «Ломоносов»,обществознание,обществознание,обществознание,75 и более,Право на 100 баллов,обществознание,Победителям и призерам,"10, 11 класс"
,Государственное и муниципальное управление,Олимпиада школьников «Ломоносов»,история,история,история,75 и более,Право на прием БВИ,история,Победителям,11 класс
,Государственное и муниципальное управление,Олимпиада школьников «Ломоносов»,политология,история,история,75 и более,Право на 100 баллов,история,Победителям и призерам,"10, 11 класс"
,Государственное и муниципальное управление,,математика,математика,математика,75 и более,Право на прием БВИ,математика,Победителям,11 класс
,Государственное и муниципальное управление,,математика,математика,математика,75 и более,Право на 100 баллов,математика,Победителям и призерам,11 класс
,Государственное и муниципальное управление,,русский язык,русский язык,русский язык,75 и более,Право на 100 баллов,русский язык,Победителям и призерам,11 класс
,Государственное и муниципальное управление,Олимпиада школьников «Ломоносов»,география,география,история,75 и более,Право на 100 баллов,история,Победителям и призерам,"10, 11 класс"
,Государственное и муниципальное управление,Олимпиада школьников «Ломоносов»,основы российской государственности,"история, обществознание",история/обществознание,75 и более,Право на прием БВИ,история,Победителям,11 класс
,Государственное и муниципальное управление,Олимпиада школьников «Ломоносов»,основы российской государственности,"история, обществознание",история/обществознание,75 и более,Право на 100 баллов,история,Победителям и призерам,"10, 11 класс"
,Государственное и муниципальное управление,Олимпиада школьников «Ломоносов»,история,история,история,75 и более,Право на прием БВИ,история,Победителям,11 класс
,Государственное и муниципальное управление,Олимпиада школьников «Ломоносов»,история,история,история,75 и более,Право на 100 баллов,история,Победителям и призерам,"10, 11 класс"
,Государственное и муниципальное управление,Олимпиада школьников «Ломоносов»,право,юриспруденция,обществознание,75 и более,Право на прием БВИ,обществознание,Победителям,11 класс
,Государственное и муниципальное управление,Олимпиада школьников «Ломоносов»,право,юриспруденция,обществознание,75 и более,Право на 100 баллов,обществознание,Победителям и призерам,"10, 11 класс"
,Государственное и муниципальное управление,Олимпиада школьников «Покори Воробьевы горы!»,обществознание,обществознание,обществознание,75 и более,Право на прием БВИ,обществознание,Победителям,11 класс
,Государственное и муниципальное управление,Олимпиада школьников «Покори Воробьевы горы!»,обществознание,обществознание,обществознание,75 и более,Право на 100 баллов,обществознание,Победителям и призерам,"10, 11 класс"
,Государственное и муниципальное управление,Олимпиада школьников «Покори Воробьевы горы!»,математика,математика,математика,75 и более,Право на прием БВИ,математика,Победителям и призерам,11 класс
,Государственное и муниципальное управление,Олимпиада школьников «Покори Воробьевы горы!»,математика,математика,математика,75 и более,Право на 100 баллов,математика,Победителям и призерам,11 класс
,Государственное и муниципальное управление,Олимпиада школьников «Покори Воробьевы горы!»,география,география,история,75 и более,Право на 100 баллов,история,Победителям и призерам,"10, 11 класс"
,Государственное и муниципальное управление,Олимпиада школьников «Покори Воробьевы горы!»,история,история,история,75 и более,Право на прием БВИ,история,Победителям,11 класс
,Государственное и муниципальное управление,Олимпиада школьников «Покори Воробьевы горы!»,история,история,история,75 и более,Право на 100 баллов,история,Победителям и призерам,"10, 11 класс"
,Государственное и муниципальное управление,Олимпиада школьников по экономике в рамках международного экономического фестиваля школьников «Сибириада. Шаг в мечту»,экономика,экономика,математика,75 и более,Право на 100 баллов,математика,Победителям и призерам,11 класс
,Государственное и муниципальное управление,Олимпиада школьников Российской академии народного хозяйства и государственной службы при Президенте Российской Федерации,математика,математика,математика,75 и более,Право на прием БВИ,математика,Победителям,11 класс
,Государственное и муниципальное управление,Олимпиада школьников Российской академии народного хозяйства и государственной службы при Президенте Российской Федерации,математика,математика,математика,75 и более,Право на 100 баллов,математика,Победителям и призерам,11 класс
,Государственное и муниципальное управление,Олимпиада школьников Российской академии народного хозяйства и государственной службы при Президенте Российской Федерации,обществознание,обществознание,обществознание,75 и более,Право на 100 баллов,обществознание,Победителям,11 класс
,Государственное и муниципальное управление,Олимпиада школьников Российской академии народного хозяйства и государственной службы при Президенте Российской Федерации,история,история,история,75 и более,Право на прием БВИ,история,Победителям,11 класс
,Государственное и муниципальное управление,Олимпиада школьников Российской академии народного хозяйства и государственной службы при Президенте Российской Федерации,история,история,история,75 и более,Право на 100 баллов,история,Победителям и призерам,11 класс
,Государственное и муниципальное управление,Олимпиада школьников Санкт-Петербургского государственного университета,обществознание,обществознание,обществознание,75 и более,Право на прием БВИ,обществознание,Победителям и призерам,11 класс
,Государственное и муниципальное управление,Олимпиада школьников Санкт-Петербургского государственного университета,математика,математика,математика,75 и более,Право на прием БВИ,математика,Победителям и призерам,11 класс
,Государственное и муниципальное управление,Олимпиада школьников Санкт-Петербургского государственного университета,математика,математика,математика,75 и более,Право на 100 баллов,математика,Победителям и призерам,11 класс
,Государственное и муниципальное управление,Олимпиада школьников Санкт-Петербургского государственного университета,история,история,история/обществознание,75 и более,Право на прием БВИ,история,Победителям,11 класс
,Государственное и муниципальное управление,Олимпиада школьников Санкт-Петербургского государственного университета,история,история,история/обществознание,75 и более,Право на 100 баллов,история,Победителям и призерам,11 класс
,Государственное и муниципальное управление,Олимпиада школьников Санкт-Петербургского государственного университета,информатика,информатика,математика,75 и более,Право на 100 баллов,математика,Победителям и призерам,11 класс
,Государственное и муниципальное управление,Олимпиада школьников Санкт-Петербургского государственного университета,экономика,экономика,математика,75 и более,Право на 100 баллов,математика,Победителям и призерам,11 класс
,Государственное и муниципальное управление,Олимпиада Юношеской математической школы,математика,математика,математика,75 и более,Право на 100 баллов,математика,Победителям и призерам,11 класс
,Государственное и муниципальное управление,Отраслевая физико-математическая олимпиада школьников «Росатом»,математика,математика,математика,75 и более,Право на 100 баллов,математика,Победителям и призерам,11 класс
,Государственное и муниципальное управление,Отраслевая физико-математическая олимпиада школьников «Росатом»,информатика,информатика,математика,75 и более,Право на 100 баллов,математика,Победителям и призерам,11 класс
,Государственное и муниципальное управление,Плехановская олимпиада школьников,русский язык,русский язык,русский язык,75 и более,Право на 100 баллов,русский язык,Победителям и призерам,11 класс
,Государственное и муниципальное управление,Санкт-Петербургская олимпиада школьников,математика,математика,75 и более,Право на прием БВИ,математика,Победителям и призерам,11 класс
,Государственное и муниципальное управление,,математика,математика,75 и более,Право на прием БВИ,математика,Победителям и призерам,11 класс
,Государственное и муниципальное управление,Турнир городов,математика,математика,75 и более,Право на прием БВИ,математика,Победителям и призерам,11 класс
,Государственное и муниципальное управление,,история,история/обществознание,75 и более,Право на 100 баллов,история,Победителям и призерам,11 класс
,Государственное и муниципальное управление,Турнир имени М.В. Ломоносова,математика,математика,75 и более,Право на 100 баллов,математика,Победителям и призерам,11 класс
,Направление подготовки 38.03.05 Бизнес-информатика,Всероссийская олимпиада школьников «Высшая проба»,математика,математика,математика,75 и более,Право на прием БВИ,математика,Победителям и призерам,11 класс
,Направление подготовки 38.03.05 Бизнес-информатика,Всероссийская олимпиада школьников «Высшая проба»,русский язык,русский язык,русский язык,75 и более,Право на 100 баллов,русский язык,Победителям и призерам,11 класс
,Направление подготовки 38.03.05 Бизнес-информатика,Всероссийская олимпиада школьников «Высшая проба»,экономика,экономика,математика,75 и более,Право на прием БВИ,математика,Победителям и призерам,11 класс
,Направление подготовки 38.03.05 Бизнес-информатика,Всероссийская олимпиада школьников «Высшая проба»,информатика,информатика,информатика,75 и более,Право на прием БВИ,информатика,Победителям и призерам,11 класс
,Направление подготовки 38.03.05 Бизнес-информатика,Всероссийская олимпиада школьников «Высшая проба»,финансовая грамотность,экономика,математика,75 и более,Право на 100 баллов,математика,Победителям и призерам,11 класс
,Направление подготовки 38.03.05 Бизнес-информатика,Всероссийская академическая олимпиада школьников имени В.И. Вернадского,экономика,экономика,математика,75 и более,Право на прием БВИ,математика,Победителям и призерам,11 класс
,Направление подготовки 38.03.05 Бизнес-информатика,Всероссийская экономическая олимпиада школьников имени Н.Д. Кондратьева,экономика,экономика,математика,75 и более,Право на прием БВИ,математика,Победителям и призерам,11 класс
,Направление подготовки 38.03.05 Бизнес-информатика,Весенбирская открытая олимпиада школьников,информатика,информатика,информатика,75 и более,Право на прием БВИ,информатика,Победителям и призерам,11 класс
,Направление подготовки 38.03.05 Бизнес-информатика,Вузовско-академическая олимпиада по информатике,информатика,информатика,информатика,75 и более,Право на прием БВИ,информатика,Победителям и призерам,11 класс
,Направление подготовки 38.03.05 Бизнес-информатика,Межрегиональная олимпиада школьников «Будущие исследователи - будущее науки»,русский язык,русский язык,75 и более,Право на 100 баллов,русский язык,Победителям и призерам,11 класс
,Направление подготовки 38.03.05 Бизнес-информатика,Московская олимпиада школьников,математика,математика,математика,75 и более,Право на прием БВИ,математика,Победителям и призерам,11 класс
,Направление подготовки 38.03.05 Бизнес-информатика,Московская олимпиада школьников,информатика,информатика,информатика,75 и более,Право на прием БВИ,информатика,Победителям и призерам,11 класс
,Направление подготовки 38.03.05 Бизнес-информатика,Московская олимпиада школьников,лингвистика,иностранный язык,русский язык,75 и более,Право на 100 баллов,русский язык,Победителям и призерам,11 класс
,Направление подготовки 38.03.05 Бизнес-информатика,Объединенная межвузовская олимпиада школьников,математика,математика,математика,75 и более,Право на 100 баллов,математика,Победителям и призерам,11 класс
,Направление подготовки 38.03.05 Бизнес-информатика,«Формула Единства»/«Третье тысячелетие»,математика,математика,математика,75 и более,Право на прием БВИ,математика,Победителям и призерам,11 класс
,Направление подготовки 38.03.05 Бизнес-информатика,Олимпиада Курчатов,математика,математика,математика,75 и более,Право на 100 баллов,математика,Победителям и призерам,11 класс
,Направление подготовки 38.03.05 Бизнес-информатика,Олимпиада РГТУ для школьников,русский язык,русский язык,75 и более,Право на 100 баллов,русский язык,Победителям и призерам,11 класс
,Направление подготовки 38.03.05 Бизнес-информатика,Международная олимпиада «Innopolis Open»,математика,математика,математика,75 и более,Право на прием БВИ,математика,Победителям и призерам,11 класс
35,Бизнес-информатика,Олимпиада школьников «Ломоносов»,математика,математика,математика,75 и более,Право на прием БВИ,математика,Победителям и призерам,11 класс
,Бизнес-информатика,Олимпиада школьников «Ломоносов»,русский язык,русский язык,русский язык,75 и более,Право на 100 баллов,русский язык,Победителям и призерам,11 класс
,Бизнес-информатика,Олимпиада школьников «Покори Воробьевы горы!»,математика,математика,математика,75 и более,Право на прием БВИ,математика,Победителям и призерам,11 класс
,Бизнес-информатика,Олимпиада школьников «Физтех»,математика,математика,математика,75 и более,Право на 100 баллов,математика,Победителям и призерам,11 класс
,Бизнес-информатика,Олимпиада школьников по информатике и программированию,информатика,информатика,информатика,75 и более,Право на прием БВИ,информатика,Победителям и призерам,11 класс
,Бизнес-информатика,Олимпиада Юношеской математической школы,математика,математика,математика,75 и более,Право на прием БВИ,математика,Победителям и призерам,11 класс
,Бизнес-информатика,Открытая олимпиада школьников,информатика,информатика,информатика,75 и более,Право на прием БВИ,информатика,Победителям и призерам,11 класс
,Бизнес-информатика,Открытая олимпиада школьников по программированию,информатика,информатика,информатика,75 и более,Право на прием БВИ,информатика,Победителям и призерам,11 класс
,Бизнес-информатика,Открытая олимпиада школьников по программированию «Когнитивные технологии»,информатика,информатика,информатика,75 и более,Право на 100 баллов,информатика,Победителям и призерам,11 класс
,Бизнес-информатика,Открытая региональная межвузовская олимпиада школьников (ОРМО) с международным участием,русский язык,русский язык,русский язык,75 и более,Право на 100 баллов,русский язык,Победителям и призерам,11 класс
,Бизнес-информатика,Отраслевая физико-математическая олимпиада школьников «Росатом»,математика,математика,математика,75 и более,Право на прием БВИ,математика,Победителям и призерам,11 класс
,Бизнес-информатика,Плехановская олимпиада школьников,русский язык,русский язык,русский язык,75 и более,Право на 100 баллов,русский язык,Победителям и призерам,11 класс
,Бизнес-информатика,Санкт-Петербургская олимпиада школьников,математика,математика,математика,75 и более,Право на прием БВИ,математика,Победителям и призерам,11 класс
,Бизнес-информатика,Турнир городов,математика,математика,математика,75 и более,Право на прием БВИ,математика,Победителям и призерам,11 класс
,Бизнес-информатика,Всероссийская олимпиада по искусственному интеллекту,искусственный интеллект,информатика,информатика,75 и более,Право на прием БВИ,информатика,Победителям и призерам,11 класс
,Бизнес-информатика,,искусственный интеллект,информатика,информатика,75 и более,Право на 100 баллов,информатика,Победителям и призерам,11 класс
,Бизнес-информатика,Олимпиада школьников по программированию «ТехноКубок»,информатика,информатика,информатика,75 и более,Право на 100 баллов,информатика,Победителям и призерам,11 класс
,Бизнес-информатика,Всероссийская междисциплинарная олимпиада школьников 8-11 класса «Национальная технологическая олимпиада»,автоматизация бизнес-процессов,"компьютерные и информационные науки, информатика и вычислительная техника, информационная безопасность, электроника, радиотехника и системы связи, управление в технических системах, экономика и управление",информатика,75 и более,Право на прием БВИ,информатика,Победителям и призерам,11 класс
,Бизнес-информатика,Всероссийская олимпиада школьников «Высшая проба»,математика,математика,математика,75 и более,Право на прием БВИ,математика,Победителям,11 класс
,Бизнес-информатика,,,математика,75 и более,Право на 100 баллов,математика,Победителям и призерам,11 класс
,Бизнес-информатика,,экономика,экономика,математика,75 и более,Право на прием БВИ,математика,Победителям,11 класс
,Бизнес-информатика,,информатика,информатика,информатика,75 и более,Право на прием БВИ,информатика,Победителям,11 класс
,Бизнес-информатика,Всероссийская академическая олимпиада школьников имени В.И. Вернадского,экономика,экономика,математика,75 и более,Право на прием БВИ,математика,Победителям,11 класс
,Бизнес-информатика,Всероссийская экономическая олимпиада школьников имени Н.Д. Кондратьева,экономика,экономика,математика,75 и более,Право на прием БВИ,математика,Победителям,11 класс
,Бизнес-информатика,Московская олимпиада школьников,математика,математика,математика,75 и более,Право на прием БВИ,математика,Победителям и призерам,11 класс
,Бизнес-информатика,,математика,математика,математика,75 и более,Право на 100 баллов,математика,Победителям и призерам,11 класс
,Бизнес-информатика,,информатика,информатика,информатика,75 и более,Право на прием БВИ,информатика,Победителям,11 класс
36,Управление цифровым продуктом,Олимпиада школьников «Ломоносов»,математика,математика,математика,75 и более,Право на прием БВИ,математика,Победителям,11 класс
,Управление цифровым продуктом,,математика,математика,математика,75 и более,Право на 100 баллов,математика,Победителям и призерам,11 класс
,Управление цифровым продуктом,Олимпиада школьников «Покори Воробьевы горы!»,математика,математика,математика,75 и более,Право на прием БВИ,математика,Победителям,11 класс
,Управление цифровым продуктом,,математика,математика,математика,75 и более,Право на 100 баллов,математика,Победителям и призерам,11 класс
,Управление цифровым продуктом,Олимпиада школьников по информатике и программированию,информатика,информатика,информатика,75 и более,Право на прием БВИ,информатика,Победителям,11 класс
,Управление цифровым продуктом,Олимпиада школьников по программированию «ТехноКубок»,информатика,информатика,информатика,75 и более,Право на прием БВИ,информатика,Победителям,11 класс
,Управление цифровым продуктом,Олимпиада школьников Санкт-Петербургского государственного университета,математика,математика,математика,75 и более,Право на прием БВИ,математика,Победителям,11 класс
,Управление цифровым продуктом,,математика,математика,математика,75 и более,Право на 100 баллов,математика,Победителям и призерам,11 класс
,Управление цифровым продуктом,,информатика,информатика,информатика,75 и более,Право на прием БВИ,информатика,Победителям,11 класс
,Управление цифровым продуктом,Открытая олимпиада школьников,информатика,информатика,информатика,75 и более,Право на прием БВИ,информатика,Победителям,11 класс
,Управление цифровым продуктом,Открытая олимпиада школьников по программированию,информатика,информатика,информатика,75 и более,Право на прием БВИ,информатика,Победителям,11 класс
,Управление цифровым продуктом,Санкт-Петербургская олимпиада школьников,математика,математика,математика,75 и более,Право на прием БВИ,математика,Победителям,11 класс
,Управление цифровым продуктом,,математика,математика,математика,75 и более,Право на 100 баллов,математика,Победителям и призерам,11 класс
,Управление цифровым продуктом,Турнир городов,математика,математика,математика,75 и более,Право на прием БВИ,математика,Победителям,11 класс
,Управление цифровым продуктом,,математика,математика,математика,75 и более,Право на 100 баллов,математика,Победителям и призерам,11 класс
,Управление цифровым продуктом,Всероссийская олимпиада школьников «Высшая проба»,математика,математика,математика,75 и более,Право на прием БВИ,математика,Победителям,11 класс
,Управление цифровым продуктом,,математика,математика,математика,75 и более,Право на 100 баллов,математика,Победителям и призерам,11 класс
,Управление цифровым продуктом,,экономика,экономика,математика,75 и более,Право на прием БВИ,математика,Победителям,11 класс
,Управление цифровым продуктом,,информатика,информатика,информатика,75 и более,Право на прием БВИ,информатика,Победителям,11 класс
,Управление цифровым продуктом,Всероссийская академическая олимпиада школьников имени В.И. Вернадского,экономика,экономика,математика,75 и более,Право на 100 баллов,математика,Победителям,11 класс
,Управление цифровым продуктом,Всероссийская экономическая олимпиада школьников имени Н.Д. Кондратьева,экономика,экономика,математика,75 и более,Право на 100 баллов,математика,Победителям,11 класс
,Управление цифровым продуктом,Московская олимпиада школьников,математика,математика,математика,75 и более,Право на прием БВИ,математика,Победителям,11 класс
,Управление цифровым продуктом,,математика,математика,математика,75 и более,Право на 100 баллов,математика,Победителям и призерам,11 класс
,Управление цифровым продуктом,,информатика,информатика,информатика,75 и более,Право на прием БВИ,информатика,Победителям и призерам,11 класс
,Управление цифровым продуктом,Олимпиада школьников «Ломоносов»,математика,математика,математика,75 и более,Право на прием БВИ,математика,Победителям,11 класс
,Управление цифровым продуктом,,математика,математика,математика,75 и более,Право на 100 баллов,математика,Победителям и призерам,11 класс
,Управление цифровым продуктом,Олимпиада школьников «Покори Воробьевы горы!»,математика,математика,математика,75 и более,Право на прием БВИ,математика,Победителям,11 класс
,Управление цифровым продуктом,,математика,математика,математика,75 и более,Право на 100 баллов,математика,Победителям и призерам,11 класс
,Управление цифровым продуктом,Олимпиада школьников по информатике и программированию,информатика,информатика,информатика,75 и более,Право на прием БВИ,информатика,Победителям,11 класс
,Управление цифровым продуктом,Олимпиада школьников по программированию «ТехноКубок»,информатика,информатика,информатика,75 и более,Право на прием БВИ,информатика,Победителям,11 класс
,Управление цифровым продуктом,Олимпиада школьников Санкт-Петербургского государственного университета,математика,математика,математика,75 и более,Право на прием БВИ,математика,Победителям,11 класс
,Управление цифровым продуктом,,математика,математика,математика,75 и более,Право на 100 баллов,математика,Победителям и призерам,11 класс
,Управление цифровым продуктом,,информатика,информатика,информатика,75 и более,Право на прием БВИ,информатика,Победителям,11 класс
,Управление цифровым продуктом,Открытая олимпиада школьников,информатика,информатика,информатика,75 и более,Право на прием БВИ,информатика,Победителям,11 класс
,Управление цифровым продуктом,Открытая олимпиада школьников по программированию,информатика,информатика,информатика,75 и более,Право на прием БВИ,информатика,Победителям,11 класс
,Управление цифровым продуктом,Санкт-Петербургская олимпиада школьников,математика,математика,математика,75 и более,Право на прием БВИ,математика,Победителям,11 класс
,Управление цифровым продуктом,,математика,математика,математика,75 и более,Право на 100 баллов,математика,Победителям и призерам,11 класс
,Управление цифровым продуктом,Турнир городов,математика,математика,математика,75 и более,Право на прием БВИ,математика,Победителям,11 класс
,Управление цифровым продуктом,,математика,математика,математика,75 и более,Право на 100 баллов,математика,Победителям и призерам,11 класс
,Направление подготовки 39.03.01 Социология,,Всероссийская олимпиада школьников «Высшая проба»,социология,социология и социальная работа,обществознание,75 и более,Право на прием БВИ,обществознание,Победителям,11 класс
,Направление подготовки 39.03.01 Социология,,Всероссийская олимпиада школьников «Высшая проба»,социология,социология и социальная работа,обществознание,75 и более,Право на 100 баллов,обществознание,Победителям и призерам,11 класс
,Направление подготовки 39.03.01 Социология,,Всероссийская олимпиада школьников «Высшая проба»,обществознание,обществознание,обществознание,75 и более,Право на прием БВИ,обществознание,Победителям и призерам,11 класс
,Направление подготовки 39.03.01 Социология,,Всероссийская академическая олимпиада школьников имени В.И. Вернадского,информатика,экономика,математика,75 и более,Право на 100 баллов,математика,Победителям и призерам,11 класс
,Направление подготовки 39.03.01 Социология,,,экономика,экономика,математика,75 и более,Право на 100 баллов,математика,Победителям и призерам,11 класс
,Направление подготовки 39.03.01 Социология,,,математика,математика,математика,75 и более,Право на прием БВИ,математика,Победителям и призерам,11 класс
,Направление подготовки 39.03.01 Социология,,Всероссийская олимпиада школьников имени Н.Д. Кондратьева,финансовая грамотность,экономика,математика,75 и более,Право на 100 баллов,математика,Победителям и призерам,11 класс
,Направление подготовки 39.03.01 Социология,,,экономика,экономика,математика,75 и более,Право на прием БВИ,математика,Победителям и призерам,11 класс
,Направление подготовки 39.03.01 Социология,,Всероссийская олимпиада школьников имени Н.Д. Кондратьева,экономика,экономика,математика,75 и более,Право на 100 баллов,математика,Победителям и призерам,11 класс
,Направление подготовки 39.03.01 Социология,,,экономика,экономика,математика,75 и более,Право на прием БВИ,математика,Победителям и призерам,11 класс
,Направление подготовки 39.03.01 Социология,,Всероссийская олимпиада школьников имени Н.Д. Кондратьева,экономика,экономика,математика,75 и более,Право на 100 баллов,математика,Победителям и призерам,11 класс
,Направление подготовки 39.03.01 Социология,,,экономика,экономика,математика,75 и более,Право на прием БВИ,математика,Победителям и призерам,11 класс
,Направление подготовки 39.03.01 Социология,,Всероссийская олимпиада школьников имени Н.Д. Кондратьева,информатика,экономика,математика,75 и более,Право на 100 баллов,математика,Победителям и призерам,11 класс
,Направление подготовки 39.03.01 Социология,,,экономика,экономика,математика,75 и более,Право на прием БВИ,математика,Победителям и призерам,11 класс
,Направление подготовки 39.03.01 Социология,,Всероссийская олимпиада школьников имени Н.Д. Кондратьева,информатика,экономика,математика,75 и более,Право на 100 баллов,математика,Победителям и призерам,11 класс
,Направление подготовки 39.03.01 Социология,,,экономика,экономика,математика,75 и более,Право на прием БВИ,математика,Победителям и призерам,11 класс
,Направление подготовки 39.03.01 Социология,,Всероссийская олимпиада школьников имени Н.Д. Кондратьева,информатика,экономика,математика,75 и более,Право на 100 баллов,математика,Победителям и призерам,11 класс
,Направление подготовки 39.03.01 Социология,,,экономика,экономика,математика,75 и более,Право на прием БВИ,математика,Победителям и призерам,11 класс
,Направление подготовки 39.03.01 Социология,,Всероссийская олимпиада школьников имени Н.Д. Кондратьева,информатика,экономика,математика,75 и более,Право на 100 баллов,математика,Победителям и призерам,11 класс
,Направление подготовки 39.03.01 Социология,,,экономика,экономика,математика,75 и более,Право на прием БВИ,математика,Победителям и призерам,11 класс
,Направление подготовки 39.03.01 Социология,,Всероссийская олимпиада школьников имени Н.Д. Кондратьева,информатика,экономика,математика,75 и более,Право на 100 баллов,математика,Победителям и призерам,11 класс
,Направление подготовки 39.03.01 Социология,,,экономика,экономика,математика,75 и более,Право на прием БВИ,математика,Победителям и призерам,11 класс
,Направление подготовки 39.03.01 Социология,Олимпиада школьников «Ломоносов»,математика,математика,математика,75 и более,Право на прием БВИ,математика,Победителям,11 класс
,Направление подготовки 39.03.01 Социология,Олимпиада школьников «Ломоносов»,математика,математика,математика,75 и более,Право на 100 баллов,математика,Победителям и призерам,11 класс
,Направление подготовки 39.03.01 Социология,Олимпиада школьников «Ломоносов»,русский язык,русский язык,русский язык,75 и более,Право на 100 баллов,русский язык,Победителям и призерам,11 класс
,Направление подготовки 39.03.01 Социология,Олимпиада школьников «Покори Воробьевы горы!»,обществознание,обществознание,обществознание,75 и более,Право на прием БВИ,обществознание,Победителям,11 класс
,Направление подготовки 39.03.01 Социология,Олимпиада школьников «Покори Воробьевы горы!»,обществознание,обществознание,обществознание,75 и более,Право на 100 баллов,обществознание,Победителям и призерам,11 класс
,Направление подготовки 39.03.01 Социология,Олимпиада школьников «Покори Воробьевы горы!»,математика,математика,математика,75 и более,Право на прием БВИ,математика,Победителям,11 класс
,Направление подготовки 39.03.01 Социология,Олимпиада школьников «Покори Воробьевы горы!»,математика,математика,математика,75 и более,Право на 100 баллов,математика,Победителям и призерам,11 класс
,Направление подготовки 39.03.01 Социология,Олимпиада школьников «Фигтех»,математика,математика,математика,75 и более,Право на 100 баллов,математика,Победителям и призерам,11 класс
,Направление подготовки 39.03.01 Социология,Олимпиада школьников по экономике в рамках международного экономического фестиваля школьников «Сибириада. Шаг в мечту»,экономика,экономика,математика,75 и более,Право на 100 баллов,математика,Победителям и призерам,11 класс
,Направление подготовки 39.03.01 Социология,Олимпиада школьников Российской академии народного хозяйства и государственной службы при Президенте Российской Федерации,обществознание,обществознание,обществознание,75 и более,Право на 100 баллов,обществознание,Победителям,11 класс
,Направление подготовки 39.03.01 Социология,Олимпиада школьников Санкт-Петербургского государственного университета,обществознание,обществознание,обществознание,75 и более,Право на 100 баллов,обществознание,Победителям и призерам,11 класс
,Направление подготовки 39.03.01 Социология,Олимпиада школьников Санкт-Петербургского государственного университета,информатика,информатика,математика,75 и более,Право на 100 баллов,математика,Победителям и призерам,11 класс
,Направление подготовки 39.03.01 Социология,Олимпиада школьников Санкт-Петербургского государственного университета,математика,математика,математика,75 и более,Право на прием БВИ,математика,Победителям,11 класс
,Направление подготовки 39.03.01 Социология,Олимпиада школьников Санкт-Петербургского государственного университета,математика,математика,математика,75 и более,Право на 100 баллов,математика,Победителям и призерам,11 класс
,Направление подготовки 39.03.01 Социология,Олимпиада школьников Санкт-Петербургского государственного университета,экономика,экономика,математика,75 и более,Право на 100 баллов,математика,Победителям и призерам,11 класс
,Направление подготовки 39.03.01 Социология,Олимпиада Юношеской математической школы,математика,математика,математика,75 и более,Право на 100 баллов,математика,Победителям и призерам,11 класс
,Направление подготовки 39.03.01 Социология,Отраслевая физико-математическая олимпиада школьников «Росатом»,математика,математика,математика,75 и более,Право на 100 баллов,математика,Победителям и призерам,11 класс
,Направление подготовки 39.03.01 Социология,Плехановская олимпиада школьников,русский язык,русский язык,русский язык,75 и более,Право на 100 баллов,русский язык,Победителям и призерам,11 класс
,Направление подготовки 39.03.01 Социология,Санкт-Петербургская олимпиада школьников,математика,математика,математика,75 и более,Право на прием БВИ,математика,Победителям и призерам,11 класс
,Направление подготовки 39.03.01 Социология,,математика,математика,математика,75 и более,Право на 100 баллов,математика,Победителям и призерам,11 класс
,Направление подготовки 39.03.01 Социология,Турнир городов,математика,математика,математика,75 и более,Право на прием БВИ,математика,Победителям и призерам,11 класс
,Направление подготовки 39.03.01 Социология,,математика,математика,математика,75 и более,Право на 100 баллов,математика,Победителям и призерам,11 класс
,Направление подготовки 39.03.01 Социология,Турнир имени М.В. Ломоносова,математика,математика,математика,75 и более,Право на 100 баллов,математика,Победителям и призерам,11 класс
,Направление подготовки 40.03.01 Юриспруденция,Всероссийская олимпиада школьников «Высшая проба»,право,право,обществознание,75 и более,Право на прием БВИ,обществознание,Победителям и призерам,11 класс
,Направление подготовки 40.03.01 Юриспруденция,Всероссийская олимпиада школьников «Высшая проба»,история,история,история,75 и более,Право на 100 баллов,история,Победителям и призерам,11 класс
,Направление подготовки 40.03.01 Юриспруденция,Всероссийская олимпиада школьников «Высшая проба»,обществознание,обществознание,обществознание,75 и более,Право на прием БВИ,обществознание,Победителям,11 класс
,Направление подготовки 40.03.01 Юриспруденция,Всероссийская олимпиада школьников «Высшая проба»,обществознание,обществознание,обществознание,75 и более,Право на 100 баллов,обществознание,Победителям и призерам,11 класс
,Направление подготовки 40.03.01 Юриспруденция,Всероссийская олимпиада школьников «Высшая проба»,русский язык,русский язык,русский язык,75 и более,Право на 100 баллов,русский язык,Победителям и призерам,11 класс
,Направление подготовки 40.03.01 Юриспруденция,Олимпиада МГИМО МИД России для школьников,гуманитарные и социальные науки,"история, обществознание",обществознание,75 и более,Право на 100 баллов,обществознание,Победителям и призерам,11 класс
,Направление подготовки 40.03.01 Юриспруденция,Олимпиада МГИМО МИД России для школьников,гуманитарные и социальные науки,"история, обществознание",история,75 и более,Право на 100 баллов,история,Победителям и призерам,11 класс
39,Юриспруденция,Московская олимпиада школьников,обществознание,обществознание,обществознание,75 и более,Право на 100 баллов,обществознание,Победителям и призерам,11 класс
,Юриспруденция,Московская олимпиада школьников,право,право,обществознание,75 и более,Право на 100 баллов,обществознание,Победителям и призерам,11 класс
,Юриспруденция,Московская олимпиада школьников,история,история,история,75 и более,Право на 100 баллов,история,Победителям и призерам,11 класс
,Юриспруденция,Олимпиада школьников «Ломоносов»,право,юриспруденция,обществознание,75 и более,Право на прием БВИ,обществознание,Победителям,11 класс
,Юриспруденция,Олимпиада школьников «Ломоносов»,право,юриспруденция,обществознание,75 и более,Право на 100 баллов,обществознание,Победителям и призерам,11 класс
,Юриспруденция,Олимпиада школьников «Ломоносов»,история,история,история,75 и более,Право на 100 баллов,история,Победителям,11 класс
,Юриспруденция,Олимпиада школьников «Ломоносов»,обществознание,обществознание,обществознание,75 и более,Право на прием БВИ,обществознание,Победителям,11 класс
,Юриспруденция,Олимпиада школьников «Ломоносов»,обществознание,обществознание,обществознание,75 и более,Право на 100 баллов,обществознание,Победителям и призерам,11 класс
,Юриспруденция,Олимпиада школьников «Ломоносов»,русский язык,русский язык,русский язык,75 и более,Право на 100 баллов,русский язык,Победителям и призерам,11 класс
,Юриспруденция,Олимпиада школьников Санкт-Петербургского государственного университета,право,право,обществознание,75 и более,Право на прием БВИ,обществознание,Победителям,11 класс
,Юриспруденция,Олимпиада школьников Санкт-Петербургского государственного университета,право,право,обществознание,75 и более,Право на 100 баллов,обществознание,Победителям и призерам,11 класс
,Юриспруденция,Олимпиада школьников Санкт-Петербургского государственного университета,история,история,история,75 и более,Право на 100 баллов,история,Победителям и призерам,11 класс
,Юриспруденция,Олимпиада школьников Санкт-Петербургского государственного университета,обществознание,обществознание,обществознание,75 и более,Право на прием БВИ,обществознание,Победителям,11 класс
,Юриспруденция,Олимпиада школьников Санкт-Петербургского государственного университета,обществознание,обществознание,обществознание,75 и более,Право на 100 баллов,обществознание,Победителям и призерам,11 класс
,Юриспруденция,Всероссийская олимпиада школьников «Высшая проба»,право,право,обществознание,75 и более,Право на прием БВИ,обществознание,Победителям и призерам,11 класс
,Юриспруденция,Всероссийская олимпиада школьников «Высшая проба»,история,история,история,75 и более,Право на 100 баллов,история,Победителям и призерам,11 класс
,Юриспруденция,Всероссийская олимпиада школьников «Высшая проба»,обществознание,обществознание,обществознание,75 и более,Право на прием БВИ,обществознание,Победителям,11 класс
,Юриспруденция,Всероссийская олимпиада школьников «Высшая проба»,обществознание,обществознание,обществознание,75 и более,Право на 100 баллов,обществознание,Победителям и призерам,11 класс
,Юриспруденция,Всероссийская олимпиада школьников «Высшая проба»,русский язык,русский язык,русский язык,75 и более,Право на 100 баллов,русский язык,Победителям и призерам,11 класс
,Юриспруденция,Всероссийская олимпиада школьников «Высшая проба»,анализ данных,"компьютерные и информационные науки,",информатика,75 и более,Право на 100 баллов,информатика,Победителям и призерам,11 класс
,Юриспруденция,Всероссийская олимпиада школьников «Высшая проба»,информатика,информатика,информатика,75 и более,Право на 100 баллов,информатика,Победителям и призерам,11 класс
,Юриспруденция,Московская олимпиада школьников,обществознание,обществознание,обществознание,75 и более,Право на 100 баллов,обществознание,Победителям и призерам,11 класс
,Юриспруденция,Московская олимпиада школьников,информатика,информатика,информатика,75 и более,Право на 100 баллов,информатика,Победителям и призерам,11 класс
,Юриспруденция,Московская олимпиада школьников,право,право,обществознание,75 и более,Право на 100 баллов,обществознание,Победителям и призерам,11 класс
,Юриспруденция,Московская олимпиада школьников,история,история,история,75 и более,Право на 100 баллов,история,Победителям и призерам,11 класс
40,Юриспруденция: цифровой юрист,Олимпиада школьников «Ломоносов»,право,юриспруденция,обществознание,75 и более,Право на прием БВИ,обществознание,Победителям,11 класс
,Юриспруденция: цифровой юрист,,,обществознание,75 и более,Право на 100 баллов,обществознание,Победителям и призерам,11 класс
,Юриспруденция: цифровой юрист,,история,история,история,75 и более,Право на 100 баллов,история,Победителям и призерам,11 класс
,Юриспруденция: цифровой юрист,,обществознание,обществознание,обществознание,75 и более,Право на прием БВИ,обществознание,Победителям,11 класс
,Юриспруденция: цифровой юрист,,,обществознание,75 и более,Право на 100 баллов,обществознание,Победителям и призерам,11 класс
,Юриспруденция: цифровой юрист,,русский язык,русский язык,русский язык,75 и более,Право на 100 баллов,русский язык,Победителям и призерам,11 класс
,Юриспруденция: цифровой юрист,,информатика,информатика,информатика,75 и более,Право на 100 баллов,информатика,Победителям и призерам,11 класс
,Юриспруденция: цифровой юрист,Олимпиада МГИМО МИД России для школьников,гуманитарные и социальные науки,"история, обществознание",обществознание,75 и более,Право на 100 баллов,обществознание,Победителям и призерам,11 класс
,Юриспруденция: цифровой юрист,Олимпиада МГИМО МИД России для школьников,гуманитарные и социальные науки,"история, обществознание",история,75 и более,Право на 100 баллов,история,Победителям и призерам,11 класс
,Юриспруденция: цифровой юрист,Олимпиада школьников Санкт-Петербургского государственного университета,право,право,обществознание,75 и более,Право на прием БВИ,обществознание,Победителям,11 класс
,Юриспруденция: цифровой юрист,Олимпиада школьников Санкт-Петербургского государственного университета,право,право,обществознание,75 и более,Право на 100 баллов,обществознание,Победителям и призерам,11 класс
,Юриспруденция: цифровой юрист,Олимпиада школьников Санкт-Петербургского государственного университета,история,история,история,75 и более,Право на 100 баллов,история,Победителям и призерам,11 класс
,Юриспруденция: цифровой юрист,Олимпиада школьников Санкт-Петербургского государственного университета,обществознание,обществознание,обществознание,75 и более,Право на прием БВИ,обществознание,Победителям,11 класс
,Юриспруденция: цифровой юрист,Олимпиада школьников Санкт-Петербургского государственного университета,обществознание,обществознание,обществознание,75 и более,Право на 100 баллов,обществознание,Победителям и призерам,11 класс
,Юриспруденция: цифровой юрист,Олимпиада школьников Санкт-Петербургского государственного университета,информатика,информатика,информатика,75 и более,Право на 100 баллов,информатика,Победителям и призерам,11 класс
,Направление подготовки 41.03.01 Зарубежное регионоведение,,Всероссийская олимпиада школьников «Высшая проба»,история,история,история,75 и более,Право на прием БВИ,история,Победителям и призерам,11 класс
,Направление подготовки 41.03.01 Зарубежное регионоведение,,Всероссийская олимпиада школьников «Высшая проба»,иностранный язык,иностранный язык,иностранный язык,75 и более,Право на 100 баллов,иностранный язык,Победителям и призерам,11 класс
,Направление подготовки 41.03.01 Зарубежное регионоведение,,Всероссийская олимпиада школьников «Высшая проба»,восточные языки,иностранный язык,иностранный язык,75 и более,Право на 100 баллов,иностранный язык,Победителям и призерам,11 класс
,Направление подготовки 41.03.01 Зарубежное регионоведение,,Всероссийская олимпиада школьников «Высшая проба»,русский язык,русский язык,русский язык,75 и более,Право на 100 баллов,русский язык,Победителям и призерам,11 класс
,Направление подготовки 41.03.01 Зарубежное регионоведение,,Герценовская олимпиада школьников,иностранный язык,иностранный язык,иностранный язык,75 и более,Право на 100 баллов,иностранный язык,Победителям и призерам,11 класс
,Направление подготовки 41.03.01 Зарубежное регионоведение,,Межрегиональная олимпиада школьников «Будущие исследователи - будущее науки»,история,история,история,75 и более,Право на 100 баллов,история,Победителям и призерам,11 класс
,Направление подготовки 41.03.01 Зарубежное регионоведение,,Межрегиональная олимпиада школьников «Будущие исследователи - будущее науки»,русский язык,русский язык,русский язык,75 и более,Право на 100 баллов,русский язык,Победителям и призерам,11 класс
,Направление подготовки 41.03.01 Зарубежное регионоведение,,Межрегиональная олимпиада школьников «Евразийская лингвистическая олимпиада»,иностранный язык,иностранный язык,иностранный язык,75 и более,Право на 100 баллов,иностранный язык,Победителям и призерам,11 класс
,Направление подготовки 41.03.01 Зарубежное регионоведение,,Всероссийская академическая олимпиада школьников имени В.И. Вернадского,гуманитарные и социальные науки,"история, обществознание",история,75 и более,Право на 100 баллов,история,Победителям,11 класс
,Направление подготовки 41.03.01 Зарубежное регионоведение,,Межрегиональная олимпиада школьников на базе ведомственных образовательных организаций,иностранный язык,иностранный язык,иностранный язык,75 и более,Право на 100 баллов,иностранный язык,Победителям и призерам,11 класс
,Направление подготовки 41.03.01 Зарубежное регионоведение,,Межрегиональные предметные олимпиады федерального государственного автономного образовательного учреждения высшего образования «Казанский (Приволжский) федеральный университет»,иностранный язык,иностранный язык,иностранный язык,75 и более,Право на 100 баллов,иностранный язык,Победителям и призерам,11 класс
,Направление подготовки 41.03.01 Зарубежное регионоведение,,Межрегиональные предметные олимпиады федерального государственного автономного образовательного учреждения высшего образования «Казанский (Приволжский) федеральный университет»,русский язык,русский язык,русский язык,75 и более,Право на 100 баллов,русский язык,Победителям и призерам,11 класс
,Направление подготовки 41.03.01 Зарубежное регионоведение,,Московская олимпиада школьников,история,история,история,75 и более,Право на 100 баллов,история,Победителям и призерам,11 класс
,Направление подготовки 41.03.01 Зарубежное регионоведение,,Московская олимпиада школьников,лингвистика,иностранный язык,русский язык,75 и более,Право на 100 баллов,русский язык,Победителям и призерам,11 класс
,Направление подготовки 41.03.01 Зарубежное регионоведение,,Олимпиада МГИМО МИД России для школьников,гуманитарные и социальные науки,"история, обществознание",история,75 и более,Право на 100 баллов,история,Победителям и призерам,11 класс
,Направление подготовки 41.03.01 Зарубежное регионоведение,,Олимпиада РГТУ для школьников,история,история,история,75 и более,Право на 100 баллов,история,Победителям и призерам,11 класс
,Направление подготовки 41.03.01 Зарубежное регионоведение,,Олимпиада РГТУ для школьников,иностранный язык,иностранный язык,иностранный язык,75 и более,Право на 100 баллов,иностранный язык,Победителям и призерам,11 класс
,Направление подготовки 41.03.01 Зарубежное регионоведение,,Олимпиада РГТУ для школьников,русский язык,русский язык,русский язык,75 и более,Право на 100 баллов,русский язык,Победителям и призерам,11 класс
,Направление подготовки 41.03.01 Зарубежное регионоведение,,Олимпиада РГТУ для школьников,основы российской государственности,"история, обществознание",история,75 и более,Право на прием БВИ,история,Победителям и призерам,11 класс
,Направление подготовки 41.03.01 Зарубежное регионоведение,,Олимпиада школьников «Ломоносов»,история,история,история,75 и более,Право на прием БВИ,история,Победителям и призерам,11 класс
,Направление подготовки 41.03.01 Зарубежное регионоведение,,Олимпиада школьников «Ломоносов»,международные отношения и глобалистика,история,история,75 и более,Право на прием БВИ,история,Победителям и призерам,11 класс
,Направление подготовки 41.03.01 Зарубежное регионоведение,,Олимпиада школьников «Ломоносов»,иностранный язык,иностранный язык,иностранный язык,75 и более,Право на 100 баллов,иностранный язык,Победителям и призерам,11 класс
,Направление подготовки 41.03.01 Зарубежное регионоведение,,Олимпиада школьников «Ломоносов»,русский язык,русский язык,русский язык,75 и более,Право на 100 баллов,русский язык,Победителям и призерам,11 класс
,Направление подготовки 41.03.01 Зарубежное регионоведение,,Олимпиада школьников «Покори Воробьевы горы!»,история,история,история,75 и более,Право на 100 баллов,история,Победителям и призерам,11 класс
,Направление подготовки 41.03.01 Зарубежное регионоведение,,Олимпиада школьников «Покори Воробьевы горы!»,иностранный язык,иностранный язык,иностранный язык,75 и более,Право на 100 баллов,иностранный язык,Победителям и призерам,11 класс
,Направление подготовки 41.03.01 Зарубежное регионоведение,,Олимпиада школьников Российской академии народного хозяйства и государственной службы при Президенте Российской Федерации,история,история,история,75 и более,Право на 100 баллов,история,Победителям и призерам,11 класс
,Направление подготовки 41.03.01 Зарубежное регионоведение,,Олимпиада школьников Санкт-Петербургского государственного университета,гуманитарные и социальные науки,"история, обществознание",история,75 и более,Право на 100 баллов,история,Победителям и призерам,11 класс
,Направление подготовки 41.03.01 Зарубежное регионоведение,,Олимпиада школьников Санкт-Петербургского государственного университета,история,история,история,75 и более,Право на прием БВИ,история,Победителям и призерам,11 класс
,Направление подготовки 41.03.01 Зарубежное регионоведение,,Олимпиада школьников Санкт-Петербургского государственного университета,иностранный язык,иностранный язык,иностранный язык,75 и более,Право на 100 баллов,иностранный язык,Победителям и призерам,11 класс
,Направление подготовки 41.03.01 Зарубежное регионоведение,,Открытая региональная межвузовская олимпиада школьников (ОРМО) с международным участием,русский язык,русский язык,русский язык,75 и более,Право на 100 баллов,русский язык,Победителям и призерам,11 класс
,Направление подготовки 41.03.01 Зарубежное регионоведение,,Плехановская олимпиада школьников,иностранный язык,иностранный язык,иностранный язык,75 и более,Право на 100 баллов,иностранный язык,Победителям и призерам,11 класс
,Направление подготовки 41.03.01 Зарубежное регионоведение,,Плехановская олимпиада школьников,русский язык,русский язык,русский язык,75 и более,Право на 100 баллов,русский язык,Победителям и призерам,11 класс
,Направление подготовки 41.03.01 Зарубежное регионоведение,,Турнир имени М.В. Ломоносова,история,история,история,75 и более,Право на 100 баллов,история,Победителям и призерам,11 класс
,Направление подготовки 41.03.01 Зарубежное регионоведение,,Турнир имени М.В. Ломоносова,лингвистика,"русский язык, иностранный язык, математика",русский язык,75 и более,Право на 100 баллов,русский язык,Победителям и призерам,11 класс
,Направление подготовки 41.03.04 Политология,Всероссийская олимпиада школьников «Высшая проба»,иностранный язык,иностранный язык,иностранный язык,75 и более,Право на 100 баллов,иностранный язык,Победителям и призерам,"10, 11 класс"
,Направление подготовки 41.03.04 Политология,Всероссийская олимпиада школьников «Высшая проба»,история,история,история,75 и более,Право на прием БВИ,история,Победителям,11 класс
,Направление подготовки 41.03.04 Политология,Всероссийская олимпиада школьников «Высшая проба»,история,история,история,75 и более,Право на 100 баллов,история,Победителям и призерам,"10, 11 класс"
,Направление подготовки 41.03.04 Политология,Всероссийская олимпиада школьников «Высшая проба»,обществознание,обществознание,обществознание,75 и более,Право на прием БВИ,обществознание,Победителям,11 класс
,Направление подготовки 41.03.04 Политология,Всероссийская олимпиада школьников «Высшая проба»,обществознание,обществознание,обществознание,75 и более,Право на 100 баллов,обществознание,Победителям и призерам,"10, 11 класс"
,Направление подготовки 41.03.04 Политология,Всероссийская олимпиада школьников «Высшая проба»,политология,политические науки и регионоведение,обществознание/история,75 и более,Право на 100 баллов,обществознание,Победителям и призерам,"10, 11 класс"
,Направление подготовки 41.03.04 Политология,Всероссийская олимпиада школьников «Высшая проба»,философия,"философия, этика и религиоведение",обществознание/история,75 и более,Право на 100 баллов,обществознание,Победителям и призерам,"10, 11 класс"
,Направление подготовки 41.03.04 Политология,Всероссийская олимпиада школьников «Высшая проба»,международные отношения,политические науки и регионоведение,обществознание/история,75 и более,Право на 100 баллов,обществознание/история,Победителям и призерам,"10, 11 класс"
,Направление подготовки 41.03.04 Политология,Всероссийская олимпиада школьников «Высшая проба»,право,право,история/обществознание,75 и более,Право на 100 баллов,обществознание,Победителям и призерам,"10, 11 класс"
,Направление подготовки 41.03.04 Политология,Всероссийская олимпиада школьников «Высшая проба»,география,география,география/обществознание/история,75 и более,Право на 100 баллов,география,Победителям и призерам,"10, 11 класс"
,Направление подготовки 41.03.04 Политология,Всероссийская олимпиада школьников «Высшая проба»,социология,социология и социальная работа,обществознание,75 и более,Право на 100 баллов,обществознание,Победителям и призерам,"10, 11 класс"
,Направление подготовки 41.03.04 Политология,Всероссийская олимпиада школьников «Высшая проба»,математика,математика,математика,75 и более,Право на прием БВИ,математика,Победителям,11 класс
,Направление подготовки 41.03.04 Политология,,,математика,75 и более,Право на 100 баллов,математика,Победителям и призерам,"10, 11 класс"
,Направление подготовки 41.03.04 Политология,,анализ данных,"компьютерные и информационные науки, информатика и вычислительная техника",математика/информатика,75 и более,Право на 100 баллов,математика/информатика,Победителям и призерам,"10, 11 класс"
,Направление подготовки 41.03.04 Политология,,информатика,информатика,информатика,75 и более,Право на прием БВИ,информатика,Победителям,11 класс
,Направление подготовки 41.03.04 Политология,,,информатика,75 и более,Право на 100 баллов,информатика,Победителям и призерам,"10, 11 класс"
,Направление подготовки 41.03.04 Политология,,промышленное программирование,"компьютерные и информационные науки, информатика и вычислительная техника",информатика,75 и более,Право на прием БВИ,информатика,Победителям,11 класс
,Направление подготовки 41.03.04 Политология,,,информатика,75 и более,Право на 100 баллов,информатика,Победителям и призерам,11 класс
,Направление подготовки 41.03.04 Политология,Кутафинская олимпиада школьников по праву,право,право,обществознание,75 и более,Право на 100 баллов,обществознание,Победителям,11 класс
,Направление подготовки 41.03.04 Политология,Олимпиада МГИМО МИД России для школьников,гуманитарные и социальные науки,история,история,75 и более,Право на 100 баллов,история,Победителям,11 класс
,Направление подготовки 41.03.04 Политология,Олимпиада МГИМО МИД России для школьников,гуманитарные и социальные науки,обществознание,обществознание,75 и более,Право на 100 баллов,обществознание,Победителям,11 класс
,Направление подготовки 41.03.04 Политология,Московская олимпиада школьников,история,история,история,75 и более,Право на 100 баллов,история,Победителям,11 класс
,Направление подготовки 41.03.04 Политология,Московская олимпиада школьников,обществознание,обществознание,обществознание,75 и более,Право на 100 баллов,обществознание,Победителям,11 класс
,Направление подготовки 41.03.04 Политология,Московская олимпиада школьников,математика,математика,математика,75 и более,Право на прием БВИ,математика,Победителям,11 класс
,Направление подготовки 41.03.04 Политология,Московская олимпиада школьников,математика,математика,математика,75 и более,Право на 100 баллов,математика,Победителям и призерам,11 класс
,Направление подготовки 41.03.04 Политология,Московская олимпиада школьников,вероятность и статистика,математика,математика,75 и более,Право на 100 баллов,математика,Победителям и призерам,11 класс
,Направление подготовки 41.03.04 Политология,Московская олимпиада школьников,лингвистика,иностранный язык,иностранный язык,75 и более,Право на 100 баллов,иностранный язык,Победителям,11 класс
42,Политология,Олимпиада РГТУ для школьников,иностранный язык,иностранный язык,иностранный язык,75 и более,Право на 100 баллов,иностранный язык,Победителям,11 класс
,Политология,Олимпиада РГТУ для школьников,история,история,история,75 и более,Право на 100 баллов,история,Победителям,11 класс
,Политология,Олимпиада РГТУ для школьников,обществознание,обществознание,обществознание,75 и более,Право на 100 баллов,обществознание,Победителям,11 класс
,Политология,Олимпиада школьников «Ломоносов»,история,история,история,75 и более,Право на 100 баллов,история,Победителям и призерам,11 класс
,Политология,Олимпиада школьников «Ломоносов»,обществознание,обществознание,обществознание,75 и более,Право на 100 баллов,обществознание,Победителям и призерам,11 класс
,Политология,Олимпиада школьников «Ломоносов»,политология,история,обществознание,75 и более,Право на 100 баллов,обществознание,Победителям и призерам,11 класс
,Политология,Олимпиада школьников «Ломоносов»,география,география,география,75 и более,Право на 100 баллов,география,Победителям и призерам,11 класс
,Политология,Олимпиада школьников «Ломоносов»,право,юриспруденция,обществознание,75 и более,Право на 100 баллов,обществознание,Победителям и призерам,11 класс
,Политология,Олимпиада школьников «Ломоносов»,международные отношения и глобалистика,история,история,75 и более,Право на 100 баллов,история,Победителям и призерам,11 класс
,Политология,Олимпиада школьников «Ломоносов»,математика,математика,математика,75 и более,Право на прием БВИ,математика,Победителям,11 класс
,Политология,Олимпиада школьников «Ломоносов»,математика,математика,математика,75 и более,Право на 100 баллов,математика,Победителям и призерам,11 класс
,Политология,Олимпиада школьников «Покори Воробьевы горы!»,история,история,история,75 и более,Право на 100 баллов,история,Победителям и призерам,11 класс
,Политология,Олимпиада школьников «Покори Воробьевы горы!»,обществознание,обществознание,обществознание,75 и более,Право на 100 баллов,обществознание,Победителям и призерам,11 класс
,Политология,Олимпиада школьников «Покори Воробьевы горы!»,математика,математика,математика,75 и более,Право на прием БВИ,математика,Победителям,11 класс
,Политология,Олимпиада школьников «Покори Воробьевы горы!»,математика,математика,математика,75 и более,Право на 100 баллов,математика,Победителям и призерам,11 класс
,Политология,Олимпиада школьников Российской академии народного хозяйства и государственной службы при Президенте Российской Федерации,политология,политология,обществознание,75 и более,Право на 100 баллов,обществознание,Победителям и призерам,11 класс
,Политология,Олимпиада школьников Российской академии народного хозяйства и государственной службы при Президенте Российской Федерации,история,история,история,75 и более,Право на 100 баллов,история,Победителям и призерам,11 класс
,Политология,Олимпиада школьников Российской академии народного хозяйства и государственной службы при Президенте Российской Федерации,обществознание,обществознание,обществознание,75 и более,Право на 100 баллов,обществознание,Победителям и призерам,11 класс
,Политология,Олимпиада школьников Санкт-Петербургского государственного университета,право,право,обществознание,75 и более,Право на 100 баллов,обществознание,Победителям и призерам,11 класс
,Политология,Олимпиада школьников Санкт-Петербургского государственного университета,политология,политические науки и регионоведение,обществознание,75 и более,Право на 100 баллов,обществознание,Победителям и призерам,11 класс
,Политология,Олимпиада школьников Санкт-Петербургского государственного университета,международные отношения,политические науки и регионоведение,обществознание,75 и более,Право на 100 баллов,обществознание,Победителям и призерам,11 класс
,Политология,Олимпиада школьников Санкт-Петербургского государственного университета,география,география,география,75 и более,Право на 100 баллов,география,Победителям и призерам,11 класс
,Политология,Олимпиада школьников Санкт-Петербургского государственного университета,гуманитарные и социальные науки,история,история,75 и более,Право на 100 баллов,история,Победителям и призерам,11 класс
,Политология,Олимпиада школьников Санкт-Петербургского государственного университета,гуманитарные и социальные науки,обществознание,обществознание,75 и более,Право на 100 баллов,обществознание,Победителям и призерам,11 класс
,Политология,Олимпиада школьников Санкт-Петербургского государственного университета,иностранный язык,иностранный язык,иностранный язык,75 и более,Право на 100 баллов,иностранный язык,Победителям и призерам,11 класс
,Политология,Олимпиада школьников Санкт-Петербургского государственного университета,математика,математика,математика,75 и более,Право на прием БВИ,математика,Победителям и призерам,11 класс
,Политология,Олимпиада школьников Санкт-Петербургского государственного университета,математика,математика,математика,75 и более,Право на 100 баллов,математика,Победителям и призерам,11 класс
,Политология,Олимпиада школьников Санкт-Петербургского государственного университета,математическое моделирование и искусственный интеллект,"математика и механика, информатика и вычислительная техника",математика,75 и более,Право на 100 баллов,математика,Победителям и призерам,11 класс
,Политология,Олимпиада школьников Санкт-Петербургского государственного университета,информатика,информатика,информатика,75 и более,Право на 100 баллов,информатика,Победителям и призерам,11 класс
,Направление подготовки 41.03.05 Международные отношения,Всероссийская олимпиада школьников «Высшая проба»,обществознание,обществознание,обществознание,75 и более,Право на 100 баллов,обществознание,Победителям и призерам,11 класс
,Направление подготовки 41.03.05 Международные отношения,Всероссийская олимпиада школьников «Высшая проба»,история,история,история,75 и более,Право на прием БВИ,история,Победителям и призерам,11 класс
,Направление подготовки 41.03.05 Международные отношения,Всероссийская олимпиада школьников «Высшая проба»,иностранный язык,иностранный язык,иностранный язык,75 и более,Право на 100 баллов,иностранный язык,Победителям и призерам,11 класс
,Направление подготовки 41.03.05 Международные отношения,Всероссийская олимпиада школьников «Высшая проба»,русский язык,русский язык,русский язык,75 и более,Право на 100 баллов,русский язык,Победителям и призерам,11 класс
,Направление подготовки 41.03.05 Международные отношения,Всероссийская олимпиада школьников «Высшая проба»,международные отношения,политические науки и регионоведение,история,75 и более,Право на прием БВИ,история,Победителям,11 класс
,Направление подготовки 41.03.05 Международные отношения,,,история,75 и более,Право на 100 баллов,история,Победителям и призерам,11 класс
,Направление подготовки 41.03.05 Международные отношения,,,обществознание,75 и более,Право на 100 баллов,обществознание,Победителям и призерам,11 класс
,Направление подготовки 41.03.05 Международные отношения,Герценовская олимпиада школьников,иностранный язык,иностранный язык,иностранный язык,75 и более,Право на 100 баллов,иностранный язык,Победителям и призерам,11 класс
,Направление подготовки 41.03.05 Международные отношения,Международная олимпиада школьников Уральского федерального университета «Изумруд»,русский язык,русский язык,русский язык,75 и более,Право на 100 баллов,русский язык,Победителям и призерам,11 класс
,Направление подготовки 41.03.05 Международные отношения,Международная олимпиада школьников Уральского федерального университета «Изумруд»,обществознание,обществознание,обществознание,75 и более,Право на 100 баллов,обществознание,Победителям и призерам,11 класс
,Направление подготовки 41.03.05 Международные отношения,Межрегиональная олимпиада школьников «Будущие исследователи - будущее науки»,русский язык,русский язык,русский язык,75 и более,Право на 100 баллов,русский язык,Победителям и призерам,11 класс
,Направление подготовки 41.03.05 Международные отношения,Межрегиональная олимпиада школьников «Евразийская лингвистическая олимпиада»,иностранный язык,иностранный язык,иностранный язык,75 и более,Право на 100 баллов,иностранный язык,Победителям и призерам,11 класс
,Направление подготовки 41.03.05 Международные отношения,Межрегиональная олимпиада школьников на базе ведомственных образовательных организаций,иностранный язык,иностранный язык,иностранный язык,75 и более,Право на 100 баллов,иностранный язык,Победителям и призерам,11 класс
,Направление подготовки 41.03.05 Международные отношения,Межрегиональные предметные олимпиады федерального государственного автономного образовательного учреждения высшего образования «Казанский (Приволжский) федеральный университет»,русский язык,русский язык,русский язык,75 и более,Право на 100 баллов,русский язык,Победителям и призерам,11 класс
,Направление подготовки 41.03.05 Международные отношения,Межрегиональные предметные олимпиады федерального государственного автономного образовательного учреждения высшего образования «Казанский (Приволжский) федеральный университет»,иностранный язык,иностранный язык,иностранный язык,75 и более,Право на 100 баллов,иностранный язык,Победителям и призерам,11 класс
,Направление подготовки 41.03.05 Международные отношения,Московская олимпиада школьников,обществознание,обществознание,обществознание,75 и более,Право на 100 баллов,обществознание,Победителям и призерам,11 класс
,Направление подготовки 41.03.05 Международные отношения,Московская олимпиада школьников,история,история,история,75 и более,Право на 100 баллов,история,Победителям и призерам,11 класс
,Направление подготовки 41.03.05 Международные отношения,Московская олимпиада школьников,лингвистика,иностранный язык,иностранный язык,75 и более,Право на 100 баллов,иностранный язык,Победителям и призерам,11 класс
,Направление подготовки 41.03.05 Международные отношения,,,иностранный язык,русский язык,75 и более,Право на 100 баллов,русский язык,Победителям и призерам,11 класс
,Направление подготовки 41.03.05 Международные отношения,Океан знаний,русский язык,русский язык,русский язык,75 и более,Право на 100 баллов,русский язык,Победителям и призерам,11 класс
,Направление подготовки 41.03.05 Международные отношения,Олимпиада РГТУ для школьников,русский язык,русский язык,русский язык,75 и более,Право на 100 баллов,русский язык,Победителям и призерам,11 класс
,Направление подготовки 41.03.05 Международные отношения,Олимпиада РГТУ для школьников,иностранный язык,иностранный язык,иностранный язык,75 и более,Право на 100 баллов,иностранный язык,Победителям и призерам,11 класс
,Направление подготовки 41.03.05 Международные отношения,Олимпиада РГТУ для школьников,история,история,история,75 и более,Право на 100 баллов,история,Победителям и призерам,11 класс
,Направление подготовки 41.03.05 Международные отношения,Олимпиада школьников «Ломоносов»,русский язык,русский язык,русский язык,75 и более,Право на 100 баллов,русский язык,Победителям и призерам,11 класс
,Направление подготовки 41.03.05 Международные отношения,Олимпиада школьников «Ломоносов»,обществознание,обществознание,обществознание,75 и более,Право на 100 баллов,обществознание,Победителям и призерам,11 класс
,Направление подготовки 41.03.05 Международные отношения,Олимпиада школьников «Ломоносов»,международные отношения и глобалистика,история,история,75 и более,Право на 100 баллов,история,Победителям и призерам,11 класс
,Направление подготовки 41.03.05 Международные отношения,Олимпиада школьников «Ломоносов»,история,история,история,75 и более,Право на 100 баллов,история,Победителям и призерам,11 класс
,Направление подготовки 41.03.05 Международные отношения,Олимпиада школьников «Ломоносов»,иностранный язык,иностранный язык,иностранный язык,75 и более,Право на 100 баллов,иностранный язык,Победителям и призерам,11 класс
,Направление подготовки 41.03.05 Международные отношения,Олимпиада школьников «Покори Воробьевы горы!»,обществознание,обществознание,обществознание,75 и более,Право на 100 баллов,обществознание,Победителям и призерам,11 класс
,Направление подготовки 41.03.05 Международные отношения,Олимпиада школьников «Покори Воробьевы горы!»,иностранный язык,иностранный язык,иностранный язык,75 и более,Право на 100 баллов,иностранный язык,Победителям и призерам,11 класс
,Направление подготовки 41.03.05 Международные отношения,Олимпиада школьников «Покори Воробьевы горы!»,история,история,история,75 и более,Право на 100 баллов,история,Победителям и призерам,11 класс
,Направление подготовки 41.03.05 Международные отношения,Олимпиада школьников Российской академии народного хозяйства и государственной службы при Президенте Российской Федерации,обществознание,обществознание,обществознание,75 и более,Право на 100 баллов,обществознание,Победителям и призерам,11 класс
,Направление подготовки 41.03.05 Международные отношения,Олимпиада школьников Российской академии народного хозяйства и государственной службы при Президенте Российской Федерации,политология,политология,обществознание,75 и более,Право на 100 баллов,обществознание,Победителям и призерам,11 класс
,Направление подготовки 41.03.05 Международные отношения,Олимпиада школьников Санкт-Петербургского государственного университета,обществознание,обществознание,обществознание,75 и более,Право на 100 баллов,обществознание,Победителям и призерам,11 класс
,Направление подготовки 41.03.05 Международные отношения,Олимпиада школьников Санкт-Петербургского государственного университета,международные отношения,политические науки и регионоведение,история,75 и более,Право на прием БВИ,история,Победителям,11 класс
,Направление подготовки 41.03.05 Международные отношения,Олимпиада школьников Санкт-Петербургского государственного университета,международные отношения,политические науки и регионоведение,история,75 и более,Право на 100 баллов,история,Победителям и призерам,11 класс
,Направление подготовки 41.03.05 Международные отношения,Олимпиада школьников Санкт-Петербургского государственного университета,история,история,история,75 и более,Право на 100 баллов,история,Победителям и призерам,11 класс
,Направление подготовки 41.03.05 Международные отношения,Олимпиада школьников Санкт-Петербургского государственного университета,иностранный язык,иностранный язык,иностранный язык,75 и более,Право на 100 баллов,иностранный язык,Победителям и призерам,11 класс
,Направление подготовки 41.03.05 Международные отношения,Открытая региональная межвузовская олимпиада школьников (ОРМО) с международным участием,русский язык,русский язык,русский язык,75 и более,Право на 100 баллов,русский язык,Победителям и призерам,11 класс
46,Программа двух дипломов НИУ ВШЭ и Университета Кёнхи «Экономика и политика в Азии»,Олимпиада школьников «Покори Воробьевы горы!»,обществознание,обществознание,обществознание,75 и более,Право на прием БВИ,обществознание,Победителям,11 класс
,Программа двух дипломов НИУ ВШЭ и Университета Кёнхи «Экономика и политика в Азии»,Олимпиада школьников «Покори Воробьевы горы!»,обществознание,обществознание,обществознание,75 и более,Право на 100 баллов,обществознание,Победителям и призерам,11 класс
,Программа двух дипломов НИУ ВШЭ и Университета Кёнхи «Экономика и политика в Азии»,Олимпиада школьников «Покори Воробьевы горы!»,иностранный язык,иностранный язык,иностранный язык,75 и более,Право на 100 баллов,иностранный язык,Победителям и призерам,11 класс
,Программа двух дипломов НИУ ВШЭ и Университета Кёнхи «Экономика и политика в Азии»,Олимпиада школьников Санкт-Петербургского государственного университета,обществознание,обществознание,обществознание,75 и более,Право на прием БВИ,обществознание,Победителям,11 класс
,Программа двух дипломов НИУ ВШЭ и Университета Кёнхи «Экономика и политика в Азии»,Олимпиада школьников Санкт-Петербургского государственного университета,обществознание,обществознание,обществознание,75 и более,Право на 100 баллов,обществознание,Победителям и призерам,11 класс
,Программа двух дипломов НИУ ВШЭ и Университета Кёнхи «Экономика и политика в Азии»,Олимпиада школьников Санкт-Петербургского государственного университета,иностранный язык,иностранный язык,иностранный язык,75 и более,Право на 100 баллов,иностранный язык,Победителям и призерам,11 класс
,Программа двух дипломов НИУ ВШЭ и Университета Кёнхи «Экономика и политика в Азии»,Открытая региональная межвузовская олимпиада школьников (ОРМО) с международным участием,русский язык,русский язык,русский язык,75 и более,Право на 100 баллов,русский язык,Победителям и призерам,11 класс
,Программа двух дипломов НИУ ВШЭ и Университета Кёнхи «Экономика и политика в Азии»,Открытая региональная межвузовская олимпиада школьников (ОРМО) с международным участием,история,история,обществознание,75 и более,Право на 100 баллов,обществознание,Победителям и призерам,11 класс
,Программа двух дипломов НИУ ВШЭ и Университета Кёнхи «Экономика и политика в Азии»,Всероссийская олимпиада школьников «Высшая проба»,русский язык,русский язык,русский язык,75 и более,Право на 100 баллов,русский язык,Победителям и призерам,11 класс
,Программа двух дипломов НИУ ВШЭ и Университета Кёнхи «Экономика и политика в Азии»,Всероссийская олимпиада школьников «Высшая проба»,обществознание,обществознание,обществознание,75 и более,Право на прием БВИ,обществознание,Победителям,11 класс
,Программа двух дипломов НИУ ВШЭ и Университета Кёнхи «Экономика и политика в Азии»,Всероссийская олимпиада школьников «Высшая проба»,международные отношения,политические науки и регионоведение,обществознание,75 и более,Право на 100 баллов,обществознание,Победителям,11 класс
,Программа двух дипломов НИУ ВШЭ и Университета Кёнхи «Экономика и политика в Азии»,Всероссийская олимпиада школьников «Высшая проба»,восточные языки,иностранный язык,иностранный язык,75 и более,Право на 100 баллов,иностранный язык,Победителям,11 класс
,Программа двух дипломов НИУ ВШЭ и Университета Кёнхи «Экономика и политика в Азии»,Всероссийская олимпиада школьников «Высшая проба»,иностранный язык,иностранный язык,иностранный язык,75 и более,Право на 100 баллов,иностранный язык,Победителям и призерам,11 класс
,Программа двух дипломов НИУ ВШЭ и Университета Кёнхи «Экономика и политика в Азии»,Герценовская олимпиада школьников,иностранный язык,иностранный язык,иностранный язык,75 и более,Право на 100 баллов,иностранный язык,Победителям и призерам,11 класс
,Программа двух дипломов НИУ ВШЭ и Университета Кёнхи «Экономика и политика в Азии»,Всероссийская академическая олимпиада школьников имени В.И. Вернадского,гуманитарные и социальные науки,"история, обществознание",обществознание,75 и более,Право на 100 баллов,обществознание,Победителям и призерам,11 класс
,Программа двух дипломов НИУ ВШЭ и Университета Кёнхи «Экономика и политика в Азии»,Олимпиада МГИМО МИД России для школьников,гуманитарные и социальные науки,"история, обществознание",обществознание,75 и более,Право на 100 баллов,обществознание,Победителям и призерам,11 класс
,Программа двух дипломов НИУ ВШЭ и Университета Кёнхи «Экономика и политика в Азии»,Межрегиональная олимпиада школьников «Будущие исследователи - будущее науки",русский язык,русский язык,русский язык,75 и более,Право на 100 баллов,русский язык,Победителям и призерам,11 класс
,Программа двух дипломов НИУ ВШЭ и Университета Кёнхи «Экономика и политика в Азии»,Межрегиональная олимпиада школьников «Евразийская лингвистическая олимпиада»,иностранный язык,иностранный язык,иностранный язык,75 и более,Право на 100 баллов,иностранный язык,Победителям и призерам,11 класс
,Программа двух дипломов НИУ ВШЭ и Университета Кёнхи «Экономика и политика в Азии»,Межрегиональная олимпиада школьников на базе ведомственных образовательных организаций,иностранный язык,иностранный язык,иностранный язык,75 и более,Право на 100 баллов,иностранный язык,Победителям и призерам,11 класс
,Программа двух дипломов НИУ ВШЭ и Университета Кёнхи «Экономика и политика в Азии»,Межрегиональные предметные олимпиады федерального государственного автономного образовательного учреждения высшего образования «Казанский (Приволжский) федеральный университет»,русский язык,русский язык,русский язык,75 и более,Право на 100 баллов,русский язык,Победителям и призерам,11 класс
,Программа двух дипломов НИУ ВШЭ и Университета Кёнхи «Экономика и политика в Азии»,Межрегиональные предметные олимпиады федерального государственного автономного образовательного учреждения высшего образования «Казанский (Приволжский) федеральный университет»,иностранный язык,иностранный язык,иностранный язык,75 и более,Право на 100 баллов,иностранный язык,Победителям и призерам,11 класс
,Программа двух дипломов НИУ ВШЭ и Университета Кёнхи «Экономика и политика в Азии»,Московская олимпиада школьников,обществознание,обществознание,обществознание,75 и более,Право на 100 баллов,обществознание,Победителям и призерам,11 класс
,Программа двух дипломов НИУ ВШЭ и Университета Кёнхи «Экономика и политика в Азии»,Московская олимпиада школьников,лингвистика,иностранный язык,русский язык,75 и более,Право на 100 баллов,русский язык,Победителям и призерам,11 класс
,Программа двух дипломов НИУ ВШЭ и Университета Кёнхи «Экономика и политика в Азии»,Олимпиада РГТУ для школьников,русский язык,русский язык,русский язык,75 и более,Право на 100 баллов,русский язык,Победителям и призерам,11 класс
,Программа двух дипломов НИУ ВШЭ и Университета Кёнхи «Экономика и политика в Азии»,Олимпиада РГТУ для школьников,обществознание,обществознание,обществознание,75 и более,Право на 100 баллов,обществознание,Победителям и призерам,11 класс
,Программа двух дипломов НИУ ВШЭ и Университета Кёнхи «Экономика и политика в Азии»,Олимпиада РГТУ для школьников,иностранный язык,иностранный язык,иностранный язык,75 и более,Право на 100 баллов,иностранный язык,Победителям и призерам,11 класс
,Программа двух дипломов НИУ ВШЭ и Университета Кёнхи «Экономика и политика в Азии»,Олимпиада РГТУ для школьников,русский язык,русский язык,русский язык,75 и более,Право на 100 баллов,русский язык,Победителям и призерам,11 класс
,Программа двух дипломов НИУ ВШЭ и Университета Кёнхи «Экономика и политика в Азии»,Олимпиада школьников «Ломоносов»,основы российской государственности,"история, обществознание",обществознание,75 и более,Право на прием БВИ,обществознание,Победителям и призерам,11 класс
,Программа двух дипломов НИУ ВШЭ и Университета Кёнхи «Экономика и политика в Азии»,Олимпиада школьников «Ломоносов»,обществознание,обществознание,обществознание,75 и более,Право на прием БВИ,обществознание,Победителям и призерам,11 класс
,Программа двух дипломов НИУ ВШЭ и Университета Кёнхи «Экономика и политика в Азии»,Олимпиада школьников «Ломоносов»,иностранный язык,иностранный язык,иностранный язык,75 и более,Право на 100 баллов,иностранный язык,Победителям и призерам,11 класс
,Программа двух дипломов НИУ ВШЭ и Университета Кёнхи «Экономика и политика в Азии»,Олимпиада школьников «Покори Воробьевы горы!»,обществознание,обществознание,обществознание,75 и более,Право на 100 баллов,обществознание,Победителям и призерам,11 класс
,Программа двух дипломов НИУ ВШЭ и Университета Кёнхи «Экономика и политика в Азии»,Олимпиада школьников «Покори Воробьевы горы!»,иностранный язык,иностранный язык,иностранный язык,75 и более,Право на 100 баллов,иностранный язык,Победителям и призерам,11 класс
,Программа двух дипломов НИУ ВШЭ и Университета Кёнхи «Экономика и политика в Азии»,Олимпиада школьников Российской академии народного хозяйства и государственной службы при Президенте Российской Федерации,обществознание,обществознание,обществознание,75 и более,Право на 100 баллов,обществознание,Победителям и призерам,11 класс
,Программа двух дипломов НИУ ВШЭ и Университета Кёнхи «Экономика и политика в Азии»,Олимпиада школьников Санкт-Петербургского государственного университета,гуманитарные и социальные науки,"история, обществознание",обществознание,75 и более,Право на 100 баллов,обществознание,Победителям и призерам,11 класс
,Программа двух дипломов НИУ ВШЭ и Университета Кёнхи «Экономика и политика в Азии»,Олимпиада школьников Санкт-Петербургского государственного университета,обществознание,обществознание,обществознание,75 и более,Право на прием БВИ,обществознание,Победителям и призерам,11 класс
,Программа двух дипломов НИУ ВШЭ и Университета Кёнхи «Экономика и политика в Азии»,Открытая региональная межвузовская олимпиада школьников (ОРМО) с международным участием,русский язык,русский язык,русский язык,75 и более,Право на 100 баллов,русский язык,Победителям и призерам,11 класс
,Программа двух дипломов НИУ ВШЭ и Университета Кёнхи «Экономика и политика в Азии»,Плехановская олимпиада школьников,иностранный язык,иностранный язык,иностранный язык,75 и более,Право на 100 баллов,иностранный язык,Победителям и призерам,11 класс
,Программа двух дипломов НИУ ВШЭ и Университета Кёнхи «Экономика и политика в Азии»,Плехановская олимпиада школьников,русский язык,русский язык,русский язык,75 и более,Право на 100 баллов,русский язык,Победителям и призерам,11 класс
,Направление подготовки 42.03.01 Реклама и связи с общественностью,Всероссийская олимпиада школьников «Высшая проба»,обществознание,обществознание,обществознание,75 и более,Право на 100 баллов,обществознание,Победителям,11 класс
,Направление подготовки 42.03.01 Реклама и связи с общественностью,Всероссийская олимпиада школьников «Высшая проба»,русский язык,русский язык,русский язык,75 и более,Право на 100 баллов,русский язык,Победителям,11 класс
,Направление подготовки 42.03.01 Реклама и связи с общественностью,Олимпиада школьников «Ломоносов»,иностранный язык,иностранный язык,иностранный язык,75 и более,Право на 100 баллов,иностранный язык,Победителям,11 класс
,Направление подготовки 42.03.01 Реклама и связи с общественностью,Телевизионная гуманитарная олимпиада школьников «Умницы и умники»,гуманитарные и социальные науки,"средства массовой информации и информационно-библиотечное дело, политические науки и регионоведение",обществознание,75 и более,Право на 100 баллов,обществознание,Победителям,11 класс
,Направление подготовки 42.03.01 Реклама и связи с общественностью,Всероссийская олимпиада школьников «Высшая проба»,обществознание,обществознание,обществознание,75 и более,Право на 100 баллов,обществознание,Победителям,11 класс
,Стратегия и продюсирование в коммуникациях,Олимпиада школьников «Ломоносов»,обществознание,обществознание,обществознание,75 и более,Право на 100 баллов,обществознание,Победителям,11 класс
,Стратегия и продюсирование в коммуникациях,Телевизионная гуманитарная олимпиада школьников «Умницы и умники»,история,история,история,75 и более,Право на 100 баллов,история,Победителям,11 класс
,Стратегия и продюсирование в коммуникациях,Олимпиада школьников «Ломоносов»,информатика,информатика,информатика,75 и более,Право на 100 баллов,информатика,Победителям,11 класс
,Стратегия и продюсирование в коммуникациях,Телевизионная гуманитарная олимпиада школьников «Умницы и умники»,история,история,история,75 и более,Право на 100 баллов,история,Победителям,11 класс
,Стратегия и продюсирование в коммуникациях,Олимпиада школьников «Ломоносов»,информатика,информатика,информатика,75 и более,Право на 100 баллов,информатика,Победителям,11 класс
,Стратегия и продюсирование в коммуникациях,Телевизионная гуманитарная олимпиада школьников «Умницы и умники»,история,история,история,75 и более,Право на 100 баллов,обществознание,Победителям,11 класс
,Направление подготовки 42.03.02 Журналистика,Всероссийская олимпиада школьников «Высшая проба»,журналистика,средства массовой информации и информационно-библиотечное дело,-,-,Право на прием БВИ,творческое испытание,Победителям,11 класс
,Направление подготовки 42.03.02 Журналистика,Всероссийская олимпиада школьников «Высшая проба»,русский язык,русский язык,русский язык,75 и более,Право на 100 баллов,творческое испытание,Победителям и призерам,11 класс
,Направление подготовки 42.03.02 Журналистика,Всероссийская олимпиада школьников «Высшая проба»,филология,литература,литература,75 и более,Право на 100 баллов,литература,Победителям и призерам,11 класс
,Направление подготовки 42.03.02 Журналистика,Олимпиада школьников «Ломоносов»,журналистика,средства массовой информации и информационно-библиотечное дело,-,-,Право на 100 баллов,творческое испытание,Победителям и призерам,11 класс
,Направление подготовки 42.03.02 Журналистика,Олимпиада школьников «Покори Воробьёвы горы!»,журналистика,средства массовой информации и информационно-библиотечное дело,-,-,Право на 100 баллов,творческое испытание,Победителям и призерам,11 класс
,Направление подготовки 42.03.05 Медиакоммуникации,Всероссийская олимпиада школьников «Высшая проба»,филология,литература,литература,75 и более,Право на 100 баллов,литература,Победителям,11 класс
,Направление подготовки 42.03.05 Медиакоммуникации,Всероссийская олимпиада школьников «Высшая проба»,русский язык,русский язык,русский язык,75 и более,Право на 100 баллов,русский язык,Победителям,11 класс
,Направление подготовки 42.03.05 Медиакоммуникации,Всероссийская олимпиада школьников «Высшая проба»,иностранный язык,иностранный язык,иностранный язык,75 и более,Право на 100 баллов,иностранный язык,Победителям,11 класс
,Направление подготовки 42.03.05 Медиакоммуникации,Всероссийская олимпиада школьников «Высшая проба»,обществознание,обществознание,обществознание,75 и более,Право на 100 баллов,обществознание,Победителям,11 класс
,Направление подготовки 42.03.05 Медиакоммуникации,Всероссийская олимпиада школьников «Высшая проба»,история,история,история,75 и более,Право на 100 баллов,история,Победителям,11 класс
,Реклама и связи с общественностью,Всероссийская олимпиада школьников «Высшая проба»,обществознание,обществознание,обществознание,75 и более,Право на 100 баллов,история,Победителям,11 класс
,Реклама и связи с общественностью,Всероссийская олимпиада школьников «Высшая проба»,русский язык,русский язык,русский язык,75 и более,Право на 100 баллов,русский язык,Победителям,11 класс
,Реклама и связи с общественностью,Всероссийская олимпиада школьников «Высшая проба»,иностранный язык,иностранный язык,иностранный язык,75 и более,Право на 100 баллов,иностранный язык,Победителям,11 класс
,Реклама и связи с общественностью,Всероссийская олимпиада школьников «Высшая проба»,история,история,история,75 и более,Право на 100 баллов,история,Победителям,11 класс
,Реклама и связи с общественностью,Всероссийская олимпиада школьников «Высшая проба»,обществознание,обществознание,обществознание,75 и более,Право на 100 баллов,история,Победителям,11 класс
,Телевизионная гуманитарная олимпиада школьников «Умницы и умники»,Олимпиада школьников «Ломоносов»,гуманитарные и социальные науки,"средства массовой информации и информационно-библиотечное дело, политические науки и регионоведение",обществознание,75 и более,Право на 100 баллов,обществознание,Победителям,11 класс
,Направление подготовки 45.03.01 Филология,Всероссийская олимпиада школьников «Высшая проба»,филология,литература,литература,75 и более,Право на прием БВИ,литература,Победителям,11 класс
,Направление подготовки 45.03.01 Филология,Всероссийская олимпиада школьников «Высшая проба»,иностранный язык,иностранный язык,иностранный язык,75 и более,Право на 100 баллов,иностранный язык,Победителям,11 класс
,Направление подготовки 45.03.01 Филология,Всероссийская олимпиада школьников «Высшая проба»,русский язык,русский язык,русский язык,75 и более,Право на 100 баллов,русский язык,Победителям,11 класс
,Направление подготовки 45.03.01 Филология,Всероссийская олимпиада школьников «Высшая проба»,обществознание,обществознание,обществознание,75 и более,Право на 100 баллов,обществознание,Победителям,11 класс
,Направление подготовки 45.03.01 Филология,Всероссийская олимпиада школьников «Высшая проба»,история,история,история,75 и более,Право на 100 баллов,история,Победителям,11 класс
,Направление подготовки 45.03.01 Филология,,история,история,история,75 и более,Право на 100 баллов,история,Победителям и призерам,"10, 11 класс"
,Направление подготовки 45.03.01 Филология,,история,история,история,75 и более,Право на прием БВИ,история,Победителям,11 класс
,Направление подготовки 45.03.01 Филология,,история мировых цивилизаций,история,история,75 и более,Право на 100 баллов,история,Победителям,11 класс
,Направление подготовки 45.03.01 Филология,,русский язык,русский язык,русский язык,75 и более,Право на 100 баллов,русский язык,Победителям,11 класс
,Направление подготовки 45.03.01 Филология,Герценовская олимпиада школьников,иностранный язык,иностранный язык,иностранный язык,75 и более,Право на 100 баллов,иностранный язык,Победителям,11 класс
,Направление подготовки 45.03.01 Филология,Международная олимпиада школьников Уральского федерального университета «Изумруд»,русский язык,русский язык,русский язык,75 и более,Право на 100 баллов,русский язык,Победителям и призерам,11 класс
,Направление подготовки 45.03.01 Филология,Международная олимпиада школьников Уральского федерального университета «Изумруд»,история,история,история,75 и более,Право на 100 баллов,история,Победителям и призерам,11 класс
,Направление подготовки 45.03.01 Филология,Межрегиональная олимпиада школьников «Евразийская лингвистическая олимпиада»,иностранный язык,иностранный язык,иностранный язык,75 и более,Право на прием БВИ,иностранный язык,Победителям,11 класс
,Направление подготовки 45.03.01 Филология,,иностранный язык,иностранный язык,иностранный язык,75 и более,Право на 100 баллов,иностранный язык,Победителям и призерам,11 класс
,Направление подготовки 45.03.01 Филология,Межрегиональная олимпиада школьников "Будущие исследователи - будущее науки",история,история,история,75 и более,Право на прием БВИ,история,Победителям,"10, 11 класс"
,Направление подготовки 45.03.01 Филология,,история,история,история,75 и более,Право на 100 баллов,история,Победителям и призерам,"10, 11 класс"
,Направление подготовки 45.03.01 Филология,Межрегиональная олимпиада школьников «Будущие исследователи - будущее науки»,русский язык,русский язык,русский язык,75 и более,Право на 100 баллов,русский язык,Победителям и призерам,11 класс
,Направление подготовки 45.03.01 Филология,Межрегиональная олимпиада школьников на базе ведомственных образовательных организаций,иностранный язык,иностранный язык,иностранный язык,75 и более,Право на 100 баллов,иностранный язык,Победителям и призерам,11 класс
,Направление подготовки 45.03.01 Филология,Межрегиональные предметные олимпиады федерального государственного автономного образовательного учреждения высшего образования «Казанский (Приволжский) федеральный университет»,русский язык,русский язык,русский язык,75 и более,Право на 100 баллов,русский язык,Победителям и призерам,11 класс
,Направление подготовки 45.03.01 Филология,,история,история,история,75 и более,Право на 100 баллов,история,Победителям и призерам,"10, 11 класс"
,Направление подготовки 45.03.01 Филология,,иностранный язык,иностранный язык,иностранный язык,75 и более,Право на прием БВИ,иностранный язык,Победителям,11 класс
,Направление подготовки 45.03.01 Филология,,иностранный язык,иностранный язык,иностранный язык,75 и более,Право на 100 баллов,иностранный язык,Победителям и призерам,11 класс
,Направление подготовки 45.03.01 Филология,,иностранный язык,иностранный язык,иностранный язык,75 и более,Право на 100 баллов,иностранный язык,Победителям,10 класс
,Направление подготовки 45.03.01 Филология,Московская олимпиада школьников,филология,"русский язык, литература",литература,75 и более,Право на 100 баллов,литература,Победителям и призерам,11 класс
,Направление подготовки 45.03.01 Филология,,филология,"русский язык, литература",литература,75 и более,Право на 100 баллов,литература,Победителям,10 класс
,Направление подготовки 45.03.01 Филология,,история,история,история,75 и более,Право на прием БВИ,история,Победителям,"10, 11 класс"
,Направление подготовки 45.03.01 Филология,,история,история,история,75 и более,Право на 100 баллов,история,Победителям и призерам,"10, 11 класс"
,Направление подготовки 45.03.01 Филология,,лингвистика,иностранный язык,иностранный язык,75 и более,Право на прием БВИ,иностранный язык,Победителям,11 класс
,Направление подготовки 45.03.01 Филология,,лингвистика,иностранный язык,иностранный язык,75 и более,Право на 100 баллов,иностранный язык,Победителям и призерам,11 класс
,Направление подготовки 45.03.01 Филология,,лингвистика,иностранный язык,иностранный язык,75 и более,Право на 100 баллов,иностранный язык,Победителям,10 класс
,Направление подготовки 45.03.01 Филология,Океан знаний,русский язык,русский язык,русский язык,75 и более,Право на 100 баллов,русский язык,Победителям и призерам,11 класс
,Направление подготовки 45.03.01 Филология,Олимпиада РГТУ для школьников,иностранный язык,иностранный язык,иностранный язык,75 и более,Право на прием БВИ,иностранный язык,Победителям,11 класс
,Направление подготовки 45.03.01 Филология,,иностранный язык,иностранный язык,иностранный язык,75 и более,Право на 100 баллов,иностранный язык,Победителям и призерам,11 класс
,Направление подготовки 45.03.01 Филология,,иностранный язык,иностранный язык,иностранный язык,75 и более,Право на 100 баллов,иностранный язык,Победителям,10 класс
,Направление подготовки 45.03.01 Филология,,история,история,история,75 и более,Право на прием БВИ,история,Победителям,"10, 11 класс"
,Направление подготовки 45.03.01 Филология,,история,история,история,75 и более,Право на 100 баллов,история,Победителям и призерам,"10, 11 класс"
,Направление подготовки 45.03.01 Филология,,русский язык,русский язык,русский язык,75 и более,Право на прием БВИ,русский язык,Победителям,11 класс
,Направление подготовки 45.03.01 Филология,,русский язык,русский язык,русский язык,75 и более,Право на 100 баллов,русский язык,Победителям и призерам,11 класс
53,Классическая филология,Олимпиада школьников «Ломоносов»,русский язык,русский язык,русский язык,75 и более,Право на 100 баллов,русский язык,Победителям,10 класс
,Классическая филология,Олимпиада школьников «Ломоносов»,иностранный язык,иностранный язык,иностранный язык,75 и более,Право на прием БВИ,иностранный язык,Победителям,11 класс
,Классическая филология,,,иностранный язык,75 и более,Право на 100 баллов,иностранный язык,Победителям и призерам,11 класс
,Классическая филология,,иностранный язык,иностранный язык,иностранный язык,75 и более,Право на 100 баллов,иностранный язык,Победителям,10 класс
,Классическая филология,,история,история,история,75 и более,Право на прием БВИ,история,Победителям,"10, 11 класс"
,Классическая филология,,история,история,история,75 и более,Право на 100 баллов,история,Победителям и призерам,"10, 11 класс"
,Классическая филология,,русский язык,русский язык,русский язык,75 и более,Право на прием БВИ,русский язык,Победителям,11 класс
,Классическая филология,,,русский язык,75 и более,Право на 100 баллов,русский язык,Победителям и призерам,11 класс
,Классическая филология,,русский язык,русский язык,русский язык,75 и более,Право на 100 баллов,русский язык,Победителям,10 класс
,Классическая филология,Олимпиада школьников «Покори Воробьевы горы!»,иностранный язык,иностранный язык,иностранный язык,75 и более,Право на прием БВИ,иностранный язык,Победителям,11 класс
,Классическая филология,Олимпиада школьников «Покори Воробьевы горы!»,иностранный язык,иностранный язык,иностранный язык,75 и более,Право на 100 баллов,иностранный язык,Победителям и призерам,11 класс
,Классическая филология,Олимпиада школьников «Покори Воробьевы горы!»,иностранный язык,иностранный язык,иностранный язык,75 и более,Право на 100 баллов,иностранный язык,Победителям,10 класс
,Классическая филология,Олимпиада школьников «Покори Воробьевы горы!»,история,история,история,75 и более,Право на прием БВИ,история,Победителям,"10, 11 класс"
,Классическая филология,Олимпиада школьников «Покори Воробьевы горы!»,история,история,история,75 и более,Право на 100 баллов,история,Победителям и призерам,"10, 11 класс"
,Классическая филология,Олимпиада школьников Российской академии народного хозяйства и государственной службы при Президенте Российской Федерации,история,история,история,75 и более,Право на прием БВИ,история,Победителям,"10, 11 класс"
,Классическая филология,Олимпиада школьников Российской академии народного хозяйства и государственной службы при Президенте Российской Федерации,иностранный язык,иностранный язык,иностранный язык,75 и более,Право на 100 баллов,иностранный язык,Победителям и призерам,11 класс
,Классическая филология,Олимпиада школьников Российской академии народного хозяйства и государственной службы при Президенте Российской Федерации,иностранный язык,иностранный язык,иностранный язык,75 и более,Право на 100 баллов,иностранный язык,Победителям,10 класс
,Классическая филология,Олимпиада школьников Санкт-Петербургского государственного университета,филология,"иностранный язык, литература, русский язык",литература,75 и более,Право на прием БВИ,литература,Победителям,11 класс
,Классическая филология,,,литература,75 и более,Право на 100 баллов,литература,Победителям и призерам,11 класс
,Классическая филология,,филология,"иностранный язык, литература, русский язык",литература,75 и более,Право на 100 баллов,литература,Победителям,10 класс
,Классическая филология,,история,история,история,75 и более,Право на прием БВИ,история,Победителям,"10, 11 класс"
,Классическая филология,,история,история,история,75 и более,Право на 100 баллов,история,Победителям и призерам,"10, 11 класс"
,Классическая филология,,обществознание,обществознание,обществознание,75 и более,Право на прием БВИ,обществознание,Победителям,11 класс
,Классическая филология,,обществознание,обществознание,обществознание,75 и более,Право на 100 баллов,обществознание,Победителям и призерам,11 класс
,Классическая филология,,иностранный язык,иностранный язык,иностранный язык,75 и более,Право на прием БВИ,иностранный язык,Победителям,11 класс
,Классическая филология,,,иностранный язык,75 и более,Право на 100 баллов,иностранный язык,Победителям и призерам,11 класс
,Классическая филология,,иностранный язык,иностранный язык,иностранный язык,75 и более,Право на 100 баллов,иностранный язык,Победителям,10 класс
,Классическая филология,Открытая региональная межвузовская олимпиада школьников (ОРМО) с международным участием,литература,литература,литература,75 и более,Право на 100 баллов,литература,Победителям и призерам,11 класс
,Классическая филология,Открытая региональная межвузовская олимпиада школьников (ОРМО) с международным участием,история,история,история,75 и более,Право на 100 баллов,история,Победителям и призерам,"10, 11 класс"
,Классическая филология,Открытая региональная межвузовская олимпиада школьников (ОРМО) с международным участием,русский язык,русский язык,русский язык,75 и более,Право на 100 баллов,русский язык,Победителям и призерам,11 класс
,Классическая филология,Турнир имени М.В. Ломоносова,лингвистика,"русский язык, иностранный язык, математика",русский язык,75 и более,Право на прием БВИ,русский язык,Победителям,11 класс
,Классическая филология,Турнир имени М.В. Ломоносова,лингвистика,"русский язык, иностранный язык, математика",русский язык,75 и более,Право на 100 баллов,русский язык,Победителям и призерам,11 класс
,Классическая филология,Турнир имени М.В. Ломоносова,лингвистика,"русский язык, иностранный язык, математика",русский язык,75 и более,Право на 100 баллов,русский язык,Победителям,10 класс
,Классическая филология,Турнир имени М.В. Ломоносова,лингвистика,"русский язык, иностранный язык, математика",иностранный язык,75 и более,Право на прием БВИ,иностранный язык,Победителям,11 класс
,Классическая филология,,,иностранный язык,75 и более,Право на 100 баллов,иностранный язык,Победителям и призерам,11 класс
,Классическая филология,,история,история,история,75 и более,Право на прием БВИ,история,Победителям,"10, 11 класс"
,Классическая филология,,история,история,история,75 и более,Право на 100 баллов,история,Победителям и призерам,"10, 11 класс"
,Классическая филология,,лингвистика,"русский язык, иностранный язык, математика",иностранный язык,75 и более,Право на 100 баллов,иностранный язык,Победителям,10 класс
,Классическая филология,,,75 и более,Право на прием БВИ,русский язык,Победителям,11 класс
,Классическая филология,Плехановская олимпиада школьников,русский язык,русский язык,русский язык,75 и более,Право на 100 баллов,русский язык,Победителям и призерам,11 класс
,Классическая филология,,русский язык,русский язык,русский язык,75 и более,Право на 100 баллов,русский язык,Победителям,10 класс
,Классическая филология,,иностранный язык,иностранный язык,иностранный язык,75 и более,Право на 100 баллов,иностранный язык,Победителям и призерам,11 класс
,Классическая филология,,иностранный язык,иностранный язык,иностранный язык,75 и более,Право на 100 баллов,иностранный язык,Победителям,10 класс
,Классическая филология,Межрегиональные предметные олимпиады федерального государственного автономного образовательного учреждения высшего образования «Казанский (Приволжский) федеральный университет»,история,история,история,75 и более,Право на 100 баллов,история,Победителям и призерам,"10, 11 класс"
,Классическая филология,Всероссийская академическая олимпиада школьников имени В.И. Вернадского,гуманитарные и социальные науки,"история, обществознание",история,75 и более,Право на 100 баллов,история,Победителям и призерам,"10, 11 класс"
,Классическая филология,,,обществознание,75 и более,Право на 100 баллов,обществознание,Победителям и призерам,"10, 11 класс"
,Классическая филология,Всероссийская Толстовская олимпиада школьников,история,история,история,75 и более,Право на 100 баллов,история,Победителям и призерам,"10, 11 класс"
,Классическая филология,Региональный конкурс школьников Челябинского университетского образовательного округа,иностранный язык,иностранный язык,иностранный язык,75 и более,Право на 100 баллов,иностранный язык,Победителям и призерам,11 класс
,Направление подготовки 45.03.02 Лингвистика,Всероссийская олимпиада школьников «Высшая проба»,иностранный язык,иностранный язык,иностранный язык,75 и более,Право на 100 баллов,иностранный язык,Победителям и призерам,"10, 11 класс"
,Направление подготовки 45.03.02 Лингвистика,Всероссийская олимпиада школьников «Высшая проба»,история,история,история,75 и более,Право на 100 баллов,история,Победителям и призерам,"10, 11 класс"
,Направление подготовки 45.03.02 Лингвистика,Всероссийская олимпиада школьников «Высшая проба»,филология,литература,литература,75 и более,Право на 100 баллов,литература,Победителям и призерам,"10, 11 класс"
,Направление подготовки 45.03.02 Лингвистика,Всероссийская олимпиада школьников «Высшая проба»,обществознание,обществознание,обществознание,75 и более,Право на 100 баллов,обществознание,Победителям и призерам,"10, 11 класс"
,Направление подготовки 45.03.02 Лингвистика,Всероссийская олимпиада школьников «Высшая проба»,восточные языки,иностранный язык,иностранный язык,75 и более,Право на 100 баллов,иностранный язык,Победителям и призерам,"10, 11 класс"
,Направление подготовки 45.03.02 Лингвистика,Всероссийская академическая олимпиада школьников имени В.И. Вернадского,гуманитарные и социальные науки,"история, обществознание",обществознание,75 и более,Право на 100 баллов,обществознание,Победителям и призерам,"10, 11 класс"
,Направление подготовки 45.03.02 Лингвистика,Всероссийская академическая олимпиада школьников имени В.И. Вернадского,гуманитарные и социальные науки,"история, обществознание",история,75 и более,Право на 100 баллов,история,Победителям и призерам,"10, 11 класс"
,Направление подготовки 45.03.02 Лингвистика,Московская олимпиада школьников,лингвистика,иностранный язык,иностранный язык,75 и более,Право на 100 баллов,иностранный язык,Победителям и призерам,"10, 11 класс"
,Направление подготовки 45.03.02 Лингвистика,Олимпиада школьников «Ломоносов»,иностранный язык,иностранный язык,иностранный язык,75 и более,Право на 100 баллов,иностранный язык,Победителям и призерам,"10, 11 класс"
,Направление подготовки 45.03.02 Лингвистика,Олимпиада школьников «Ломоносов»,история,история,история,75 и более,Право на 100 баллов,история,Победителям и призерам,"10, 11 класс"
,Направление подготовки 45.03.02 Лингвистика,Олимпиада школьников «Ломоносов»,русский язык,русский язык,русский язык,75 и более,Право на 100 баллов,русский язык,Победителям и призерам,"10, 11 класс"
,Направление подготовки 45.03.02 Лингвистика,Олимпиада школьников «Ломоносов»,литература,литература,литература,75 и более,Право на 100 баллов,литература,Победителям и призерам,"10, 11 класс"
,Направление подготовки 45.03.02 Лингвистика,Олимпиада школьников «Ломоносов»,основы российской государственности,"история, обществознание",история/обществознание,75 и более,Право на 100 баллов,история,Победителям и призерам,"10, 11 класс"
,Направление подготовки 45.03.02 Лингвистика,Олимпиада школьников «Ломоносов»,основы российской государственности,"история, обществознание",история/обществознание,75 и более,Право на 100 баллов,обществознание,Победителям и призерам,"10, 11 класс"
54,Иностранные языки и межкультурная коммуникация,Олимпиада школьников «Покори Воробьёвы горы!»,международные отношения и глобалистика,история,история,75 и более,Право на 100 баллов,история,Победителям и призерам,"10, 11 класс"
,Иностранные языки и межкультурная коммуникация,Олимпиада школьников «Покори Воробьёвы горы!»,общество,общество,общество,75 и более,Право на 100 баллов,общество,Победителям и призерам,"10, 11 класс"
,Иностранные языки и межкультурная коммуникация,Олимпиада школьников Санкт-Петербургского государственного университета,история,история,история,75 и более,Право на 100 баллов,история,Победителям и призерам,"10, 11 класс"
,Иностранные языки и межкультурная коммуникация,Олимпиада школьников Санкт-Петербургского государственного университета,филология,иностранный язык,иностранный язык,75 и более,Право на 100 баллов,история,Победителям и призерам,"10, 11 класс"
,Иностранные языки и межкультурная коммуникация,Олимпиада школьников Санкт-Петербургского государственного университета,общество,общество,общество,75 и более,Право на 100 баллов,общество,Победителям и призерам,"10, 11 класс"
,Иностранные языки и межкультурная коммуникация,Межрегиональные предметные олимпиады федерального государственного автономного образовательного учреждения высшего образования «Казанский (Приволжский) федеральный университет»,иностранный язык,иностранный язык,иностранный язык,75 и более,Право на 100 баллов,иностранный язык,Победителям,11 класс
,Иностранные языки и межкультурная коммуникация,Московская олимпиада школьников,математика,математика,математика,75 и более,Право на 100 баллов,математика,Победителям и призерам,11 класс
,Иностранные языки и межкультурная коммуникация,Московская олимпиада школьников,информатика,информатика,математика,75 и более,Право на 100 баллов,информатика,Победителям и призерам,11 класс
,Иностранные языки и межкультурная коммуникация,Московская олимпиада школьников,лингвистика,иностранный язык,иностранный язык,75 и более,Право на прием БВИ,иностранный язык,Победителям и призерам,11 класс
,Иностранные языки и межкультурная коммуникация,Объединенная межвузовская олимпиада школьников,математика,математика,математика,75 и более,Право на 100 баллов,математика,Победителям и призерам,11 класс
,Иностранные языки и межкультурная коммуникация,«Формула Единства»/«Третье тысячелетие»,математика,математика,математика,75 и более,Право на 100 баллов,математика,Победителям и призерам,11 класс
,Иностранные языки и межкультурная коммуникация,Олимпиада Курчатов,математика,математика,математика,75 и более,Право на 100 баллов,математика,Победителям и призерам,11 класс
,Иностранные языки и межкультурная коммуникация,Олимпиада школьников по информатике и программированию,информатика,информатика,математика,75 и более,Право на 100 баллов,информатика,Победителям и призерам,11 класс
,Иностранные языки и межкультурная коммуникация,Олимпиада школьников «Покори Воробьевые горы!»,математика,математика,математика,75 и более,Право на 100 баллов,математика,Победителям и призерам,11 класс
,Иностранные языки и межкультурная коммуникация,Олимпиада школьников Российской академии народного хозяйства и государственной службы при Президенте Российской Федерации,иностранный язык,иностранный язык,иностранный язык,75 и более,Право на 100 баллов,иностранный язык,Победителям и призерам,11 класс
,Иностранные языки и межкультурная коммуникация,Олимпиада РПУ для школьников,русский язык,русский язык,русский язык,75 и более,Право на 100 баллов,русский язык,Победителям и призерам,11 класс
,Иностранные языки и межкультурная коммуникация,Олимпиада школьников Санкт-Петербургского государственного университета,иностранный язык,иностранный язык,иностранный язык,75 и более,Право на 100 баллов,иностранный язык,Победителям и призерам,11 класс
,Иностранные языки и межкультурная коммуникация,Олимпиада школьников «Ломоносов»,математика,математика,математика,75 и более,Право на 100 баллов,математика,Победителям и призерам,11 класс
,Иностранные языки и межкультурная коммуникация,Олимпиада школьников по программированию «ТехноКубок»,информатика,информатика,математика,75 и более,Право на 100 баллов,информатика,Победителям и призерам,11 класс
,Иностранные языки и межкультурная коммуникация,Олимпиада школьников «Физтех»,математика,математика,математика,75 и более,Право на 100 баллов,математика,Победителям и призерам,11 класс
,Иностранные языки и межкультурная коммуникация,Олимпиада Юношеской математической школы,русский язык,русский язык,русский язык,75 и более,Право на 100 баллов,русский язык,Победителям и призерам,11 класс
,Иностранные языки и межкультурная коммуникация,Открытая олимпиада школьников,информатика,информатика,математика,75 и более,Право на 100 баллов,информатика,Победителям и призерам,11 класс
,Иностранные языки и межкультурная коммуникация,Открытая олимпиада школьников по программированию,информатика,информатика,математика,75 и более,Право на 100 баллов,информатика,Победителям и призерам,11 класс
,Иностранные языки и межкультурная коммуникация,Отраслевая физико-математическая олимпиада школьников «Росатом»,математика,математика,математика,75 и более,Право на 100 баллов,математика,Победителям и призерам,11 класс
,Иностранные языки и межкультурная коммуникация,Плехановская олимпиада школьников,русский язык,русский язык,русский язык,75 и более,Право на 100 баллов,русский язык,Победителям и призерам,11 класс
,Иностранные языки и межкультурная коммуникация,Плехановская олимпиада школьников,иностранный язык,иностранный язык,иностранный язык,75 и более,Право на 100 баллов,иностранный язык,Победителям и призерам,11 класс
,Иностранные языки и межкультурная коммуникация,Санкт-Петербургская олимпиада школьников,математика,математика,математика,75 и более,Право на 100 баллов,математика,Победителям и призерам,11 класс
,Иностранные языки и межкультурная коммуникация,Турнир городов,математика,математика,математика,75 и более,Право на 100 баллов,математика,Победителям и призерам,11 класс
,Иностранные языки и межкультурная коммуникация,Турнир имени М.В. Ломоносова,математика,математика,математика,75 и более,Право на 100 баллов,математика,Победителям и призерам,11 класс
,Иностранные языки и межкультурная коммуникация,Турнир имени М.В. Ломоносова,лингвистика,"русский язык, иностранный язык, математика",русский язык,75 и более,Право на 100 баллов,русский язык,Победителям и призерам,11 класс
,Иностранные языки и межкультурная коммуникация,Турнир имени М.В. Ломоносова,лингвистика,"русский язык, иностранный язык, математика",иностранный язык,75 и более,Право на 100 баллов,иностранный язык,Победителям и призерам,11 класс
,Иностранные языки и межкультурная коммуникация,Турнир имени М.В. Ломоносова,лингвистика,"русский язык, иностранный язык, математика",математика,75 и более,Право на 100 баллов,математика,Победителям и призерам,11 класс
,Направление подготовки 46.03.01 История,Все олимпиады входящие в Перечень олимпиад школьников,иностранный язык,иностранный язык,иностранный язык,75 и более,Право на 100 баллов,иностранный язык,Победителям и призерам,"10, 11 класс"
,Направление подготовки 46.03.01 История,Всероссийская олимпиада школьников «Высшая проба»,история,история,история,75 и более,Право на прием БВИ,история,Победителям,"10, 11 класс"
,Направление подготовки 46.03.01 История,,история,история,история,75 и более,Право на 100 баллов,история,Победителям и призерам,"10, 11 класс"
,Направление подготовки 46.03.01 История,,история мировых цивилизаций,история,история,75 и более,Право на прием БВИ,история,Победителям,11 класс
,Направление подготовки 46.03.01 История,,,история,75 и более,Право на 100 баллов,история,Победителям и призерам,11 класс
,Направление подготовки 46.03.01 История,,филология,литература,литература,75 и более,Право на 100 баллов,литература,Победителям и призерам,11 класс
,Направление подготовки 46.03.01 История,,русский язык,русский язык,русский язык,75 и более,Право на 100 баллов,русский язык,Победителям и призерам,"10, 11 класс"
,Направление подготовки 46.03.01 История,Всероссийская Толстовская олимпиада школьников,история,история,история,75 и более,Право на 100 баллов,история,Победителям и призерам,"10, 11 класс"
,Направление подготовки 46.03.01 История,Всероссийская академическая олимпиада школьников имени В.И. Вернадского,гуманитарные и социальные науки,"история, обществознание",история,75 и более,Право на 100 баллов,история,Победителям,11 класс
,Направление подготовки 46.03.01 История,Международная олимпиада школьников Уральского федерального университета «Изумруд»,русский язык,русский язык,русский язык,75 и более,Право на 100 баллов,русский язык,Победителям и призерам,11 класс
,Направление подготовки 46.03.01 История,Межрегиональная олимпиада школьников «Будущие исследователи - будущее науки»,русский язык,русский язык,русский язык,75 и более,Право на 100 баллов,русский язык,Победителям и призерам,11 класс
,Направление подготовки 46.03.01 История,Межрегиональные предметные олимпиады федерального государственного автономного образовательного учреждения высшего образования «Казанский (Приволжский) федеральный университет»,русский язык,русский язык,русский язык,75 и более,Право на 100 баллов,русский язык,Победителям и призерам,11 класс
,Направление подготовки 46.03.01 История,Московская олимпиада школьников,история,история,история,75 и более,Право на прием БВИ,история,Победителям,11 класс
,Направление подготовки 46.03.01 История,,,история,75 и более,Право на 100 баллов,история,Победителям и призерам,"10, 11 класс"
,Направление подготовки 46.03.01 История,,лингвистика,иностранный язык,русский язык,75 и более,Право на 100 баллов,русский язык,Победителям и призерам,"10, 11 класс"
,Направление подготовки 46.03.01 История,,лингвистика,иностранный язык,иностранный язык,75 и более,Право на 100 баллов,иностранный язык,Победителям и призерам,"10, 11 класс"
,Направление подготовки 46.03.01 История,Океан знаний,русский язык,русский язык,русский язык,75 и более,Право на 100 баллов,русский язык,Победителям и призерам,11 класс
,Направление подготовки 46.03.01 История,Олимпиада МГИМО МИД России для школьников,гуманитарные и социальные науки,"история, обществознание",история,75 и более,Право на 100 баллов,история,Победителям,11 класс
,Направление подготовки 46.03.01 История,,русский язык,русский язык,русский язык,75 и более,Право на 100 баллов,русский язык,Победителям и призерам,11 класс
56,История,Олимпиада РПТУ для школьников,литература,литература,литература,75 и более,Право на 100 баллов,литература,Победителям и призерам,11 класс
,История,Олимпиада РПТУ для школьников,история,история,история,75 и более,Право на 100 баллов,история,Победителям и призерам,"10, 11 класс"
,История,,история,история,история,75 и более,Право на 100 баллов,история,Победителям и призерам,"10, 11 класс"
,История,Олимпиада школьников «Ломоносов»,литература,литература,литература,75 и более,Право на 100 баллов,литература,Победителям и призерам,11 класс
,История,Олимпиада школьников «Ломоносов»,русский язык,русский язык,русский язык,75 и более,Право на 100 баллов,русский язык,Победителям и призерам,"10, 11 класс"
,История,Олимпиада школьников «Ломоносов»,международные отношения и глобалистика,история,история,75 и более,Право на 100 баллов,история,Победителям и призерам,"10, 11 класс"
,История,Олимпиада школьников «Покори Воробьев горы!»,история,история,история,75 и более,Право на 100 баллов,история,Победителям и призерам,"10, 11 класс"
,История,,история,история,история,75 и более,Право на 100 баллов,история,Победителям и призерам,"10, 11 класс"
,История,Олимпиада школьников Санкт-Петербургского государственного университета,история,история,история,75 и более,Право на 100 баллов,история,Победителям и призерам,"10, 11 класс"
,История,Олимпиада школьников Санкт-Петербургского государственного университета,филология,"иностранный язык, литература, русский язык",литература,75 и более,Право на 100 баллов,литература,Победителям и призерам,11 класс
,История,Олимпиада школьников Российской академии народного хозяйства и государственной службы при Президенте Российской Федерации,история,история,история,75 и более,Право на 100 баллов,история,Победителям и призерам,"10, 11 класс"
,История,,,история,75 и более,Право на 100 баллов,история,Победителям и призерам,"10, 11 класс"
,История,Открытая региональная межвузовская олимпиада школьников (OPMO) с международным участием,русский язык,русский язык,русский язык,75 и более,Право на 100 баллов,русский язык,Победителям и призерам,11 класс
,История,,русский язык,русский язык,русский язык,75 и более,Право на 100 баллов,русский язык,Победителям и призерам,11 класс
,История,Плехановская олимпиада школьников,Теливизионная гуманитарная олимпиада школьников «Умницы и умники»,гуманитарные и социальные науки,"средства массовой информации и информационно-библиотечное дело, политические науки и регионоведение",история,75 и более,Право на 100 баллов,история,Победителям и призерам,11 класс
,История,Турнир имени М.В. Ломоносова,история,история,история,75 и более,Право на 100 баллов,история,Победителям и призерам,"10, 11 класс"
,Направление подготовки 47.03.01 Философия,Все олимпиады входящие в Перечень олимпиад школьников,история,история,история,75 и более,Право на 100 баллов,история,Победителям и призерам,11 класс
,Направление подготовки 47.03.01 Философия,,русский язык,русский язык,русский язык,75 и более,Право на 100 баллов,русский язык,Победителям и призерам,11 класс
,Направление подготовки 50.03.02 Издание искусства,Всероссийская олимпиада школьников «Высшая проба»,филология,литература,литература,75 и более,Право на 100 баллов,литература,Победителям и призерам,11 класс
,Направление подготовки 50.03.02 Издание искусства,Международная олимпиада школьников Уральского федерального университета «Изумруд»,русский язык,русский язык,русский язык,75 и более,Право на 100 баллов,русский язык,Победителям и призерам,11 класс
,Направление подготовки 50.03.02 Издание искусства,Межрегиональная олимпиада школьников «Будущие исследователи - будущее науки»,русский язык,русский язык,русский язык,75 и более,Право на 100 баллов,русский язык,Победителям и призерам,11 класс
,Направление подготовки 50.03.02 Издание искусства,Межрегиональная олимпиада школьников «Евразийская лингвистическая олимпиада»,иностранный язык,иностранный язык,иностранный язык,75 и более,Право на 100 баллов,иностранный язык,Победителям и призерам,11 класс
,Направление подготовки 50.03.02 Издание искусства,Межрегиональные предметные олимпиады федерального государственного автономного образовательного учреждения высшего образования «Казанский (Приволжский) федеральный университет»,иностранный язык,иностранный язык,иностранный язык,75 и более,Право на 100 баллов,иностранный язык,Победителям и призерам,11 класс
,Направление подготовки 50.03.02 Издание искусства,Олимпиада РПТУ для школьников,русский язык,русский язык,русский язык,75 и более,Право на 100 баллов,русский язык,Победителям и призерам,11 класс
,Направление подготовки 50.03.02 Издание искусства,Олимпиада школьников «Ломоносов»,литература,литература,литература,75 и более,Право на 100 баллов,литература,Победителям и призерам,11 класс
,Направление подготовки 50.03.02 Издание искусства,Олимпиада школьников «Покори Воробьевых горы!»,литература,литература,литература,75 и более,Право на 100 баллов,литература,Победителям и призерам,11 класс
,Направление подготовки 50.03.02 Издание искусства,Олимпиада школьников Российской академии народного хозяйства и государственной службы при Президенте Российской Федерации,иностранный язык,иностранный язык,иностранный язык,75 и более,Право на 100 баллов,иностранный язык,Победителям и призерам,11 класс
,Направление подготовки 50.03.02 Издание искусства,Олимпиада школьников Санкт-Петербургского государственного университета,иностранный язык,иностранный язык,иностранный язык,75 и более,Право на 100 баллов,иностранный язык,Победителям и призерам,11 класс
,Направление подготовки 50.03.02 Издание искусства,Открытая региональная межвузовская олимпиада школьников (OPMO) с международным участием,литература,литература,литература,75 и более,Право на 100 баллов,литература,Победителям и призерам,11 класс
,Направление подготовки 50.03.02 Издание искусства,Плехановская олимпиада школьников,русский язык,русский язык,русский язык,75 и более,Право на 100 баллов,русский язык,Победителям и призерам,11 класс
,Направление подготовки 50.03.02 Издание искусства,Турнир имени М.В. Ломоносова,литература,литература,литература,75 и более,Право на 100 баллов,литература,Победителям и призерам,11 класс
,Направление подготовки 50.03.03 История искусств,Все олимпиады входящие в Перечень олимпиад школьников,иностранный язык,иностранный язык,иностранный язык,75 и более,Право на 100 баллов,иностранный язык,Победителям и призерам,11 класс
,Направление подготовки 50.03.03 История искусств,,русский язык,русский язык,русский язык,75 и более,Право на 100 баллов,русский язык,Победителям и призерам,11 класс
59,История искусств,Всероссийская олимпиада школьников «Высшая проба»,история искусств,искусствознание,история,75 и более,Право на прием БВИ,история,Победителям,11 класс
,История искусств,Всероссийская олимпиада школьников «Высшая проба»,история искусств,искусствознание,история,75 и более,Право на 100 баллов,история,Победителям и призерам,"10, 11 класс"
,История искусств,Всероссийская олимпиада школьников «Высшая проба»,филология,литература,литература,75 и более,Право на 100 баллов,литература,Победителям и призерам,11 класс
,История искусств,Всероссийская олимпиада школьников «Высшая проба»,история мировых цивилизаций,история,история,75 и более,Право на 100 баллов,история,Победителям и призерам,11 класс
,История искусств,Всероссийская олимпиада школьников «Высшая проба»,история,история,история,75 и более,Право на 100 баллов,история,Победителям и призерам,11 класс
,История искусств,Московская олимпиада школьников,история искусств,искусство,история,75 и более,Право на 100 баллов,история,Победителям и призерам,11 класс
,История искусств,Олимпиада РПТУ для школьников,литература,литература,литература,75 и более,Право на 100 баллов,литература,Победителям и призерам,11 класс
,История искусств,Олимпиада школьников «Покори Воробьевы горы!»,литература,литература,литература,75 и более,Право на 100 баллов,литература,Победителям и призерам,11 класс
,История искусств,Олимпиада школьников Санкт-Петербургского государственного университета,филология,"иностранный язык, литература, русский язык",литература,75 и более,Право на 100 баллов,литература,Победителям и призерам,11 класс
,История искусств,Олимпиада школьников «Ломоносов»,литература,литература,литература,75 и более,Право на 100 баллов,литература,Победителям и призерам,11 класс
,Направление подготовки 51.03.01 Культурология,Всероссийская олимпиада школьников «Высшая проба»,обществознание,обществознание,обществознание,75 и более,Право на прием БВИ,обществознание,Победителям и призерам,11 класс
,Направление подготовки 51.03.01 Культурология,Всероссийская олимпиада школьников «Высшая проба»,обществознание,обществознание,обществознание,75 и более,Право на 100 баллов,обществознание,Победителям и призерам,10 класс
,Направление подготовки 51.03.01 Культурология,Всероссийская олимпиада школьников «Высшая проба»,культурология,культуроведение и социокультурные проекты,обществознание,75 и более,Право на 100 баллов,обществознание,Победителям и призерам,11 класс
,Направление подготовки 51.03.01 Культурология,Всероссийская олимпиада школьников «Высшая проба»,история,история,история,75 и более,Право на 100 баллов,история,Победителям и призерам,11 класс
,Направление подготовки 51.03.01 Культурология,Всероссийская олимпиада школьников «Высшая проба»,русский язык,русский язык,русский язык,75 и более,Право на 100 баллов,русский язык,Победителям и призерам,11 класс
,Направление подготовки 51.03.01 Культурология,Всероссийская олимпиада школьников «Высшая проба»,история мировых цивилизаций,история,история,75 и более,Право на 100 баллов,история,Победителям и призерам,11 класс
,Направление подготовки 51.03.01 Культурология,Всероссийская олимпиада школьников «Высшая проба»,филология,литература,литература,75 и более,Право на 100 баллов,литература,Победителям и призерам,11 класс
,Направление подготовки 51.03.01 Культурология,Всероссийская олимпиада школьников «Высшая проба»,философия,"философия, этика и религиоведение",обществознание,75 и более,Право на 100 баллов,обществознание,Победителям и призерам,11 класс
,Направление подготовки 51.03.01 Культурология,Всероссийская олимпиада школьников «Высшая проба»,иностранный язык,иностранный язык,иностранный язык,75 и более,Право на 100 баллов,иностранный язык,Победителям и призерам,11 класс
,Направление подготовки 51.03.01 Культурология,Олимпиада школьников «Ломоносов»,русский язык,русский язык,русский язык,75 и более,Право на 100 баллов,русский язык,Победителям и призерам,11 класс
,Направление подготовки 51.03.01 Культурология,Олимпиада школьников «Ломоносов»,обществознание,обществознание,обществознание,75 и более,Право на 100 баллов,обществознание,Победителям и призерам,11 класс
,Направление подготовки 51.03.01 Культурология,Олимпиада школьников «Ломоносов»,философия,"философия, этика и религиоведение",обществознание,75 и более,Право на 100 баллов,обществознание,Победителям и призерам,11 класс
,Направление подготовки 51.03.01 Культурология,Олимпиада школьников «Ломоносов»,литература,литература,литература,75 и более,Право на 100 баллов,литература,Победителям и призерам,11 класс
,Направление подготовки 51.03.01 Культурология,Олимпиада школьников «Ломоносов»,иностранный язык,иностранный язык,иностранный язык,75 и более,Право на 100 баллов,иностранный язык,Победителям и призерам,11 класс
,Направление подготовки 51.03.01 Культурология,Олимпиада школьников «Покори Воробьевы горы!»,обществознание,обществознание,обществознание,75 и более,Право на 100 баллов,обществознание,Победителям и призерам,11 класс
,Направление подготовки 51.03.01 Культурология,Олимпиада школьников «Покори Воробьевы горы!»,литература,литература,литература,75 и более,Право на 100 баллов,литература,Победителям и призерам,11 класс
,Направление подготовки 51.03.01 Культурология,Олимпиада школьников «Покори Воробьевы горы!»,иностранный язык,иностранный язык,иностранный язык,75 и более,Право на 100 баллов,иностранный язык,Победителям и призерам,11 класс
,Дизайн,Олимпиада школьников Санкт-Петербургского государственного университета,обществознание,обществознание,обществознание,75 и более,Право на прием БВИ,обществознание,Победителям и призерам,11 класс
,Дизайн,Олимпиада школьников Санкт-Петербургского государственного университета,филология,"иностранный язык, литература, русский язык",литература,75 и более,Право на 100 баллов,литература,Победителям и призерам,11 класс
,Дизайн,Олимпиада школьников Санкт-Петербургского государственного университета,иностранный язык,иностранный язык,иностранный язык,75 и более,Право на 100 баллов,иностранный язык,Победителям и призерам,11 класс
,Направление подготовки 54.03.01 Дизайн,Всероссийская олимпиада школьников «Высшая проба»,дизайн,изобразительное и прикладные виды искусств,-,-,Право на прием БВИ,-,Победителям,11 класс
,Направление подготовки 54.03.01 Дизайн,Всероссийская олимпиада школьников «Высшая проба»,филология,литература,литература,75 и более,Право на 100 баллов,литература,Победителям и призерам,11 класс
,Направление подготовки 54.03.01 Дизайн,Всероссийская олимпиада школьников «Высшая проба»,филология,литература,литература,75 и более,Право на 100 баллов,литература,Победителям и призерам,11 класс
,Направление подготовки 54.03.01 Дизайн,Всероссийская олимпиада школьников «Высшая проба»,русский язык,русский язык,русский язык,75 и более,Право на 100 баллов,русский язык,Победителям и призерам,11 класс
,Направление подготовки 54.03.01 Дизайн,Олимпиада школьников «Покори Воробьевы горы!»,литература,литература,литература,75 и более,Право на 100 баллов,литература,Победителям и призерам,11 класс
,Направление подготовки 54.03.01 Дизайн,Олимпиада школьников «Ломоносов»,литература,литература,литература,75 и более,Право на 100 баллов,литература,Победителям и призерам,11 класс
,Направление подготовки 54.03.01 Дизайн,Олимпиада школьников «Ломоносов»,русский язык,русский язык,русский язык,75 и более,Право на 100 баллов,русский язык,Победителям и призерам,11 класс
,Направление подготовки 54.03.01 Дизайн,Открытая региональная межвузовская олимпиада школьников (ОРМО) с международным участием,литература,литература,литература,75 и более,Право на 100 баллов,литература,Победителям и призерам,11 класс
,Направление подготовки 54.03.01 Дизайн,Межрегиональная олимпиада школьников «Будущие исследователи - будущее науки»,русский язык,русский язык,русский язык,75 и более,Право на 100 баллов,русский язык,Победителям и призерам,11 класс
,Направление подготовки 54.03.01 Дизайн,Плехановская олимпиада школьников,русский язык,русский язык,русский язык,75 и более,Право на 100 баллов,русский язык,Победителям и призерам,11 класс
,Направление подготовки 54.03.01 Дизайн,Международная олимпиада школьников Уральского федерального университета «Изумруд»,русский язык,русский язык,русский язык,75 и более,Право на 100 баллов,русский язык,Победителям и призерам,11 класс
,Направление подготовки 54.03.01 Дизайн,Олимпиада РГТУ для школьников,русский язык,русский язык,русский язык,75 и более,Право на 100 баллов,русский язык,Победителям и призерам,11 класс
,Направление подготовки 54.03.01 Дизайн,Московская олимпиада школьников,лингвистика,иностранный язык,русский язык,75 и более,Право на 100 баллов,русский язык,Победителям и призерам,11 класс
,Направление подготовки 54.03.01 Дизайн,Турнир имени М.В. Ломоносова,литература,литература,литература,75 и более,Право на 100 баллов,литература,Победителям и призерам,11 класс
,Направление подготовки 54.03.01 Дизайн,Турнир имени М.В. Ломоносова,лингвистика,"русский язык, иностранный язык, математика",русский язык,75 и более,Право на 100 баллов,русский язык,Победителям и призерам,11 класс
62,Мода,Всероссийская олимпиада школьников «Высшая проба»,русский язык,русский язык,русский язык,75 и более,Право на 100 баллов,русский язык,Победителям и призерам,11 класс
,Мода,Всероссийская олимпиада школьников «Высшая проба»,филология,литература,литература,75 и более,Право на 100 баллов,литература,Победителям и призерам,11 класс
,Мода,Международная олимпиада школьников Уральского федерального университета «Изумруд»,русский язык,русский язык,русский язык,75 и более,Право на 100 баллов,русский язык,Победителям и призерам,11 класс
,Мода,Межрегиональная олимпиада школьников «Будущие исследователи - будущее науки»,русский язык,русский язык,русский язык,75 и более,Право на 100 баллов,русский язык,Победителям и призерам,11 класс
,Мода,Олимпиада РГТУ для школьников,русский язык,русский язык,русский язык,75 и более,Право на 100 баллов,русский язык,Победителям и призерам,11 класс
,Мода,Олимпиада школьников «Ломоносов»,русский язык,русский язык,русский язык,75 и более,Право на 100 баллов,русский язык,Победителям и призерам,11 класс
,Мода,Олимпиада школьников «Ломоносов»,литература,литература,литература,75 и более,Право на 100 баллов,литература,Победителям и призерам,11 класс
,Мода,Олимпиада школьников «Покори Воробьевы горы!»,литература,литература,литература,75 и более,Право на 100 баллов,литература,Победителям и призерам,11 класс
63,Разработка игр и цифровых продуктов,Открытая региональная межвузовская олимпиада школьников (ОРМО) с международным участием,литература,литература,литература,75 и более,Право на 100 баллов,литература,Победителям и призерам,11 класс
,Разработка игр и цифровых продуктов,Плехановская олимпиада школьников,русский язык,русский язык,русский язык,75 и более,Право на 100 баллов,русский язык,Победителям и призерам,11 класс
,Разработка игр и цифровых продуктов,Турнир имени М.В. Ломоносова,литература,литература,литература,75 и более,Право на 100 баллов,литература,Победителям и призерам,11 класс
,Разработка игр и цифровых продуктов,Турнир имени М.В. Ломоносова,лингвистика,"русский язык, иностранный язык, математика",русский язык,75 и более,Право на 100 баллов,русский язык,Победителям и призерам,11 класс
,Разработка игр и цифровых продуктов,Всероссийская олимпиада школьников «Высшая проба»,дизайн,изобразительное и прикладные виды искусств,-,-,Право на прием БВИ,-,Победителям,11 класс
,Разработка игр и цифровых продуктов,Всероссийская олимпиада школьников «Высшая проба»,филология,литература,литература,75 и более,Право на 100 баллов,литература,Победителям и призерам,11 класс
,Разработка игр и цифровых продуктов,Всероссийская олимпиада школьников «Высшая проба»,русский язык,русский язык,русский язык,75 и более,Право на 100 баллов,русский язык,Победителям и призерам,11 класс
,Разработка игр и цифровых продуктов,Олимпиада школьников «Ломоносов»,литература,литература,литература,75 и более,Право на 100 баллов,литература,Победителям и призерам,11 класс
,Разработка игр и цифровых продуктов,Олимпиада школьников «Покори Воробьевы горы!»,литература,литература,литература,75 и более,Право на 100 баллов,литература,Победителям и призерам,11 класс
,Разработка игр и цифровых продуктов,Турнир имени М.В. Ломоносова,литература,литература,литература,75 и более,Право на 100 баллов,литература,Победителям и призерам,11 класс
,Разработка игр и цифровых продуктов,Турнир имени М.В. Ломоносова,лингвистика,"русский язык, иностранный язык, математика",русский язык,75 и более,Право на 100 баллов,русский язык,Победителям и призерам,11 класс
,Разработка игр и цифровых продуктов,Межрегиональная олимпиада школьников «Будущие исследователи - будущее науки",русский язык,русский язык,русский язык,75 и более,Право на 100 баллов,русский язык,Победителям и призерам,11 класс
,Разработка игр и цифровых продуктов,Межрегиональные предметные олимпиады федерального государственного автономного образовательного учреждения высшего образования «Казанский (Приволжский) федеральный университет»,русский язык,русский язык,русский язык,75 и более,Право на 100 баллов,русский язык,Победителям и призерам,11 класс
,Разработка игр и цифровых продуктов,Плехановская олимпиада школьников,русский язык,русский язык,русский язык,75 и более,Право на 100 баллов,русский язык,Победителям и призерам,11 класс
,Разработка игр и цифровых продуктов,Олимпиада РГТУ для школьников,русский язык,русский язык,русский язык,75 и более,Право на 100 баллов,русский язык,Победителям и призерам,11 класс
,Разработка игр и цифровых продуктов,Международная олимпиада школьников Уральского федерального университета «Изумруд»,русский язык,русский язык,русский язык,75 и более,Право на 100 баллов,русский язык,Победителям и призерам,11 класс
,Разработка игр и цифровых продуктов,Открытая региональная межвузовская олимпиада школьников (ОРМО) с международным участием,литература,литература,литература,75 и более,Право на 100 баллов,литература,Победителям и призерам,11 класс
,Разработка игр и цифровых продуктов,,русский язык,русский язык,русский язык,75 и более,Право на 100 баллов,русский язык,Победителям и призерам,11 класс
,Разработка игр и цифровых продуктов,Океан знаний,русский язык,русский язык,русский язык,75 и более,Право на 100 баллов,русский язык,Победителям и призерам,11 класс
,Направление подготовки 58.03.01 Востоковедение и африканистика,Всероссийская олимпиада школьников «Высшая проба»,история,история,история,75 и более,Право на прием БВИ,история,Победителям,11 класс
,Направление подготовки 58.03.01 Востоковедение и африканистика,Всероссийская олимпиада школьников «Высшая проба»,история,история,история,75 и более,Право на 100 баллов,история,Победителям и призерам,11 класс
,Направление подготовки 58.03.01 Востоковедение и африканистика,Всероссийская олимпиада школьников «Высшая проба»,востоковедение,востоковедение и африканистика,история,75 и более,Право на прием БВИ,история,Победителям,11 класс
,Направление подготовки 58.03.01 Востоковедение и африканистика,Всероссийская олимпиада школьников «Высшая проба»,востоковедение и африканистика,востоковедение и африканистика,история,75 и более,Право на 100 баллов,история,Победителям и призерам,11 класс
,Направление подготовки 58.03.01 Востоковедение и африканистика,Всероссийская олимпиада школьников «Высшая проба»,восточные языки,иностранный язык,иностранный язык,75 и более,Право на прием БВИ,иностранный язык,Победителям,11 класс
,Направление подготовки 58.03.01 Востоковедение и африканистика,Всероссийская олимпиада школьников «Высшая проба»,восточные языки,иностранный язык,иностранный язык,75 и более,Право на 100 баллов,иностранный язык,Победителям и призерам,11 класс
,Направление подготовки 58.03.01 Востоковедение и африканистика,Всероссийская олимпиада школьников «Высшая проба»,иностранный язык,иностранный язык,иностранный язык,75 и более,Право на прием БВИ,иностранный язык,Победителям,11 класс
,Направление подготовки 58.03.01 Востоковедение и африканистика,Всероссийская олимпиада школьников «Высшая проба»,иностранный язык,иностранный язык,иностранный язык,75 и более,Право на 100 баллов,иностранный язык,Победителям и призерам,11 класс
65,Арабский мир и Христианский Восток,Межрегиональные предметные олимпиады федерального государственного автономного образовательного учреждения высшего образования «Казанский (Приволжский) федеральный университет»,иностранный язык,иностранный язык,иностранный язык,75 и более,Право на 100 баллов,иностранный язык,Победителям и призерам,"10, 11 класс"
,Арабский мир и Христианский Восток,Межрегиональные предметные олимпиады федерального государственного автономного образовательного учреждения высшего образования «Казанский (Приволжский) федеральный университет»,история,история,история,75 и более,Право на 100 баллов,история,Победителям и призерам,"10, 11 класс"
,Арабский мир и Христианский Восток,Московская олимпиада школьников,филология,"русский язык, литература",иностранный язык,75 и более,Право на прием БВИ,иностранный язык,Победителям,11 класс
,Арабский мир и Христианский Восток,Московская олимпиада школьников,лингвистика,иностранный язык,иностранный язык,75 и более,Право на 100 баллов,иностранный язык,Победителям и призерам,"10, 11 класс"
,Арабский мир и Христианский Восток,Московская олимпиада школьников,история,история,история,75 и более,Право на 100 баллов,история,Победителям и призерам,"10, 11 класс"
,Арабский мир и Христианский Восток,Московская олимпиада школьников,история искусств,искусство,история,75 и более,Право на 100 баллов,история,Победителям и призерам,"10, 11 класс"
,Арабский мир и Христианский Восток,Московская олимпиада школьников,обществознание,обществознание,история,75 и более,Право на 100 баллов,история,Победителям и призерам,"10, 11 класс"
,Арабский мир и Христианский Восток,Олимпиада РГТУ для школьников,иностранный язык,иностранный язык,иностранный язык,75 и более,Право на прием БВИ,иностранный язык,Победителям,11 класс
,Арабский мир и Христианский Восток,Олимпиада РГТУ для школьников,иностранный язык,иностранный язык,иностранный язык,75 и более,Право на 100 баллов,иностранный язык,Победителям и призерам,"10, 11 класс"
,Арабский мир и Христианский Восток,Олимпиада РГТУ для школьников,русский язык,русский язык,русский язык,75 и более,Право на прием БВИ,русский язык,Победителям,11 класс
,Арабский мир и Христианский Восток,Олимпиада РГТУ для школьников,русский язык,русский язык,русский язык,75 и более,Право на 100 баллов,русский язык,Победителям и призерам,"10, 11 класс"
,Арабский мир и Христианский Восток,Олимпиада РГТУ для школьников,обществознание,обществознание,история,75 и более,Право на 100 баллов,история,Победителям и призерам,"10, 11 класс"
,Арабский мир и Христианский Восток,Олимпиада РГТУ для школьников,литература,литература,русский язык,75 и более,Право на 100 баллов,русский язык,Победителям и призерам,"10, 11 класс"
,Арабский мир и Христианский Восток,Олимпиада РГТУ для школьников,история,история,история,75 и более,Право на 100 баллов,история,Победителям и призерам,"10, 11 класс"
,Арабский мир и Христианский Восток,Олимпиада школьников «Покори Воробьевы горы!»,иностранный язык,иностранный язык,иностранный язык,75 и более,Право на прием БВИ,иностранный язык,Победителям,11 класс
,Арабский мир и Христианский Восток,Олимпиада школьников «Покори Воробьевы горы!»,иностранный язык,иностранный язык,иностранный язык,75 и более,Право на 100 баллов,иностранный язык,Победителям и призерам,"10, 11 класс"
,Арабский мир и Христианский Восток,Олимпиада школьников «Покори Воробьевы горы!»,история,история,история,75 и более,Право на 100 баллов,история,Победителям и призерам,"10, 11 класс"
,Арабский мир и Христианский Восток,Олимпиада школьников «Покори Воробьевы горы!»,литература,литература,русский язык,75 и более,Право на 100 баллов,русский язык,Победителям и призерам,"10, 11 класс"
,Арабский мир и Христианский Восток,Олимпиада школьников «Покори Воробьевы горы!»,обществознание,обществознание,история,75 и более,Право на 100 баллов,история,Победителям и призерам,"10, 11 класс"
,Арабский мир и Христианский Восток,Олимпиада школьников Российской академии народного хозяйства и государственной службы при Президенте Российской Федерации,иностранный язык,иностранный язык,иностранный язык,75 и более,Право на 100 баллов,иностранный язык,Победителям и призерам,"10, 11 класс"
,Арабский мир и Христианский Восток,Олимпиада школьников Российской академии народного хозяйства и государственной службы при Президенте Российской Федерации,история,история,история,75 и более,Право на 100 баллов,история,Победителям и призерам,"10, 11 класс"
,Арабский мир и Христианский Восток,Олимпиада школьников Российской академии народного хозяйства и государственной службы при Президенте Российской Федерации,обществознание,обществознание,история,75 и более,Право на 100 баллов,история,Победителям и призерам,"10, 11 класс"
,Арабский мир и Христианский Восток,Олимпиада школьников «Ломоносов»,история,история,история,75 и более,Право на 100 баллов,история,Победителям и призерам,"10, 11 класс"
,Арабский мир и Христианский Восток,Олимпиада школьников «Ломоносов»,иностранный язык,иностранный язык,иностранный язык,75 и более,Право на 100 баллов,иностранный язык,Победителям и призерам,"10, 11 класс"
,Арабский мир и Христианский Восток,Олимпиада школьников «Ломоносов»,русский язык,русский язык,русский язык,75 и более,Право на 100 баллов,русский язык,Победителям и призерам,"10, 11 класс"
,Арабский мир и Христианский Восток,Олимпиада школьников «Ломоносов»,литература,литература,русский язык,75 и более,Право на 100 баллов,русский язык,Победителям и призерам,"10, 11 класс"
,Арабский мир и Христианский Восток,Олимпиада школьников «Ломоносов»,обществознание,обществознание,история,75 и более,Право на 100 баллов,история,Победителям и призерам,"10, 11 класс"
,Арабский мир и Христианский Восток,Олимпиада школьников «Ломоносов»,религиоведение,"философия, этика и религиоведение",история,75 и более,Право на 100 баллов,история,Победителям и призерам,"10, 11 класс"
,Арабский мир и Христианский Восток,Олимпиада школьников «Ломоносов»,философия,"философия, этика и религиоведение",история,75 и более,Право на 100 баллов,история,Победителям и призерам,"10, 11 класс"
66,Китай: язык культура общество,Олимпиада школьников Санкт-Петербургского государственного университета,обществознание,обществознание,история,75 и более,Право на 100 баллов,история,Победителям и призерам,"10, 11 класс"
,Китай: язык культура общество,Олимпиада школьников Санкт-Петербургского государственного университета,социология,"обществознание, история",история,75 и более,Право на 100 баллов,история,Победителям и призерам,"10, 11 класс"
,Китай: язык культура общество,Олимпиада школьников Санкт-Петербургского государственного университета,история,история,история,75 и более,Право на 100 баллов,история,Победителям и призерам,"10, 11 класс"
,Китай: язык культура общество,Олимпиада школьников Санкт-Петербургского государственного университета,иностранный язык,иностранный язык,иностранный язык,75 и более,Право на прием БВИ,иностранный язык,Победителям,11 класс
,Китай: язык культура общество,,,иностранный язык,75 и более,Право на 100 баллов,иностранный язык,Победителям и призерам,"10, 11 класс"
,Китай: язык культура общество,,филология,"иностранный язык, литература, русский язык",иностранный язык,75 и более,Право на прием БВИ,иностранный язык,Победителям,11 класс
,Китай: язык культура общество,,,иностранный язык,75 и более,Право на 100 баллов,иностранный язык,Победителям и призерам,"10, 11 класс"
,Китай: язык культура общество,Турнир имени М.В. Ломоносова,лингвистика,"русский язык, иностранный язык, математика",иностранный язык,75 и более,Право на прием БВИ,иностранный язык,Победителям,"10, 11 класс"
,Китай: язык культура общество,,история,история,история,75 и более,Право на 100 баллов,история,Победителям и призерам,"10, 11 класс"
,Китай: язык культура общество,Плехановская олимпиада школьников,русский язык,русский язык,русский язык,75 и более,Право на 100 баллов,русский язык,Победителям и призерам,"10, 11 класс"
,Китай: язык культура общество,,иностранный язык,иностранный язык,иностранный язык,75 и более,Право на 100 баллов,иностранный язык,Победителям и призерам,"10, 11 класс"
,Китай: язык культура общество,Общероссийская олимпиада школьников «Основы православной культуры»,основы православной культуры,"история, теология",история,75 и более,Право на 100 баллов,история,Победителям и призерам,"10, 11 класс"
,Китай: язык культура общество,,гуманитарные и социальные науки,"история, обществознание",история,75 и более,Право на 100 баллов,история,Победителям и призерам,"10, 11 класс"
,Китай: язык культура общество,Всероссийская олимпиада школьников «Высшая проба»,восточные языки,иностранный язык,иностранный язык,75 и более,Право на прием БВИ,иностранный язык,Победителям,11 класс
,Китай: язык культура общество,,,иностранный язык,75 и более,Право на 100 баллов,иностранный язык,Победителям и призерам,"10, 11 класс"
,Китай: язык культура общество,,история,история,история,75 и более,Право на прием БВИ,история,Победителям,11 класс
,Китай: язык культура общество,,история,история,история,75 и более,Право на 100 баллов,история,Победителям и призерам,"10, 11 класс"
,Китай: язык культура общество,,история мировых цивилизаций,история,история,75 и более,Право на 100 баллов,история,Победителям и призерам,11 класс
,Китай: язык культура общество,,иностранный язык,иностранный язык,иностранный язык,75 и более,Право на прием БВИ,иностранный язык,Победителям,11 класс
,Китай: язык культура общество,,,иностранный язык,75 и более,Право на 100 баллов,иностранный язык,Победителям и призерам,"10, 11 класс"
,Китай: язык культура общество,,русский язык,русский язык,русский язык,75 и более,Право на 100 баллов,русский язык,Победителям и призерам,"10, 11 класс"
,Китай: язык культура общество,,востоковедение,востоковедение и африканистика,русский язык,75 и более,Право на прием БВИ,русский язык,Победителям,11 класс
,Китай: язык культура общество,,,русский язык,75 и более,Право на 100 баллов,русский язык,Победителям и призерам,"10, 11 класс"
,Китай: язык культура общество,,,история,75 и более,Право на 100 баллов,история,Победителям и призерам,"10, 11 класс"
,Китай: язык культура общество,Герценовская олимпиада школьников,иностранный язык,иностранный язык,иностранный язык,75 и более,Право на 100 баллов,иностранный язык,Победителям и призерам,"10, 11 класс"
,Китай: язык культура общество,Межрегиональная олимпиада школьников «Евразийская лингвистическая олимпиада»,иностранный язык,иностранный язык,иностранный язык,75 и более,Право на 100 баллов,иностранный язык,Победителям и призерам,"10, 11 класс"
,Китай: язык культура общество,Московская олимпиада школьников,филология,"русский язык, литература",иностранный язык,75 и более,Право на 100 баллов,иностранный язык,Победителям и призерам,"10, 11 класс"
,Китай: язык культура общество,,лингвистика,иностранный язык,иностранный язык,75 и более,Право на прием БВИ,иностранный язык,Победителям,11 класс
,Китай: язык культура общество,,,иностранный язык,75 и более,Право на 100 баллов,иностранный язык,Победителям и призерам,"10, 11 класс"
,Китай: язык культура общество,Олимпиада школьников «Ломоносов»,иностранный язык,иностранный язык,иностранный язык,75 и более,Право на прием БВИ,иностранный язык,Победителям,11 класс
,Китай: язык культура общество,,,иностранный язык,75 и более,Право на 100 баллов,иностранный язык,Победителям и призерам,"10, 11 класс"
,Китай: язык культура общество,Олимпиада школьников «Покори Воробьевы горы!»,история,история,история,75 и более,Право на прием БВИ,история,Победителям,11 класс
,Китай: язык культура общество,,история,история,история,75 и более,Право на 100 баллов,история,Победителям и призерам,"10, 11 класс"