Направление подготовки,№ п/п,Наименование образовательной программы,Полное наименование олимпиады,Профиль олимпиады,Предмет олимпиады,Предмет(ы) ЕГЭ для подтверждения права,Баллы ЕГЭ,Вид особого права,Предмет зачета 100 баллов,Кому предоставляется,Классы,Страница PDF
Направление подготовки 09.03.04 Программная инженерия,1,Разработка информационных систем для бизнеса,«Формула Единства» / «Третье тысячелетие»,математика,математика,математика,75 и более,право на 100 баллов,математика,победителям и призерам,"10, 11 класс",1
Направление подготовки 09.03.04 Программная инженерия,1,Разработка информационных систем для бизнеса,Всероссийская междисциплинарная олимпиада школьников «Национальная технологическая олимпиада»,интеллектуальные робототехнические системы,"компьютерные и информационные науки, информатика и вычислительная техника, информационная безопасность, электроника, радиотехника и системы связи, управление в технических системах",информатика и ИКТ,75 и более,право на 100 баллов,информатика и ИКТ,победителям и призерам,"10, 11 класс",1
Направление подготовки 09.03.04 Программная инженерия,1,Разработка информационных систем для бизнеса,Всероссийская междисциплинарная олимпиада школьников «Национальная технологическая олимпиада»,информационная безопасность,"математика и механика, компьютерные и информационные науки, информатика и вычислительная техника",информатика и ИКТ,75 и более,право на 100 баллов,информатика и ИКТ,победителям и призерам,"10, 11 класс",1
Направление подготовки 09.03.04 Программная инженерия,1,Разработка информационных систем для бизнеса,Всероссийская междисциплинарная олимпиада школьников «Национальная технологическая олимпиада»,разработка мобильных приложений,"математика и механика, компьютерные и информационные науки, информатика и вычислительная техника, информационная безопасность",информатика и ИКТ,75 и более,право на 100 баллов,информатика и ИКТ,победителям и призерам,"10, 11 класс",2
Направление подготовки 09.03.04 Программная инженерия,1,Разработка информационных систем для бизнеса,Всероссийская междисциплинарная олимпиада школьников «Национальная технологическая олимпиада»,искусственный интеллект,"математика и механика, компьютерные и информационные науки, информатика и вычислительная техника, информационная безопасность",информатика и ИКТ,75 и более,право на 100 баллов,информатика и ИКТ,победителям и призерам,"10, 11 класс",2
Направление подготовки 09.03.04 Программная инженерия,1,Разработка информационных систем для бизнеса,Всероссийская междисциплинарная олимпиада школьников «Национальная технологическая олимпиада»,автоматизация бизнес- процессов,"математика и механика, компьютерные и информационные науки, информатика и вычислительная техника, информационная безопасность, электроника, радиотехника и системы связи, управление в технических системах, экономика и управление, автоматизация и управление технологическими процессами и производствами",информатика и ИКТ,75 и более,право на 100 баллов,информатика и ИКТ,победителям и призерам,"10, 11 класс",2
Направление подготовки 09.03.04 Программная инженерия,1,Разработка информационных систем для бизнеса,Всероссийская междисциплинарная олимпиада школьников «Национальная технологическая олимпиада»,большие данные и машинное обучение,"математика и механика, компьютерные и информационные науки, информатика и вычислительная техника, информационная безопасность, электроника, радиотехника и системы связи, фотоника, приборостроение, оптические и биотехнические системы и технологии, электро- и теплоэнергетика, машиностроение, авиационная и ракетно- космическая техника, управление в технических системах, языкознание и литературоведение",информатика и ИКТ,75 и более,право на 100 баллов,информатика и ИКТ,победителям и призерам,"10, 11 класс",3
Направление подготовки 09.03.04 Программная инженерия,1,Разработка информационных систем для бизнеса,Всероссийская олимпиада по искусственному интеллекту (с возможностью участия иностранных обучающихся),искусственный интеллект,информатика,информатика и ИКТ,75 и более,право на прием БВИ,информатика и ИКТ,победителям и призерам,"10, 11 класс",3
Направление подготовки 09.03.04 Программная инженерия,1,Разработка информационных систем для бизнеса,Всероссийская олимпиада школьников «Высшая проба»,информатика,информатика,информатика и ИКТ,75 и более,право на прием БВИ,информатика и ИКТ,победителям и призерам,"10, 11 класс",3
Направление подготовки 09.03.04 Программная инженерия,1,Разработка информационных систем для бизнеса,Всероссийская олимпиада школьников «Высшая проба»,инженерные науки,"информационная безопасность, информатика и вычислительная техника",информатика и ИКТ,75 и более,право на 100 баллов,информатика и ИКТ,победителям и призерам,"10, 11 класс",3
Направление подготовки 09.03.04 Программная инженерия,1,Разработка информационных систем для бизнеса,Всероссийская олимпиада школьников «Высшая проба»,промышленное программирование,"компьютерные и информационные науки, информатика и вычислительная техника",информатика и ИКТ,75 и более,право на 100 баллов,информатика и ИКТ,победителям и призерам,11 класс,3
Направление подготовки 09.03.04 Программная инженерия,1,Разработка информационных систем для бизнеса,Всероссийская олимпиада школьников «Высшая проба»,математика,математика,математика,75 и более,право на прием БВИ,математика,победителям и призерам,"10, 11 класс",3
Направление подготовки 09.03.04 Программная инженерия,1,Разработка информационных систем для бизнеса,Всероссийская олимпиада школьников «Высшая проба»,русский язык,русский язык,русский язык,75 и более,право на 100 баллов,русский язык,победителям и призерам,"9, 10, 11 класс",3
Направление подготовки 09.03.04 Программная инженерия,1,Разработка информационных систем для бизнеса,Всероссийская олимпиада школьников «Высшая проба»,анализ данных,"компьютерные и информационные науки, информатика и вычислительная техника",информатика и ИКТ,75 и более,право на 100 баллов,информатика и ИКТ,победителям и призерам,11 класс,3
Направление подготовки 09.03.04 Программная инженерия,1,Разработка информационных систем для бизнеса,Всероссийская олимпиада школьников «Высшая проба»,физика,физика,физика,75 и более,право на 100 баллов,физика,победителям и призерам,"10, 11 класс",3
Направление подготовки 09.03.04 Программная инженерия,1,Разработка информационных систем для бизнеса,Всесибирская открытая олимпиада школьников,информатика,информатика,информатика и ИКТ,75 и более,право на 100 баллов,информатика и ИКТ,победителям и призерам,"10, 11 класс",3
Направление подготовки 09.03.04 Программная инженерия,1,Разработка информационных систем для бизнеса,Всесибирская открытая олимпиада школьников,математика,математика,математика,75 и более,право на 100 баллов,математика,победителям и призерам,"10, 11 класс",3
Направление подготовки 09.03.04 Программная инженерия,1,Разработка информационных систем для бизнеса,Всесибирская открытая олимпиада школьников,физика,физика,физика,75 и более,право на 100 баллов,физика,победителям и призерам,"10, 11 класс",3
Направление подготовки 09.03.04 Программная инженерия,1,Разработка информационных систем для бизнеса,Вузовско-академическая олимпиада по информатике,информатика,информатика,информатика,75 и более,право на прием БВИ,информатика,победителям и призерам,"10, 11 класс",3
Направление подготовки 09.03.04 Программная инженерия,1,Разработка информационных систем для бизнеса,Городская открытая олимпиада школьников по физике,физика,физика,физика,75 и более,право на 100 баллов,физика,победителям и призерам,"10, 11 класс",3
Направление подготовки 09.03.04 Программная инженерия,1,Разработка информационных систем для бизнеса,Инженерная олимпиада школьников,физика,физика,физика,75 и более,право на прием БВИ,физика,победителям и призерам,"10, 11 класс",3
Направление подготовки 09.03.04 Программная инженерия,1,Разработка информационных систем для бизнеса,Интернет-олимпиада школьников по физике,физика,физика,физика,75 и более,право на 100 баллов,физика,победителям и призерам,"10, 11 класс",3
Направление подготовки 09.03.04 Программная инженерия,1,Разработка информационных систем для бизнеса,Международная олимпиада «Innopolis Open»,робототехника,информатика,информатика и ИКТ,75 и более,право на 100 баллов,информатика и ИКТ,победителям и призерам,"10, 11 класс",3
Направление подготовки 09.03.04 Программная инженерия,1,Разработка информационных систем для бизнеса,Международная олимпиада «Innopolis Open»,искусственный интеллект,информатика,информатика и ИКТ,75 и более,право на 100 баллов,информатика и ИКТ,победителям и призерам,"10, 11 класс",4
Направление подготовки 09.03.04 Программная инженерия,1,Разработка информационных систем для бизнеса,Международная олимпиада «Innopolis Open»,информатика,информатика,информатика и ИКТ,75 и более,право на 100 баллов,информатика и ИКТ,победителям и призерам,"10, 11 класс",4
Направление подготовки 09.03.04 Программная инженерия,1,Разработка информационных систем для бизнеса,Международная олимпиада «Innopolis Open»,математика,математика,математика,75 и более,право на 100 баллов,математика,победителям и призерам,"10, 11 класс",4
Направление подготовки 09.03.04 Программная инженерия,1,Разработка информационных систем для бизнеса,Международная олимпиада школьников Уральского федерального университета «Изумруд»,информатика,информатика,информатика и ИКТ,75 и более,право на 100 баллов,информатика и ИКТ,победителям и призерам,"10, 11 класс",4
Направление подготовки 09.03.04 Программная инженерия,1,Разработка информационных систем для бизнеса,Международная олимпиада школьников Уральского федерального университета «Изумруд»,математика,математика,математика,75 и более,право на 100 баллов,математика,победителям и призерам,"10, 11 класс",4
Направление подготовки 09.03.04 Программная инженерия,1,Разработка информационных систем для бизнеса,Международная олимпиада школьников Уральского федерального университета «Изумруд»,русский язык,русский язык,русский язык,75 и более,право на 100 баллов,русский язык,победителям и призерам,"9, 10, 11 класс",4
Направление подготовки 09.03.04 Программная инженерия,1,Разработка информационных систем для бизнеса,Международная олимпиада школьников Уральского федерального университета «Изумруд»,физика,физика,физика,75 и более,право на 100 баллов,физика,победителям и призерам,"10, 11 класс",4
Направление подготовки 09.03.04 Программная инженерия,1,Разработка информационных систем для бизнеса,Межрегиональная олимпиада школьников «Будущие исследователи - будущее науки»,математика,математика,математика,75 и более,право на 100 баллов,математика,победителям и призерам,"10, 11 класс",4
Направление подготовки 09.03.04 Программная инженерия,1,Разработка информационных систем для бизнеса,Межрегиональная олимпиада школьников «Будущие исследователи - будущее науки»,русский язык,русский язык,русский язык,75 и более,право на 100 баллов,русский язык,победителям и призерам,"9, 10, 11 класс",4
Направление подготовки 09.03.04 Программная инженерия,1,Разработка информационных систем для бизнеса,Межрегиональная олимпиада школьников «Будущие исследователи - будущее науки»,физика,физика,физика,75 и более,право на 100 баллов,физика,победителям и призерам,"10, 11 класс",4
Направление подготовки 09.03.04 Программная инженерия,1,Разработка информационных систем для бизнеса,Межрегиональная олимпиада школьников имени И.Я. Верченко,компьютерная безопасность,информационная безопасность,информатика и ИКТ,75 и более,право на 100 баллов,информатика и ИКТ,победителям и призерам,"10, 11 класс",4
Направление подготовки 09.03.04 Программная инженерия,1,Разработка информационных систем для бизнеса,Межрегиональная олимпиада школьников имени И.Я. Верченко,математика,"математика, криптография",математика,75 и более,право на 100 баллов,математика,победителям и призерам,"10, 11 класс",4
Направление подготовки 09.03.04 Программная инженерия,1,Разработка информационных систем для бизнеса,Межрегиональная олимпиада школьников на базе ведомственных образовательных организаций,физика,физика,физика,75 и более,право на 100 баллов,физика,победителям и призерам,"10, 11 класс",4
Направление подготовки 09.03.04 Программная инженерия,1,Разработка информационных систем для бизнеса,Межрегиональные предметные олимпиады федерального государственного автономного образовательного учреждения высшего образования «Казанский (Приволжский) федеральный университет»,информатика,информатика,информатика и ИКТ,75 и более,право на прием БВИ,информатика и ИКТ,победителям и призерам,"10, 11 класс",4
Направление подготовки 09.03.04 Программная инженерия,1,Разработка информационных систем для бизнеса,Межрегиональные предметные олимпиады федерального государственного автономного образовательного учреждения высшего образования «Казанский (Приволжский) федеральный университет»,русский язык,русский язык,русский язык,75 и более,право на 100 баллов,русский язык,победителям и призерам,"9, 10, 11 класс",4
Направление подготовки 09.03.04 Программная инженерия,1,Разработка информационных систем для бизнеса,Межрегиональные предметные олимпиады федерального государственного автономного образовательного учреждения высшего образования «Казанский (Приволжский) федеральный университет»,физика,физика,физика,75 и более,право на 100 баллов,физика,победителям и призерам,"10, 11 класс",4
Направление подготовки 09.03.04 Программная инженерия,1,Разработка информационных систем для бизнеса,Московская олимпиада школьников,информатика,информатика,информатика и ИКТ,75 и более,право на прием БВИ,информатика и ИКТ,победителям и призерам,"10, 11 класс",4
Направление подготовки 09.03.04 Программная инженерия,1,Разработка информационных систем для бизнеса,Московская олимпиада школьников,математика,математика,математика,75 и более,право на прием БВИ,математика,победителям и призерам,"10, 11 класс",4
Направление подготовки 09.03.04 Программная инженерия,1,Разработка информационных систем для бизнеса,Московская олимпиада школьников,физика,физика,физика,75 и более,право на прием БВИ,физика,победителям и призерам,"10, 11 класс",4
Направление подготовки 09.03.04 Программная инженерия,1,Разработка информационных систем для бизнеса,Объединённая межвузовская математическая олимпиада школьников,математика,математика,математика,75 и более,право на 100 баллов,математика,победителям и призерам,"10, 11 класс",4
Направление подготовки 09.03.04 Программная инженерия,1,Разработка информационных систем для бизнеса,Объединённая межвузовская математическая олимпиада школьников,физика,физика,физика,75 и более,право на 100 баллов,физика,победителям и призерам,"10, 11 класс",4
Направление подготовки 09.03.04 Программная инженерия,1,Разработка информационных систем для бизнеса,Океан знаний,русский язык,русский язык,русский язык,75 и более,право на 100 баллов,русский язык,победителям и призерам,"9, 10, 11 класс",4
Направление подготовки 09.03.04 Программная инженерия,1,Разработка информационных систем для бизнеса,Олимпиада Курчатов,математика,математика,математика,75 и более,право на 100 баллов,математика,победителям и призерам,"10, 11 класс",4
Направление подготовки 09.03.04 Программная инженерия,1,Разработка информационных систем для бизнеса,Олимпиада Курчатов,физика,физика,физика,75 и более,право на 100 баллов,физика,победителям и призерам,"10, 11 класс",4
Направление подготовки 09.03.04 Программная инженерия,1,Разработка информационных систем для бизнеса,Олимпиада РГГУ для школьников,русский язык,русский язык,русский язык,75 и более,право на 100 баллов,русский язык,победителям и призерам,"9, 10, 11 класс",4
Направление подготовки 09.03.04 Программная инженерия,1,Разработка информационных систем для бизнеса,Олимпиада школьников «Гранит науки»,информатика,информатика,информатика,75 и более,право на 100 баллов,информатика,победителям и призерам,"10, 11 класс",4
Направление подготовки 09.03.04 Программная инженерия,1,Разработка информационных систем для бизнеса,Олимпиада школьников «Ломоносов»,информатика,информатика,информатика и ИКТ,75 и более,право на прием БВИ,информатика и ИКТ,победителям и призерам,"10, 11 класс",4
Направление подготовки 09.03.04 Программная инженерия,1,Разработка информационных систем для бизнеса,Олимпиада школьников «Ломоносов»,математика,математика,математика,75 и более,право на прием БВИ,математика,победителям и призерам,"10, 11 класс",4
Направление подготовки 09.03.04 Программная инженерия,1,Разработка информационных систем для бизнеса,Олимпиада школьников «Ломоносов»,русский язык,русский язык,русский язык,75 и более,право на 100 баллов,русский язык,победителям и призерам,"9, 10, 11 класс",4
Направление подготовки 09.03.04 Программная инженерия,1,Разработка информационных систем для бизнеса,Олимпиада школьников «Ломоносов»,физика,физика,физика,75 и более,право на прием БВИ,физика,победителям и призерам,"10, 11 класс",5
Направление подготовки 09.03.04 Программная инженерия,1,Разработка информационных систем для бизнеса,Олимпиада школьников «Надежда энергетики»,физика,физика,физика,75 и более,право на 100 баллов,физика,победителям и призерам,"10, 11 класс",5
Направление подготовки 09.03.04 Программная инженерия,1,Разработка информационных систем для бизнеса,Олимпиада школьников «Покори Воробьёвы горы!»,математика,математика,математика,75 и более,право на прием БВИ,математика,победителям и призерам,"10, 11 класс",5
Направление подготовки 09.03.04 Программная инженерия,1,Разработка информационных систем для бизнеса,Олимпиада школьников «Покори Воробьёвы горы!»,физика,физика,физика,75 и более,право на прием БВИ,физика,победителям и призерам,"10, 11 класс",5
Направление подготовки 09.03.04 Программная инженерия,1,Разработка информационных систем для бизнеса,Олимпиада школьников «Робофест»,физика,физика,физика,75 и более,право на 100 баллов,физика,победителям и призерам,"10, 11 класс",5
Направление подготовки 09.03.04 Программная инженерия,1,Разработка информационных систем для бизнеса,Олимпиада школьников «Физтех»,математика,математика,математика,75 и более,право на 100 баллов,математика,победителям и призерам,"10, 11 класс",5
Направление подготовки 09.03.04 Программная инженерия,1,Разработка информационных систем для бизнеса,Олимпиада школьников «Физтех»,информатика и программирование,информатика,информатика,75 и более,право на 100 баллов,информатика,победителям и призерам,"10, 11 класс",5
Направление подготовки 09.03.04 Программная инженерия,1,Разработка информационных систем для бизнеса,Олимпиада школьников «Физтех»,физика,физика,физика,75 и более,право на прием БВИ,физика,победителям и призерам,"10, 11 класс",5
Направление подготовки 09.03.04 Программная инженерия,1,Разработка информационных систем для бизнеса,Олимпиада школьников «Шаг в будущее»,математика,математика,математика,75 и более,право на 100 баллов,математика,победителям и призерам,"10, 11 класс",5
Направление подготовки 09.03.04 Программная инженерия,1,Разработка информационных систем для бизнеса,Олимпиада школьников «Шаг в будущее»,информатика,информатика и вычислительная техника,информатика и ИКТ,75 и более,право на 100 баллов,информатика и ИКТ,победителям и призерам,"10, 11 класс",5
Направление подготовки 09.03.04 Программная инженерия,1,Разработка информационных систем для бизнеса,Олимпиада школьников «Шаг в будущее»,физика,физика,физика,75 и более,право на 100 баллов,физика,победителям и призерам,"10, 11 класс",5
Направление подготовки 09.03.04 Программная инженерия,1,Разработка информационных систем для бизнеса,Олимпиада школьников по информатике и программированию,информатика,информатика,информатика и ИКТ,75 и более,право на прием БВИ,информатика и ИКТ,победителям и призерам,"10, 11 класс",5
Направление подготовки 09.03.04 Программная инженерия,1,Разработка информационных систем для бизнеса,Олимпиада школьников по программированию «ТехноКубок»,информатика,информатика,информатика и ИКТ,75 и более,право на 100 баллов,информатика и ИКТ,победителям и призерам,"10, 11 класс",5
Направление подготовки 09.03.04 Программная инженерия,1,Разработка информационных систем для бизнеса,Олимпиада школьников Санкт- Петербургского государственного университета,информатика,информатика,информатика и ИКТ,75 и более,право на прием БВИ,информатика и ИКТ,победителям и призерам,"10, 11 класс",5
Направление подготовки 09.03.04 Программная инженерия,1,Разработка информационных систем для бизнеса,Олимпиада школьников Санкт- Петербургского государственного университета,математика,математика,математика,75 и более,право на прием БВИ,математика,победителям и призерам,"10, 11 класс",5
Направление подготовки 09.03.04 Программная инженерия,1,Разработка информационных систем для бизнеса,Олимпиада школьников Санкт- Петербургского государственного университета,математическое моделирование и искусственный интеллект,"математика и механика, информатика и вычислительная техника",информатика и ИКТ,75 и более,право на 100 баллов,информатика и ИКТ,победителям и призерам,"10, 11 класс",5
Направление подготовки 09.03.04 Программная инженерия,1,Разработка информационных систем для бизнеса,Олимпиада школьников Санкт- Петербургского государственного университета,физика,физика,физика,75 и более,право на 100 баллов,физика,победителям и призерам,"10, 11 класс",5
Направление подготовки 09.03.04 Программная инженерия,1,Разработка информационных систем для бизнеса,Олимпиада Юношеской математической школы,математика,математика,математика,75 и более,право на прием БВИ,математика,победителям и призерам,"10, 11 класс",5
Направление подготовки 09.03.04 Программная инженерия,1,Разработка информационных систем для бизнеса,Открытая межвузовская олимпиада школьников Сибирского Федерального округа «Будущее Сибири»,физика,физика,физика,75 и более,право на 100 баллов,физика,победителям и призерам,"10, 11 класс",5
Направление подготовки 09.03.04 Программная инженерия,1,Разработка информационных систем для бизнеса,Открытая олимпиада школьников,информатика,информатика,информатика и ИКТ,75 и более,право на прием БВИ,информатика и ИКТ,победителям и призерам,"10, 11 класс",5
Направление подготовки 09.03.04 Программная инженерия,1,Разработка информационных систем для бизнеса,Открытая олимпиада школьников,математика,математика,математика,75 и более,право на 100 баллов,математика,победителям и призерам,"10, 11 класс",5
Направление подготовки 09.03.04 Программная инженерия,1,Разработка информационных систем для бизнеса,Открытая олимпиада школьников,физика,физика,физика,75 и более,право на 100 баллов,физика,победителям и призерам,"10, 11 класс",5
Направление подготовки 09.03.04 Программная инженерия,1,Разработка информационных систем для бизнеса,Открытая олимпиада школьников по программированию,информатика,информатика,информатика и ИКТ,75 и более,право на прием БВИ,информатика и ИКТ,победителям и призерам,"10, 11 класс",5
Направление подготовки 09.03.04 Программная инженерия,1,Разработка информационных систем для бизнеса,Открытая олимпиада школьников по программированию «Когнитивные технологии»,информатика,информатика,информатика и ИКТ,75 и более,право на 100 баллов,информатика и ИКТ,победителям и призерам,"10, 11 класс",5
Направление подготовки 09.03.04 Программная инженерия,1,Разработка информационных систем для бизнеса,Открытая региональная межвузовская олимпиада школьников (ОРМО) с международным участием,русский язык,русский язык,русский язык,75 и более,право на 100 баллов,русский язык,победителям и призерам,"9, 10, 11 класс",5
Направление подготовки 09.03.04 Программная инженерия,1,Разработка информационных систем для бизнеса,Открытая региональная межвузовская олимпиада школьников (ОРМО) с международным участием,физика,физика,физика,75 и более,право на 100 баллов,физика,победителям и призерам,"10, 11 класс",5
Направление подготовки 09.03.04 Программная инженерия,1,Разработка информационных систем для бизнеса,Отраслевая олимпиада школьников «Газпром»,информационные и коммуникационные технологии,информатика,информатика и ИКТ,75 и более,право на 100 баллов,информатика и ИКТ,победителям и призерам,"10, 11 класс",5
Направление подготовки 09.03.04 Программная инженерия,1,Разработка информационных систем для бизнеса,Отраслевая физико-математическая олимпиада школьников «Росатом»,математика,математика,математика,75 и более,право на 100 баллов,математика,победителям и призерам,"10, 11 класс",5
Направление подготовки 09.03.04 Программная инженерия,1,Разработка информационных систем для бизнеса,Отраслевая физико-математическая олимпиада школьников «Росатом»,информатика,информатика,информатика и ИКТ,75 и более,право на 100 баллов,информатика и ИКТ,победителям и призерам,"10, 11 класс",6
Направление подготовки 09.03.04 Программная инженерия,1,Разработка информационных систем для бизнеса,Отраслевая физико-математическая олимпиада школьников «Росатом»,физика,физика,физика,75 и более,право на прием БВИ,физика,победителям и призерам,"10, 11 класс",6
Направление подготовки 09.03.04 Программная инженерия,1,Разработка информационных систем для бизнеса,Плехановская олимпиада школьников,русский язык,русский язык,русский язык,75 и более,право на 100 баллов,русский язык,победителям и призерам,"9, 10, 11 класс",6
Направление подготовки 09.03.04 Программная инженерия,1,Разработка информационных систем для бизнеса,Санкт-Петербургская олимпиада школьников,математика,математика,математика,75 и более,право на прием БВИ,математика,победителям и призерам,"10, 11 класс",6
Направление подготовки 09.03.04 Программная инженерия,1,Разработка информационных систем для бизнеса,Твой путь в настоящую науку,физика,физика,физика,75 и более,право на 100 баллов,физика,победителям и призерам,"10, 11 класс",6
Направление подготовки 09.03.04 Программная инженерия,1,Разработка информационных систем для бизнеса,Турнир городов,математика,математика,математика,75 и более,право на прием БВИ,математика,победителям и призерам,"10, 11 класс",6
Направление подготовки 09.03.04 Программная инженерия,1,Разработка информационных систем для бизнеса,Турнир имени М.В. Ломоносова,математика,математика,математика,75 и более,право на 100 баллов,математика,победителям и призерам,"10, 11 класс",6
Направление подготовки 09.03.04 Программная инженерия,1,Разработка информационных систем для бизнеса,Турнир имени М.В. Ломоносова,лингвистика,"русский язык, иностранный язык, математика",русский язык,75 и более,право на 100 баллов,русский язык,победителям и призерам,"9, 10, 11 класс",6
Направление подготовки 09.03.04 Программная инженерия,1,Разработка информационных систем для бизнеса,Турнир имени М.В. Ломоносова,физика,физика,физика,75 и более,право на 100 баллов,физика,победителям и призерам,"10, 11 класс",6
Направление подготовки 09.03.04 Программная инженерия,1,Разработка информационных систем для бизнеса,Университетская олимпиада школьников «Бельчонок»,информатика,информатика,информатика и ИКТ,75 и более,право на 100 баллов,информатика и ИКТ,победителям и призерам,"10, 11 класс",7
Направление подготовки 09.03.04 Программная инженерия,1,Разработка информационных систем для бизнеса,Университетская олимпиада школьников «Бельчонок»,физика,физика,физика,75 и более,право на 100 баллов,физика,победителям и призерам,"10, 11 класс",7
Направление подготовки 09.03.04 Программная инженерия,1,Разработка информационных систем для бизнеса,Университетская олимпиада школьников «Бельчонок»,математика,математика,математика,75 и более,право на 100 баллов,математика,победителям и призерам,"10, 11 класс",7
Направление подготовки 09.03.04 Программная инженерия,1,Разработка информационных систем для бизнеса,Многопрофильная олимпиада РТУ МИРЭА,информатика,информатика,информатика и ИКТ,75 и более,право на 100 баллов,информатика и ИКТ,победителям и призерам,"10, 11 класс",7
Направление подготовки 09.03.04 Программная инженерия,1,Разработка информационных систем для бизнеса,Многопрофильная олимпиада РТУ МИРЭА,физика,физика,физика,75 и более,право на 100 баллов,физика,победителям и призерам,"10, 11 класс",7
Направление подготовки 09.03.04 Программная инженерия,1,Разработка информационных систем для бизнеса,Многопрофильная олимпиада РТУ МИРЭА,математика,математика,математика,75 и более,право на 100 баллов,математика,победителям и призерам,"10, 11 класс",7
Направление подготовки 09.03.04 Программная инженерия,2,Программные системы и автоматизация процессов разработки,«Формула Единства» / «Третье тысячелетие»,математика,математика,математика,75 и более,право на 100 баллов,математика,победителям и призерам,"10, 11 класс",7
Направление подготовки 09.03.04 Программная инженерия,2,Программные системы и автоматизация процессов разработки,Всероссийская междисциплинарная олимпиада школьников «Национальная технологическая олимпиада»,интеллектуальные робототехнические системы,"компьютерные и информационные науки, информатика и вычислительная техника, информационная безопасность, электроника, радиотехника и системы связи, управление в технических системах",информатика и ИКТ,75 и более,право на 100 баллов,информатика и ИКТ,победителям и призерам,"10, 11 класс",7
Направление подготовки 09.03.04 Программная инженерия,2,Программные системы и автоматизация процессов разработки,Всероссийская междисциплинарная олимпиада школьников «Национальная технологическая олимпиада»,информационная безопасность,"математика и механика, компьютерные и информационные науки, информатика и вычислительная техника",информатика и ИКТ,75 и более,право на 100 баллов,информатика и ИКТ,победителям и призерам,"10, 11 класс",7
Направление подготовки 09.03.04 Программная инженерия,2,Программные системы и автоматизация процессов разработки,Всероссийская междисциплинарная олимпиада школьников «Национальная технологическая олимпиада»,разработка мобильных приложений,"математика и механика, компьютерные и информационные науки, информатика и вычислительная техника, информационная безопасность",информатика и ИКТ,75 и более,право на 100 баллов,информатика и ИКТ,победителям и призерам,"10, 11 класс",7
Направление подготовки 09.03.04 Программная инженерия,2,Программные системы и автоматизация процессов разработки,Всероссийская междисциплинарная олимпиада школьников «Национальная технологическая олимпиада»,искусственный интеллект,"математика и механика, компьютерные и информационные науки, информатика и вычислительная техника, информационная безопасность",информатика и ИКТ,75 и более,право на 100 баллов,информатика и ИКТ,победителям и призерам,"10, 11 класс",7
Направление подготовки 09.03.04 Программная инженерия,2,Программные системы и автоматизация процессов разработки,Всероссийская междисциплинарная олимпиада школьников «Национальная технологическая олимпиада»,автоматизация бизнес- процессов,"математика и механика, компьютерные и информационные науки, информатика и вычислительная техника, информационная безопасность, электроника, радиотехника и системы связи, управление в технических системах, экономика и управление, автоматизация и управление технологическими процессами и производствами",информатика и ИКТ,75 и более,право на 100 баллов,информатика и ИКТ,победителям и призерам,"10, 11 класс",7
Направление подготовки 09.03.04 Программная инженерия,2,Программные системы и автоматизация процессов разработки,Всероссийская междисциплинарная олимпиада школьников «Национальная технологическая олимпиада»,программная инженерия в финансовых технологиях,"математика и механика, компьютерные и информационные науки, информатика и вычислительная техника, информационная безопасность, электроника, радиотехника и системы связи, фотоника, приборостроение, оптические и биотехнические системы и технологии, электро- и теплоэнергетика, машиностроение, авиационная и ракетно- космическая техника",информатика и ИКТ,75 и более,право на 100 баллов,информатика и ИКТ,победителям и призерам,"10, 11 класс",8
Направление подготовки 09.03.04 Программная инженерия,2,Программные системы и автоматизация процессов разработки,Всероссийская междисциплинарная олимпиада школьников «Национальная технологическая олимпиада»,большие данные и машинное обучение,"математика и механика, компьютерные и информационные науки, информатика и вычислительная техника, информационная безопасность, электроника, радиотехника и системы связи, фотоника, приборостроение, оптические и биотехнические системы и технологии, электро- и теплоэнергетика, машиностроение, авиационная и ракетно- космическая техника, управление в технических системах, языкознание и литературоведение",информатика и ИКТ,75 и более,право на 100 баллов,информатика и ИКТ,победителям и призерам,"10, 11 класс",8
Направление подготовки 09.03.04 Программная инженерия,2,Программные системы и автоматизация процессов разработки,Всероссийская олимпиада по искусственному интеллекту (с возможностью участия иностранных обучающихся),искусственный интеллект,информатика,информатика и ИКТ,75 и более,право на прием БВИ,информатика и ИКТ,победителям и призерам,"10, 11 класс",8
Направление подготовки 09.03.04 Программная инженерия,2,Программные системы и автоматизация процессов разработки,Всероссийская олимпиада школьников «Высшая проба»,информатика,информатика,информатика и ИКТ,75 и более,право на прием БВИ,информатика и ИКТ,победителям и призерам,"10, 11 класс",8
Направление подготовки 09.03.04 Программная инженерия,2,Программные системы и автоматизация процессов разработки,Всероссийская олимпиада школьников «Высшая проба»,инженерные науки,"информационная безопасность, информатика и вычислительная техника",информатика и ИКТ,75 и более,право на 100 баллов,информатика и ИКТ,победителям и призерам,"10, 11 класс",8
Направление подготовки 09.03.04 Программная инженерия,2,Программные системы и автоматизация процессов разработки,Всероссийская олимпиада школьников «Высшая проба»,промышленное программирование,"компьютерные и информационные науки, информатика и вычислительная техника",информатика и ИКТ,75 и более,право на 100 баллов,информатика и ИКТ,победителям и призерам,11 класс,8
Направление подготовки 09.03.04 Программная инженерия,2,Программные системы и автоматизация процессов разработки,Всероссийская олимпиада школьников «Высшая проба»,математика,математика,математика,75 и более,право на прием БВИ,математика,победителям и призерам,"10, 11 класс",8
Направление подготовки 09.03.04 Программная инженерия,2,Программные системы и автоматизация процессов разработки,Всероссийская олимпиада школьников «Высшая проба»,русский язык,русский язык,русский язык,75 и более,право на 100 баллов,русский язык,победителям и призерам,"9, 10, 11 класс",8
Направление подготовки 09.03.04 Программная инженерия,2,Программные системы и автоматизация процессов разработки,Всероссийская олимпиада школьников «Высшая проба»,анализ данных,"компьютерные и информационные науки, информатика и вычислительная техника",информатика и ИКТ,75 и более,право на 100 баллов,информатика и ИКТ,победителям и призерам,11 класс,8
Направление подготовки 09.03.04 Программная инженерия,2,Программные системы и автоматизация процессов разработки,Всероссийская олимпиада школьников «Высшая проба»,физика,физика,физика,75 и более,право на 100 баллов,физика,победителям и призерам,"10, 11 класс",8
Направление подготовки 09.03.04 Программная инженерия,2,Программные системы и автоматизация процессов разработки,Всесибирская открытая олимпиада школьников,информатика,информатика,информатика и ИКТ,75 и более,право на 100 баллов,информатика и ИКТ,победителям и призерам,"10, 11 класс",9
Направление подготовки 09.03.04 Программная инженерия,2,Программные системы и автоматизация процессов разработки,Всесибирская открытая олимпиада школьников,математика,математика,математика,75 и более,право на 100 баллов,математика,победителям и призерам,"10, 11 класс",9
Направление подготовки 09.03.04 Программная инженерия,2,Программные системы и автоматизация процессов разработки,Всесибирская открытая олимпиада школьников,физика,физика,физика,75 и более,право на 100 баллов,физика,победителям и призерам,"10, 11 класс",9
Направление подготовки 09.03.04 Программная инженерия,2,Программные системы и автоматизация процессов разработки,Вузовско-академическая олимпиада по информатике,информатика,информатика,информатика,75 и более,право на прием БВИ,информатика,победителям и призерам,"10, 11 класс",9
Направление подготовки 09.03.04 Программная инженерия,2,Программные системы и автоматизация процессов разработки,Городская открытая олимпиада школьников по физике,физика,физика,физика,75 и более,право на 100 баллов,физика,победителям и призерам,"10, 11 класс",9
Направление подготовки 09.03.04 Программная инженерия,2,Программные системы и автоматизация процессов разработки,Инженерная олимпиада школьников,физика,физика,физика,75 и более,право на прием БВИ,физика,победителям и призерам,"10, 11 класс",9
Направление подготовки 09.03.04 Программная инженерия,2,Программные системы и автоматизация процессов разработки,Интернет-олимпиада школьников по физике,физика,физика,физика,75 и более,право на 100 баллов,физика,победителям и призерам,"10, 11 класс",9
Направление подготовки 09.03.04 Программная инженерия,2,Программные системы и автоматизация процессов разработки,Международная олимпиада «Innopolis Open»,робототехника,информатика,информатика и ИКТ,75 и более,право на 100 баллов,информатика и ИКТ,победителям и призерам,"10, 11 класс",9
Направление подготовки 09.03.04 Программная инженерия,2,Программные системы и автоматизация процессов разработки,Международная олимпиада «Innopolis Open»,искусственный интеллект,информатика,информатика и ИКТ,75 и более,право на 100 баллов,информатика и ИКТ,победителям и призерам,"10, 11 класс",9
Направление подготовки 09.03.04 Программная инженерия,2,Программные системы и автоматизация процессов разработки,Международная олимпиада «Innopolis Open»,информатика,информатика,информатика и ИКТ,75 и более,право на 100 баллов,информатика и ИКТ,победителям и призерам,"10, 11 класс",9
Направление подготовки 09.03.04 Программная инженерия,2,Программные системы и автоматизация процессов разработки,Международная олимпиада «Innopolis Open»,математика,математика,математика,75 и более,право на 100 баллов,математика,победителям и призерам,"10, 11 класс",9
Направление подготовки 09.03.04 Программная инженерия,2,Программные системы и автоматизация процессов разработки,Международная олимпиада школьников Уральского федерального университета «Изумруд»,информатика,информатика,информатика и ИКТ,75 и более,право на 100 баллов,информатика и ИКТ,победителям и призерам,"10, 11 класс",9
Направление подготовки 09.03.04 Программная инженерия,2,Программные системы и автоматизация процессов разработки,Международная олимпиада школьников Уральского федерального университета «Изумруд»,математика,математика,математика,75 и более,право на 100 баллов,математика,победителям и призерам,"10, 11 класс",9
Направление подготовки 09.03.04 Программная инженерия,2,Программные системы и автоматизация процессов разработки,Международная олимпиада школьников Уральского федерального университета «Изумруд»,русский язык,русский язык,русский язык,75 и более,право на 100 баллов,русский язык,победителям и призерам,"9, 10, 11 класс",9
Направление подготовки 09.03.04 Программная инженерия,2,Программные системы и автоматизация процессов разработки,Международная олимпиада школьников Уральского федерального университета «Изумруд»,физика,физика,физика,75 и более,право на 100 баллов,физика,победителям и призерам,"10, 11 класс",9
Направление подготовки 09.03.04 Программная инженерия,2,Программные системы и автоматизация процессов разработки,Межрегиональная олимпиада школьников «Будущие исследователи - будущее науки»,математика,математика,математика,75 и более,право на 100 баллов,математика,победителям и призерам,"10, 11 класс",9
Направление подготовки 09.03.04 Программная инженерия,2,Программные системы и автоматизация процессов разработки,Межрегиональная олимпиада школьников «Будущие исследователи - будущее науки»,русский язык,русский язык,русский язык,75 и более,право на 100 баллов,русский язык,победителям и призерам,"9, 10, 11 класс",9
Направление подготовки 09.03.04 Программная инженерия,2,Программные системы и автоматизация процессов разработки,Межрегиональная олимпиада школьников «Будущие исследователи - будущее науки»,физика,физика,физика,75 и более,право на 100 баллов,физика,победителям и призерам,"10, 11 класс",9
Направление подготовки 09.03.04 Программная инженерия,2,Программные системы и автоматизация процессов разработки,Межрегиональная олимпиада школьников имени И.Я. Верченко,компьютерная безопасность,информационная безопасность,информатика и ИКТ,75 и более,право на 100 баллов,информатика и ИКТ,победителям и призерам,"10, 11 класс",9
Направление подготовки 09.03.04 Программная инженерия,2,Программные системы и автоматизация процессов разработки,Межрегиональная олимпиада школьников имени И.Я. Верченко,математика,"математика, криптография",математика,75 и более,право на 100 баллов,математика,победителям и призерам,"10, 11 класс",9
Направление подготовки 09.03.04 Программная инженерия,2,Программные системы и автоматизация процессов разработки,Межрегиональная олимпиада школьников на базе ведомственных образовательных организаций,физика,физика,физика,75 и более,право на 100 баллов,физика,победителям и призерам,"10, 11 класс",9
Направление подготовки 09.03.04 Программная инженерия,2,Программные системы и автоматизация процессов разработки,Межрегиональные предметные олимпиады федерального государственного автономного образовательного учреждения высшего образования «Казанский (Приволжский) федеральный университет»,информатика,информатика,информатика и ИКТ,75 и более,право на прием БВИ,информатика и ИКТ,победителям и призерам,"10, 11 класс",9
Направление подготовки 09.03.04 Программная инженерия,2,Программные системы и автоматизация процессов разработки,Межрегиональные предметные олимпиады федерального государственного автономного образовательного учреждения высшего образования «Казанский (Приволжский) федеральный университет»,русский язык,русский язык,русский язык,75 и более,право на 100 баллов,русский язык,победителям и призерам,"9, 10, 11 класс",9
Направление подготовки 09.03.04 Программная инженерия,2,Программные системы и автоматизация процессов разработки,Межрегиональные предметные олимпиады федерального государственного автономного образовательного учреждения высшего образования «Казанский (Приволжский) федеральный университет»,физика,физика,физика,75 и более,право на 100 баллов,физика,победителям и призерам,"10, 11 класс",9
Направление подготовки 09.03.04 Программная инженерия,2,Программные системы и автоматизация процессов разработки,Московская олимпиада школьников,информатика,информатика,информатика и ИКТ,75 и более,право на прием БВИ,информатика и ИКТ,победителям и призерам,"10, 11 класс",9
Направление подготовки 09.03.04 Программная инженерия,2,Программные системы и автоматизация процессов разработки,Московская олимпиада школьников,математика,математика,математика,75 и более,право на прием БВИ,математика,победителям и призерам,"10, 11 класс",9
Направление подготовки 09.03.04 Программная инженерия,2,Программные системы и автоматизация процессов разработки,Московская олимпиада школьников,физика,физика,физика,75 и более,право на прием БВИ,физика,победителям и призерам,"10, 11 класс",9
Направление подготовки 09.03.04 Программная инженерия,2,Программные системы и автоматизация процессов разработки,Объединённая межвузовская математическая олимпиада школьников,математика,математика,математика,75 и более,право на 100 баллов,математика,победителям и призерам,"10, 11 класс",9
Направление подготовки 09.03.04 Программная инженерия,2,Программные системы и автоматизация процессов разработки,Объединённая межвузовская математическая олимпиада школьников,физика,физика,физика,75 и более,право на 100 баллов,физика,победителям и призерам,"10, 11 класс",9
Направление подготовки 09.03.04 Программная инженерия,2,Программные системы и автоматизация процессов разработки,Океан знаний,русский язык,русский язык,русский язык,75 и более,право на 100 баллов,русский язык,победителям и призерам,"9, 10, 11 класс",10
Направление подготовки 09.03.04 Программная инженерия,2,Программные системы и автоматизация процессов разработки,Олимпиада Курчатов,математика,математика,математика,75 и более,право на 100 баллов,математика,победителям и призерам,"10, 11 класс",10
Направление подготовки 09.03.04 Программная инженерия,2,Программные системы и автоматизация процессов разработки,Олимпиада Курчатов,физика,физика,физика,75 и более,право на 100 баллов,физика,победителям и призерам,"10, 11 класс",10
Направление подготовки 09.03.04 Программная инженерия,2,Программные системы и автоматизация процессов разработки,Олимпиада РГГУ для школьников,русский язык,русский язык,русский язык,75 и более,право на 100 баллов,русский язык,победителям и призерам,"9, 10, 11 класс",10
Направление подготовки 09.03.04 Программная инженерия,2,Программные системы и автоматизация процессов разработки,Олимпиада школьников «Гранит науки»,информатика,информатика,информатика,75 и более,право на 100 баллов,информатика,победителям и призерам,"10, 11 класс",10
Направление подготовки 09.03.04 Программная инженерия,2,Программные системы и автоматизация процессов разработки,Олимпиада школьников «Ломоносов»,информатика,информатика,информатика и ИКТ,75 и более,право на прием БВИ,информатика и ИКТ,победителям и призерам,"10, 11 класс",10
Направление подготовки 09.03.04 Программная инженерия,2,Программные системы и автоматизация процессов разработки,Олимпиада школьников «Ломоносов»,математика,математика,математика,75 и более,право на прием БВИ,математика,победителям и призерам,"10, 11 класс",10
Направление подготовки 09.03.04 Программная инженерия,2,Программные системы и автоматизация процессов разработки,Олимпиада школьников «Ломоносов»,русский язык,русский язык,русский язык,75 и более,право на 100 баллов,русский язык,победителям и призерам,"9, 10, 11 класс",10
Направление подготовки 09.03.04 Программная инженерия,2,Программные системы и автоматизация процессов разработки,Олимпиада школьников «Ломоносов»,физика,физика,физика,75 и более,право на прием БВИ,физика,победителям и призерам,"10, 11 класс",10
Направление подготовки 09.03.04 Программная инженерия,2,Программные системы и автоматизация процессов разработки,Олимпиада школьников «Надежда энергетики»,физика,физика,физика,75 и более,право на 100 баллов,физика,победителям и призерам,"10, 11 класс",10
Направление подготовки 09.03.04 Программная инженерия,2,Программные системы и автоматизация процессов разработки,Олимпиада школьников «Покори Воробьёвы горы!»,математика,математика,математика,75 и более,право на прием БВИ,математика,победителям и призерам,"10, 11 класс",10
Направление подготовки 09.03.04 Программная инженерия,2,Программные системы и автоматизация процессов разработки,Олимпиада школьников «Покори Воробьёвы горы!»,физика,физика,физика,75 и более,право на прием БВИ,физика,победителям и призерам,"10, 11 класс",10
Направление подготовки 09.03.04 Программная инженерия,2,Программные системы и автоматизация процессов разработки,Олимпиада школьников «Робофест»,физика,физика,физика,75 и более,право на 100 баллов,физика,победителям и призерам,"10, 11 класс",10
Направление подготовки 09.03.04 Программная инженерия,2,Программные системы и автоматизация процессов разработки,Олимпиада школьников «Физтех»,математика,математика,математика,75 и более,право на 100 баллов,математика,победителям и призерам,"10, 11 класс",10
Направление подготовки 09.03.04 Программная инженерия,2,Программные системы и автоматизация процессов разработки,Олимпиада школьников «Физтех»,информатика и программирование,информатика,информатика,75 и более,право на 100 баллов,информатика,победителям и призерам,"10, 11 класс",10
Направление подготовки 09.03.04 Программная инженерия,2,Программные системы и автоматизация процессов разработки,Олимпиада школьников «Физтех»,физика,физика,физика,75 и более,право на прием БВИ,физика,победителям и призерам,"10, 11 класс",10
Направление подготовки 09.03.04 Программная инженерия,2,Программные системы и автоматизация процессов разработки,Олимпиада школьников «Шаг в будущее»,математика,математика,математика,75 и более,право на 100 баллов,математика,победителям и призерам,"10, 11 класс",10
Направление подготовки 09.03.04 Программная инженерия,2,Программные системы и автоматизация процессов разработки,Олимпиада школьников «Шаг в будущее»,информатика,информатика и вычислительная техника,информатика и ИКТ,75 и более,право на 100 баллов,информатика и ИКТ,победителям и призерам,"10, 11 класс",10
Направление подготовки 09.03.04 Программная инженерия,2,Программные системы и автоматизация процессов разработки,Олимпиада школьников «Шаг в будущее»,физика,физика,физика,75 и более,право на 100 баллов,физика,победителям и призерам,"10, 11 класс",10
Направление подготовки 09.03.04 Программная инженерия,2,Программные системы и автоматизация процессов разработки,Олимпиада школьников по информатике и программированию,информатика,информатика,информатика и ИКТ,75 и более,право на прием БВИ,информатика и ИКТ,победителям и призерам,"10, 11 класс",10
Направление подготовки 09.03.04 Программная инженерия,2,Программные системы и автоматизация процессов разработки,Олимпиада школьников по программированию «ТехноКубок»,информатика,информатика,информатика и ИКТ,75 и более,право на 100 баллов,информатика и ИКТ,победителям и призерам,"10, 11 класс",10
Направление подготовки 09.03.04 Программная инженерия,2,Программные системы и автоматизация процессов разработки,Олимпиада школьников Санкт- Петербургского государственного университета,информатика,информатика,информатика и ИКТ,75 и более,право на прием БВИ,информатика и ИКТ,победителям и призерам,"10, 11 класс",10
Направление подготовки 09.03.04 Программная инженерия,2,Программные системы и автоматизация процессов разработки,Олимпиада школьников Санкт- Петербургского государственного университета,математика,математика,математика,75 и более,право на прием БВИ,математика,победителям и призерам,"10, 11 класс",10
Направление подготовки 09.03.04 Программная инженерия,2,Программные системы и автоматизация процессов разработки,Олимпиада школьников Санкт- Петербургского государственного университета,математическое моделирование и искусственный интеллект,"математика и механика, информатика и вычислительная техника",информатика и ИКТ,75 и более,право на 100 баллов,информатика и ИКТ,победителям и призерам,"10, 11 класс",10
Направление подготовки 09.03.04 Программная инженерия,2,Программные системы и автоматизация процессов разработки,Олимпиада школьников Санкт- Петербургского государственного университета,физика,физика,физика,75 и более,право на 100 баллов,физика,победителям и призерам,"10, 11 класс",10
Направление подготовки 09.03.04 Программная инженерия,2,Программные системы и автоматизация процессов разработки,Олимпиада Юношеской математической школы,математика,математика,математика,75 и более,право на прием БВИ,математика,победителям и призерам,"10, 11 класс",10
Направление подготовки 09.03.04 Программная инженерия,2,Программные системы и автоматизация процессов разработки,Открытая межвузовская олимпиада школьников Сибирского Федерального округа «Будущее Сибири»,физика,физика,физика,75 и более,право на 100 баллов,физика,победителям и призерам,"10, 11 класс",10
Направление подготовки 09.03.04 Программная инженерия,2,Программные системы и автоматизация процессов разработки,Открытая олимпиада школьников,информатика,информатика,информатика и ИКТ,75 и более,право на прием БВИ,информатика и ИКТ,победителям и призерам,"10, 11 класс",10
Направление подготовки 09.03.04 Программная инженерия,2,Программные системы и автоматизация процессов разработки,Открытая олимпиада школьников,математика,математика,математика,75 и более,право на 100 баллов,математика,победителям и призерам,"10, 11 класс",10
Направление подготовки 09.03.04 Программная инженерия,2,Программные системы и автоматизация процессов разработки,Открытая олимпиада школьников,физика,физика,физика,75 и более,право на 100 баллов,физика,победителям и призерам,"10, 11 класс",11
Направление подготовки 09.03.04 Программная инженерия,2,Программные системы и автоматизация процессов разработки,Открытая олимпиада школьников по программированию,информатика,информатика,информатика и ИКТ,75 и более,право на прием БВИ,информатика и ИКТ,победителям и призерам,"10, 11 класс",11
Направление подготовки 09.03.04 Программная инженерия,2,Программные системы и автоматизация процессов разработки,Открытая олимпиада школьников по программированию «Когнитивные технологии»,информатика,информатика,информатика и ИКТ,75 и более,право на 100 баллов,информатика и ИКТ,победителям и призерам,"10, 11 класс",11
Направление подготовки 09.03.04 Программная инженерия,2,Программные системы и автоматизация процессов разработки,Открытая региональная межвузовская олимпиада школьников (ОРМО) с международным участием,русский язык,русский язык,русский язык,75 и более,право на 100 баллов,русский язык,победителям и призерам,"9, 10, 11 класс",11
Направление подготовки 09.03.04 Программная инженерия,2,Программные системы и автоматизация процессов разработки,Открытая региональная межвузовская олимпиада школьников (ОРМО) с международным участием,физика,физика,физика,75 и более,право на 100 баллов,физика,победителям и призерам,"10, 11 класс",11
Направление подготовки 09.03.04 Программная инженерия,2,Программные системы и автоматизация процессов разработки,Отраслевая олимпиада школьников «Газпром»,информационные и коммуникационные технологии,информатика,информатика и ИКТ,75 и более,право на 100 баллов,информатика и ИКТ,победителям и призерам,"10, 11 класс",11
Направление подготовки 09.03.04 Программная инженерия,2,Программные системы и автоматизация процессов разработки,Отраслевая физико-математическая олимпиада школьников «Росатом»,математика,математика,математика,75 и более,право на 100 баллов,математика,победителям и призерам,"10, 11 класс",11
Направление подготовки 09.03.04 Программная инженерия,2,Программные системы и автоматизация процессов разработки,Отраслевая физико-математическая олимпиада школьников «Росатом»,информатика,информатика,информатика и ИКТ,75 и более,право на 100 баллов,информатика и ИКТ,победителям и призерам,"10, 11 класс",11
Направление подготовки 09.03.04 Программная инженерия,2,Программные системы и автоматизация процессов разработки,Отраслевая физико-математическая олимпиада школьников «Росатом»,физика,физика,физика,75 и более,право на прием БВИ,физика,победителям и призерам,"10, 11 класс",11
Направление подготовки 09.03.04 Программная инженерия,2,Программные системы и автоматизация процессов разработки,Плехановская олимпиада школьников,русский язык,русский язык,русский язык,75 и более,право на 100 баллов,русский язык,победителям и призерам,"9, 10, 11 класс",11
Направление подготовки 09.03.04 Программная инженерия,2,Программные системы и автоматизация процессов разработки,Санкт-Петербургская олимпиада школьников,математика,математика,математика,75 и более,право на прием БВИ,математика,победителям и призерам,"10, 11 класс",11
Направление подготовки 09.03.04 Программная инженерия,2,Программные системы и автоматизация процессов разработки,Твой путь в настоящую науку,физика,физика,физика,75 и более,право на 100 баллов,физика,победителям и призерам,"10, 11 класс",11
Направление подготовки 09.03.04 Программная инженерия,2,Программные системы и автоматизация процессов разработки,Турнир городов,математика,математика,математика,75 и более,право на прием БВИ,математика,победителям и призерам,"10, 11 класс",11
Направление подготовки 09.03.04 Программная инженерия,2,Программные системы и автоматизация процессов разработки,Турнир имени М.В. Ломоносова,математика,математика,математика,75 и более,право на 100 баллов,математика,победителям и призерам,"10, 11 класс",11
Направление подготовки 09.03.04 Программная инженерия,2,Программные системы и автоматизация процессов разработки,Турнир имени М.В. Ломоносова,лингвистика,"русский язык, иностранный язык, математика",русский язык,75 и более,право на 100 баллов,русский язык,победителям и призерам,"9, 10, 11 класс",11
Направление подготовки 09.03.04 Программная инженерия,2,Программные системы и автоматизация процессов разработки,Турнир имени М.В. Ломоносова,физика,физика,физика,75 и более,право на 100 баллов,физика,победителям и призерам,"10, 11 класс",11
Направление подготовки 09.03.04 Программная инженерия,2,Программные системы и автоматизация процессов разработки,Университетская олимпиада школьников «Бельчонок»,информатика,информатика,информатика и ИКТ,75 и более,право на 100 баллов,информатика и ИКТ,победителям и призерам,"10, 11 класс",11
Направление подготовки 09.03.04 Программная инженерия,2,Программные системы и автоматизация процессов разработки,Университетская олимпиада школьников «Бельчонок»,физика,физика,физика,75 и более,право на 100 баллов,физика,победителям и призерам,"10, 11 класс",11
Направление подготовки 09.03.04 Программная инженерия,2,Программные системы и автоматизация процессов разработки,Университетская олимпиада школьников «Бельчонок»,математика,математика,математика,75 и более,право на 100 баллов,математика,победителям и призерам,"10, 11 класс",11
Направление подготовки 09.03.04 Программная инженерия,2,Программные системы и автоматизация процессов разработки,Многопрофильная олимпиада РТУ МИРЭА,информатика,информатика,информатика и ИКТ,75 и более,право на 100 баллов,информатика и ИКТ,победителям и призерам,"10, 11 класс",11
Направление подготовки 09.03.04 Программная инженерия,2,Программные системы и автоматизация процессов разработки,Многопрофильная олимпиада РТУ МИРЭА,физика,физика,физика,75 и более,право на 100 баллов,физика,победителям и призерам,"10, 11 класс",11
Направление подготовки 09.03.04 Программная инженерия,2,Программные системы и автоматизация процессов разработки,Многопрофильная олимпиада РТУ МИРЭА,математика,математика,математика,75 и более,право на 100 баллов,математика,победителям и призерам,"10, 11 класс",11
Направление подготовки 38.03.01 Экономика,3,Международная программа по бизнесу и экономике,"«Финатлон для старшеклассников» - Всероссийская олимпиада по финансовой грамотности, финансовому рынку и защите прав потребителей финансовых услуг",финансовая грамотность,обществознание,математика,75 и более,право на прием БВИ,математика,победителям и призерам,11 класс,11
Направление подготовки 38.03.01 Экономика,3,Международная программа по бизнесу и экономике,Всероссийская академическая олимпиада школьников имени В.И. Вернадского,гуманитарные и социальные науки,обществознание,обществознание,75 и более,право на 100 баллов,обществознание,победителям и призерам,"10, 11 класс",11
Направление подготовки 38.03.01 Экономика,3,Международная программа по бизнесу и экономике,Всероссийская академическая олимпиада школьников имени В.И. Вернадского,экономика,экономика,математика,75 и более,право на 100 баллов,математика,победителям и призерам,"10, 11 класс",11
Направление подготовки 38.03.01 Экономика,3,Международная программа по бизнесу и экономике,Всероссийская экономическая олимпиада школьников имени Н.Д. Кондратьева,экономика,экономика,математика,75 и более,право на прием БВИ,математика,победителям и призерам,"10, 11 класс",11
Направление подготовки 38.03.01 Экономика,3,Международная программа по бизнесу и экономике,«Формула Единства»/»Третье тысячелетие»,математика,математика,математика,75 и более,право на 100 баллов,математика,победителям и призерам,"10, 11 класс",12
Направление подготовки 38.03.01 Экономика,3,Международная программа по бизнесу и экономике,Всероссийская междисциплинарная олимпиада школьников 8-11 классов «Национальная технологическая олимпиада»,автоматизация бизнес- процессов,экономика и управление,математика,75 и более,право на 100 баллов,математика,победителям и призерам,"10, 11 класс",12
Направление подготовки 38.03.01 Экономика,3,Международная программа по бизнесу и экономике,"Всероссийская олимпиада школьников ""Высшая проба""",экономика,экономика,математика,75 и более,право на прием БВИ,математика,победителям и призерам,11 класс,12
Направление подготовки 38.03.01 Экономика,3,Международная программа по бизнесу и экономике,"Всероссийская олимпиада школьников ""Высшая проба""",обществознание,обществознание,обществознание,75 и более,право на прием БВИ,обществознание,победителям и призерам,11 класс,12
Направление подготовки 38.03.01 Экономика,3,Международная программа по бизнесу и экономике,"Всероссийская олимпиада школьников ""Высшая проба""",финансовая грамотность,экономика,математика,75 и более,право на прием БВИ,математика,победителям и призерам,11 класс,12
Направление подготовки 38.03.01 Экономика,3,Международная программа по бизнесу и экономике,"Всероссийская олимпиада школьников ""Высшая проба""",основы бизнеса,экономика и управление,математика,75 и более,право на прием БВИ,математика,победителям и призерам,11 класс,12
Направление подготовки 38.03.01 Экономика,3,Международная программа по бизнесу и экономике,"Всероссийская олимпиада школьников ""Высшая проба""",русский язык,русский язык,русский язык,75 и более,право на 100 баллов,русский язык,победителям и призерам,11 класс,12
Направление подготовки 38.03.01 Экономика,3,Международная программа по бизнесу и экономике,"Всероссийская олимпиада школьников ""Высшая проба""",иностранный язык,иностранный язык,иностранный язык,75 и более,право на 100 баллов,иностранный язык,победителям и призерам,11 класс,12
Направление подготовки 38.03.01 Экономика,3,Международная программа по бизнесу и экономике,"Всероссийская олимпиада школьников ""Высшая проба""",математика,математика,математика,75 и более,право на прием БВИ,математика,победителям и призерам,11 класс,12
Направление подготовки 38.03.01 Экономика,3,Международная программа по бизнесу и экономике,"Всероссийская олимпиада школьников ""Миссия выполнима. Твое призвание - финансист!""",иностранный язык,иностранный язык,иностранный язык,75 и более,право на 100 баллов,иностранный язык,победителям и призерам,11 класс,12
Направление подготовки 38.03.01 Экономика,3,Международная программа по бизнесу и экономике,"Всероссийская олимпиада школьников ""Миссия выполнима. Твое призвание - финансист!""",экономика,экономика,математика,75 и более,право на прием БВИ,математика,победителям и призерам,11 класс,12
Направление подготовки 38.03.01 Экономика,3,Международная программа по бизнесу и экономике,"Всероссийская олимпиада школьников ""Миссия выполнима. Твое призвание - финансист!""",финансовая грамотность,экономика,математика,75 и более,право на прием БВИ,математика,победителям и призерам,11 класс,12
Направление подготовки 38.03.01 Экономика,3,Международная программа по бизнесу и экономике,"Всероссийская олимпиада школьников ""Миссия выполнима. Твое призвание - финансист!""",обществознание,обществознание,обществознание,75 и более,право на 100 баллов,обществознание,победителям и призерам,11 класс,12
Направление подготовки 38.03.01 Экономика,3,Международная программа по бизнесу и экономике,Всесибирская открытая олимпиада школьников,математика,математика,математика,75 и более,право на прием БВИ,математика,победителям и призерам,11 класс,12
Направление подготовки 38.03.01 Экономика,3,Международная программа по бизнесу и экономике,Международная олимпиада «Innopolis Open»,математика,математика,математика,75 и более,право на прием БВИ,математика,победителям и призерам,11 класс,12
Направление подготовки 38.03.01 Экономика,3,Международная программа по бизнесу и экономике,Герценовская олимпиада школьников,иностранный язык,иностранный язык,иностранный язык,75 и более,право на 100 баллов,иностранный язык,победителям и призерам,11 класс,12
Направление подготовки 38.03.01 Экономика,3,Международная программа по бизнесу и экономике,Международная олимпиада по финансовой безопасности,финансовая безопасность,экономика,математика,75 и более,право на прием БВИ,математика,победителям и призерам,11 класс,12
Направление подготовки 38.03.01 Экономика,3,Международная программа по бизнесу и экономике,"Межрегиональная олимпиада школьников ""Будущие исследователи - будущее науки""",русский язык,русский язык,русский язык,75 и более,право на 100 баллов,русский язык,победителям и призерам,11 класс,12
Направление подготовки 38.03.01 Экономика,3,Международная программа по бизнесу и экономике,"Межрегиональная олимпиада школьников ""Будущие исследователи - будущее науки""",математика,математика,математика,75 и более,право на прием БВИ,математика,победителям и призерам,11 класс,12
Направление подготовки 38.03.01 Экономика,3,Международная программа по бизнесу и экономике,"Межрегиональная олимпиада школьников ""Евразийская лингвистическая олимпиада""",иностранный язык,иностранный язык,иностранный язык,75 и более,право на 100 баллов,иностранный язык,победителям и призерам,11 класс,12
Направление подготовки 38.03.01 Экономика,3,Международная программа по бизнесу и экономике,Межрегиональные предметные олимпиады федерального государственного автономного образовательного учреждения высшего образования «Казанский,русский язык,русский язык,русский язык,75 и более,право на 100 баллов,русский язык,победителям и призерам,11 класс,12
Направление подготовки 38.03.01 Экономика,3,Международная программа по бизнесу и экономике,Межрегиональные предметные олимпиады федерального государственного автономного образовательного учреждения высшего образования «Казанский,иностранный язык,иностранный язык,иностранный язык,75 и более,право на 100 баллов,иностранный язык,победителям и призерам,11 класс,12
Направление подготовки 38.03.01 Экономика,3,Международная программа по бизнесу и экономике,"Многопрофильная олимпиада школьников Уральского федерального университета ""Изумруд""",обществознание,обществознание,обществознание,75 и более,право на 100 баллов,обществознание,победителям и призерам,11 класс,12
Направление подготовки 38.03.01 Экономика,3,Международная программа по бизнесу и экономике,Московская олимпиада школьников,обществознание,обществознание,обществознание,75 и более,право на прием БВИ,обществознание,победителям и призерам,11 класс,12
Направление подготовки 38.03.01 Экономика,3,Международная программа по бизнесу и экономике,Московская олимпиада школьников,финансовая грамотность,экономика,математика,75 и более,право на прием БВИ,математика,победителям и призерам,11 класс,12
Направление подготовки 38.03.01 Экономика,3,Международная программа по бизнесу и экономике,Московская олимпиада школьников,лингвистика,иностранный язык,иностранный язык,75 и более,право на 100 баллов,иностранный язык,победителям и призерам,11 класс,12
Направление подготовки 38.03.01 Экономика,3,Международная программа по бизнесу и экономике,Московская олимпиада школьников,экономика,экономика,математика,75 и более,право на прием БВИ,математика,победителям и призерам,11 класс,12
Направление подготовки 38.03.01 Экономика,3,Международная программа по бизнесу и экономике,Московская олимпиада школьников,вероятность и статистика,математика,математика,75 и более,право на прием БВИ,математика,победителям и призерам,11 класс,13
Направление подготовки 38.03.01 Экономика,3,Международная программа по бизнесу и экономике,Московская олимпиада школьников,математика,математика,математика,75 и более,право на прием БВИ,математика,победителям и призерам,11 класс,13
Направление подготовки 38.03.01 Экономика,3,Международная программа по бизнесу и экономике,Объединённая межвузовская математическая олимпиада школьников,математика,математика,математика,75 и более,право на прием БВИ,математика,победителям и призерам,11 класс,13
Направление подготовки 38.03.01 Экономика,3,Международная программа по бизнесу и экономике,Олимпиада Курчатов,математика,математика,математика,75 и более,право на прием БВИ,математика,победителям и призерам,11 класс,13
Направление подготовки 38.03.01 Экономика,3,Международная программа по бизнесу и экономике,Океан знаний,русский язык,русский язык,русский язык,75 и более,право на 100 баллов,русский язык,победителям и призерам,11 класс,13
Направление подготовки 38.03.01 Экономика,3,Международная программа по бизнесу и экономике,Океан знаний,обществознание,обществознание,обществознание,75 и более,право на прием БВИ,обществознание,победителям и призерам,11 класс,13
Направление подготовки 38.03.01 Экономика,3,Международная программа по бизнесу и экономике,Олимпиада РГГУ для школьников,иностранный язык,иностранный язык,иностранный язык,75 и более,право на 100 баллов,иностранный язык,победителям и призерам,11 класс,13
Направление подготовки 38.03.01 Экономика,3,Международная программа по бизнесу и экономике,Олимпиада РГГУ для школьников,русский язык,русский язык,русский язык,75 и более,право на 100 баллов,русский язык,победителям и призерам,11 класс,13
Направление подготовки 38.03.01 Экономика,3,Международная программа по бизнесу и экономике,Олимпиада РГГУ для школьников,обществознание,обществознание,обществознание,75 и более,право на 100 баллов,обществознание,победителям и призерам,11 класс,13
Направление подготовки 38.03.01 Экономика,3,Международная программа по бизнесу и экономике,"Олимпиада школьников ""Ломоносов"" Олимпиада школьников «Физтех»",русский язык,русский язык,русский язык,75 и более,право на 100 баллов,русский язык,победителям и призерам,11 класс,13
Направление подготовки 38.03.01 Экономика,3,Международная программа по бизнесу и экономике,"Олимпиада школьников ""Ломоносов"" Олимпиада школьников «Физтех»",иностранный язык,иностранный язык,иностранный язык,75 и более,право на 100 баллов,иностранный язык,победителям и призерам,11 класс,13
Направление подготовки 38.03.01 Экономика,3,Международная программа по бизнесу и экономике,"Олимпиада школьников ""Ломоносов"" Олимпиада школьников «Физтех»",математика,математика,математика,75 и более,право на прием БВИ,математика,победителям и призерам,11 класс,13
Направление подготовки 38.03.01 Экономика,3,Международная программа по бизнесу и экономике,"Олимпиада школьников ""Ломоносов"" Олимпиада школьников «Физтех»",обществознание,обществознание,обществознание,75 и более,право на прием БВИ,обществознание,победителям и призерам,11 класс,13
Направление подготовки 38.03.01 Экономика,3,Международная программа по бизнесу и экономике,"Олимпиада школьников ""Ломоносов"" Олимпиада школьников «Физтех»",математика,математика,математика,75 и более,право на прием БВИ,математика,победителям и призерам,11 класс,13
Направление подготовки 38.03.01 Экономика,3,Международная программа по бизнесу и экономике,Олимпиада школьников по экономике в рамках международного экономического фестиваля школьников «Сибириада. Шаг в мечту»,экономика,экономика,математика,75 и более,право на прием БВИ,математика,победителям и призерам,11 класс,13
Направление подготовки 38.03.01 Экономика,3,Международная программа по бизнесу и экономике,"Олимпиада школьников ""Покори Воробьёвы горы!""",математика,математика,математика,75 и более,право на прием БВИ,математика,победителям и призерам,11 класс,13
Направление подготовки 38.03.01 Экономика,3,Международная программа по бизнесу и экономике,"Олимпиада школьников ""Покори Воробьёвы горы!""",обществознание,обществознание,обществознание,75 и более,право на прием БВИ,обществознание,победителям и призерам,11 класс,13
Направление подготовки 38.03.01 Экономика,3,Международная программа по бизнесу и экономике,"Олимпиада школьников ""Покори Воробьёвы горы!""",иностранный язык,иностранный язык,иностранный язык,75 и более,право на 100 баллов,иностранный язык,победителям и призерам,11 класс,13
Направление подготовки 38.03.01 Экономика,3,Международная программа по бизнесу и экономике,"Олимпиада школьников ""Шаг в будущее""",математика,математика,математика,75 и более,право на прием БВИ,математика,победителям и призерам,11 класс,13
Направление подготовки 38.03.01 Экономика,3,Международная программа по бизнесу и экономике,Олимпиада школьников Российской академии народного хозяйства и государственной службы при Президенте Российской Федерации,финансовая грамотность,экономика,математика,75 и более,право на прием БВИ,математика,победителям и призерам,11 класс,13
Направление подготовки 38.03.01 Экономика,3,Международная программа по бизнесу и экономике,Олимпиада школьников Российской академии народного хозяйства и государственной службы при Президенте Российской Федерации,иностранный язык,английский язык,иностранный язык,75 и более,право на 100 баллов,иностранный язык,победителям и призерам,11 класс,13
Направление подготовки 38.03.01 Экономика,3,Международная программа по бизнесу и экономике,Олимпиада школьников Российской академии народного хозяйства и государственной службы при Президенте Российской Федерации,экономика,экономика,математика,75 и более,право на прием БВИ,математика,победителям и призерам,11 класс,13
Направление подготовки 38.03.01 Экономика,3,Международная программа по бизнесу и экономике,Олимпиада школьников Российской академии народного хозяйства и государственной службы при Президенте Российской Федерации,обществознание,обществознание,обществознание,75 и более,право на прием БВИ,обществознание,победителям и призерам,11 класс,13
Направление подготовки 38.03.01 Экономика,3,Международная программа по бизнесу и экономике,Олимпиада школьников Санкт- Петербургского государственного университета,иностранный язык,иностранный язык,иностранный язык,75 и более,право на 100 баллов,иностранный язык,победителям и призерам,11 класс,13
Направление подготовки 38.03.01 Экономика,3,Международная программа по бизнесу и экономике,Олимпиада школьников Санкт- Петербургского государственного университета,математика,математика,математика,75 и более,право на прием БВИ,математика,победителям и призерам,11 класс,13
Направление подготовки 38.03.01 Экономика,3,Международная программа по бизнесу и экономике,Олимпиада школьников Санкт- Петербургского государственного университета,обществознание,обществознание,обществознание,75 и более,право на прием БВИ,обществознание,победителям и призерам,11 класс,13
Направление подготовки 38.03.01 Экономика,3,Международная программа по бизнесу и экономике,Олимпиада школьников Санкт- Петербургского государственного университета,экономика,экономика,математика,75 и более,право на прием БВИ,математика,победителям и призерам,11 класс,13
Направление подготовки 38.03.01 Экономика,3,Международная программа по бизнесу и экономике,Олимпиада Юношеской математической школы,математика,математика,математика,75 и более,право на прием БВИ,математика,победителям и призерам,11 класс,13
Направление подготовки 38.03.01 Экономика,3,Международная программа по бизнесу и экономике,Открытая олимпиада школьников,математика,математика,математика,75 и более,право на прием БВИ,математика,победителям и призерам,11 класс,14
Направление подготовки 38.03.01 Экономика,3,Международная программа по бизнесу и экономике,Плехановская олимпиада школьников,экономика,обществознание,обществознание,75 и более,право на прием БВИ,обществознание,победителям и призерам,11 класс,14
Направление подготовки 38.03.01 Экономика,3,Международная программа по бизнесу и экономике,Плехановская олимпиада школьников,иностранный язык,иностранный язык,иностранный язык,75 и более,право на 100 баллов,иностранный язык,победителям и призерам,11 класс,14
Направление подготовки 38.03.01 Экономика,3,Международная программа по бизнесу и экономике,Плехановская олимпиада школьников,русский язык,русский язык,русский язык,75 и более,право на 100 баллов,русский язык,победителям и призерам,11 класс,14
Направление подготовки 38.03.01 Экономика,3,Международная программа по бизнесу и экономике,Плехановская олимпиада школьников,финансовая грамотность,экономика,математика,75 и более,право на прием БВИ,математика,победителям и призерам,11 класс,14
Направление подготовки 38.03.01 Экономика,3,Международная программа по бизнесу и экономике,Турнир городов,математика,математика,математика,75 и более,право на 100 баллов,математика,победителям и призерам,"10, 11 класс",14
Направление подготовки 38.03.01 Экономика,3,Международная программа по бизнесу и экономике,Университетская олимпиада школьников «Бельчонок»,математика,математика,математика,75 и более,право на 100 баллов,математика,победителям и призерам,"10, 11 класс",14
Направление подготовки 38.03.01 Экономика,3,Международная программа по бизнесу и экономике,Турнир имени М.В. Ломоносова,математика,математика,математика,75 и более,право на 100 баллов,математика,победителям и призерам,"10, 11 класс",14
Направление подготовки 38.03.02 Менеджмент,4,Международная программа по бизнесу и экономике,"«Финатлон для старшеклассников» - Всероссийская олимпиада по финансовой грамотности, финансовому рынку и защите прав потребителей финансовых услуг",финансовая грамотность,обществознание,математика,75 и более,право на прием БВИ,математика,победителям и призерам,11 класс,14
Направление подготовки 38.03.02 Менеджмент,4,Международная программа по бизнесу и экономике,Всероссийская академическая олимпиада школьников имени В.И. Вернадского,гуманитарные и социальные науки,обществознание,обществознание,75 и более,право на 100 баллов,обществознание,победителям и призерам,"10, 11 класс",14
Направление подготовки 38.03.02 Менеджмент,4,Международная программа по бизнесу и экономике,Всероссийская академическая олимпиада школьников имени В.И. Вернадского,экономика,экономика,математика,75 и более,право на 100 баллов,математика,победителям и призерам,"10, 11 класс",14
Направление подготовки 38.03.02 Менеджмент,4,Международная программа по бизнесу и экономике,Всероссийская экономическая олимпиада школьников имени Н.Д. Кондратьева,экономика,экономика,математика,75 и более,право на прием БВИ,математика,победителям и призерам,"10, 11 класс",14
Направление подготовки 38.03.02 Менеджмент,4,Международная программа по бизнесу и экономике,«Формула Единства»/»Третье тысячелетие»,математика,математика,математика,75 и более,право на 100 баллов,математика,победителям и призерам,"10, 11 класс",14
Направление подготовки 38.03.02 Менеджмент,4,Международная программа по бизнесу и экономике,Всероссийская междисциплинарная олимпиада школьников 8-11 классов «Национальная технологическая олимпиада»,автоматизация бизнес- процессов,экономика и управление,математика,75 и более,право на 100 баллов,математика,победителям и призерам,"10, 11 класс",14
Направление подготовки 38.03.02 Менеджмент,4,Международная программа по бизнесу и экономике,"Всероссийская олимпиада школьников ""Высшая проба""",экономика,экономика,математика,75 и более,право на прием БВИ,математика,победителям и призерам,11 класс,14
Направление подготовки 38.03.02 Менеджмент,4,Международная программа по бизнесу и экономике,"Всероссийская олимпиада школьников ""Высшая проба""",обществознание,обществознание,обществознание,75 и более,право на прием БВИ,обществознание,победителям и призерам,11 класс,14
Направление подготовки 38.03.02 Менеджмент,4,Международная программа по бизнесу и экономике,"Всероссийская олимпиада школьников ""Высшая проба""",финансовая грамотность,экономика,математика,75 и более,право на прием БВИ,математика,победителям и призерам,11 класс,14
Направление подготовки 38.03.02 Менеджмент,4,Международная программа по бизнесу и экономике,"Всероссийская олимпиада школьников ""Высшая проба""",основы бизнеса,экономика и управление,математика,75 и более,право на прием БВИ,математика,победителям и призерам,11 класс,14
Направление подготовки 38.03.02 Менеджмент,4,Международная программа по бизнесу и экономике,"Всероссийская олимпиада школьников ""Высшая проба""",русский язык,русский язык,русский язык,75 и более,право на 100 баллов,русский язык,победителям и призерам,11 класс,14
Направление подготовки 38.03.02 Менеджмент,4,Международная программа по бизнесу и экономике,"Всероссийская олимпиада школьников ""Высшая проба""",иностранный язык,иностранный язык,иностранный язык,75 и более,право на 100 баллов,иностранный язык,победителям и призерам,11 класс,14
Направление подготовки 38.03.02 Менеджмент,4,Международная программа по бизнесу и экономике,"Всероссийская олимпиада школьников ""Высшая проба""",математика,математика,математика,75 и более,право на прием БВИ,математика,победителям и призерам,11 класс,14
Направление подготовки 38.03.02 Менеджмент,4,Международная программа по бизнесу и экономике,"Всероссийская олимпиада школьников ""Миссия выполнима. Твое призвание - финансист!""",иностранный язык,иностранный язык,иностранный язык,75 и более,право на 100 баллов,иностранный язык,победителям и призерам,11 класс,14
Направление подготовки 38.03.02 Менеджмент,4,Международная программа по бизнесу и экономике,"Всероссийская олимпиада школьников ""Миссия выполнима. Твое призвание - финансист!""",экономика,экономика,математика,75 и более,право на прием БВИ,математика,победителям и призерам,11 класс,14
Направление подготовки 38.03.02 Менеджмент,4,Международная программа по бизнесу и экономике,"Всероссийская олимпиада школьников ""Миссия выполнима. Твое призвание - финансист!""",финансовая грамотность,экономика,математика,75 и более,право на прием БВИ,математика,победителям и призерам,11 класс,14
Направление подготовки 38.03.02 Менеджмент,4,Международная программа по бизнесу и экономике,"Всероссийская олимпиада школьников ""Миссия выполнима. Твое призвание - финансист!""",обществознание,обществознание,обществознание,75 и более,право на 100 баллов,обществознание,победителям и призерам,11 класс,14
Направление подготовки 38.03.02 Менеджмент,4,Международная программа по бизнесу и экономике,Всесибирская открытая олимпиада школьников,математика,математика,математика,75 и более,право на прием БВИ,математика,победителям и призерам,11 класс,14
Направление подготовки 38.03.02 Менеджмент,4,Международная программа по бизнесу и экономике,Международная олимпиада «Innopolis Open»,математика,математика,математика,75 и более,право на прием БВИ,математика,победителям и призерам,11 класс,15
Направление подготовки 38.03.02 Менеджмент,4,Международная программа по бизнесу и экономике,Герценовская олимпиада школьников,иностранный язык,иностранный язык,иностранный язык,75 и более,право на 100 баллов,иностранный язык,победителям и призерам,11 класс,15
Направление подготовки 38.03.02 Менеджмент,4,Международная программа по бизнесу и экономике,Международная олимпиада по финансовой безопасности,финансовая безопасность,экономика,математика,75 и более,право на прием БВИ,математика,победителям и призерам,11 класс,15
Направление подготовки 38.03.02 Менеджмент,4,Международная программа по бизнесу и экономике,"Межрегиональная олимпиада школьников ""Будущие исследователи - будущее науки""",русский язык,русский язык,русский язык,75 и более,право на 100 баллов,русский язык,победителям и призерам,11 класс,15
Направление подготовки 38.03.02 Менеджмент,4,Международная программа по бизнесу и экономике,"Межрегиональная олимпиада школьников ""Будущие исследователи - будущее науки""",математика,математика,математика,75 и более,право на прием БВИ,математика,победителям и призерам,11 класс,15
Направление подготовки 38.03.02 Менеджмент,4,Международная программа по бизнесу и экономике,"Межрегиональная олимпиада школьников ""Евразийская лингвистическая олимпиада""",иностранный язык,иностранный язык,иностранный язык,75 и более,право на 100 баллов,иностранный язык,победителям и призерам,11 класс,15
Направление подготовки 38.03.02 Менеджмент,4,Международная программа по бизнесу и экономике,Межрегиональные предметные олимпиады федерального государственного автономного образовательного учреждения высшего образования «Казанский,русский язык,русский язык,русский язык,75 и более,право на 100 баллов,русский язык,победителям и призерам,11 класс,15
Направление подготовки 38.03.02 Менеджмент,4,Международная программа по бизнесу и экономике,Межрегиональные предметные олимпиады федерального государственного автономного образовательного учреждения высшего образования «Казанский,иностранный язык,иностранный язык,иностранный язык,75 и более,право на 100 баллов,иностранный язык,победителям и призерам,11 класс,15
Направление подготовки 38.03.02 Менеджмент,4,Международная программа по бизнесу и экономике,"Многопрофильная олимпиада школьников Уральского федерального университета ""Изумруд""",обществознание,обществознание,обществознание,75 и более,право на 100 баллов,обществознание,победителям и призерам,11 класс,15
Направление подготовки 38.03.02 Менеджмент,4,Международная программа по бизнесу и экономике,Московская олимпиада школьников,обществознание,обществознание,обществознание,75 и более,право на прием БВИ,обществознание,победителям и призерам,11 класс,15
Направление подготовки 38.03.02 Менеджмент,4,Международная программа по бизнесу и экономике,Московская олимпиада школьников,финансовая грамотность,экономика,математика,75 и более,право на прием БВИ,математика,победителям и призерам,11 класс,15
Направление подготовки 38.03.02 Менеджмент,4,Международная программа по бизнесу и экономике,Московская олимпиада школьников,лингвистика,иностранный язык,иностранный язык,75 и более,право на 100 баллов,иностранный язык,победителям и призерам,11 класс,15
Направление подготовки 38.03.02 Менеджмент,4,Международная программа по бизнесу и экономике,Московская олимпиада школьников,экономика,экономика,математика,75 и более,право на прием БВИ,математика,победителям и призерам,11 класс,15
Направление подготовки 38.03.02 Менеджмент,4,Международная программа по бизнесу и экономике,Московская олимпиада школьников,вероятность и статистика,математика,математика,75 и более,право на прием БВИ,математика,победителям и призерам,11 класс,15
Направление подготовки 38.03.02 Менеджмент,4,Международная программа по бизнесу и экономике,Московская олимпиада школьников,математика,математика,математика,75 и более,право на прием БВИ,математика,победителям и призерам,11 класс,15
Направление подготовки 38.03.02 Менеджмент,4,Международная программа по бизнесу и экономике,Объединённая межвузовская математическая олимпиада школьников,математика,математика,математика,75 и более,право на прием БВИ,математика,победителям и призерам,11 класс,15
Направление подготовки 38.03.02 Менеджмент,4,Международная программа по бизнесу и экономике,Олимпиада Курчатов,математика,математика,математика,75 и более,право на прием БВИ,математика,победителям и призерам,11 класс,15
Направление подготовки 38.03.02 Менеджмент,4,Международная программа по бизнесу и экономике,Океан знаний,русский язык,русский язык,русский язык,75 и более,право на 100 баллов,русский язык,победителям и призерам,11 класс,15
Направление подготовки 38.03.02 Менеджмент,4,Международная программа по бизнесу и экономике,Океан знаний,обществознание,обществознание,обществознание,75 и более,право на прием БВИ,обществознание,победителям и призерам,11 класс,15
Направление подготовки 38.03.02 Менеджмент,4,Международная программа по бизнесу и экономике,Олимпиада РГГУ для школьников,иностранный язык,иностранный язык,иностранный язык,75 и более,право на 100 баллов,иностранный язык,победителям и призерам,11 класс,15
Направление подготовки 38.03.02 Менеджмент,4,Международная программа по бизнесу и экономике,Олимпиада РГГУ для школьников,русский язык,русский язык,русский язык,75 и более,право на 100 баллов,русский язык,победителям и призерам,11 класс,15
Направление подготовки 38.03.02 Менеджмент,4,Международная программа по бизнесу и экономике,Олимпиада РГГУ для школьников,обществознание,обществознание,обществознание,75 и более,право на 100 баллов,обществознание,победителям и призерам,11 класс,15
Направление подготовки 38.03.02 Менеджмент,4,Международная программа по бизнесу и экономике,"Олимпиада школьников ""Ломоносов""",русский язык,русский язык,русский язык,75 и более,право на 100 баллов,русский язык,победителям и призерам,11 класс,15
Направление подготовки 38.03.02 Менеджмент,4,Международная программа по бизнесу и экономике,"Олимпиада школьников ""Ломоносов""",иностранный язык,иностранный язык,иностранный язык,75 и более,право на 100 баллов,иностранный язык,победителям и призерам,11 класс,15
Направление подготовки 38.03.02 Менеджмент,4,Международная программа по бизнесу и экономике,"Олимпиада школьников ""Ломоносов""",математика,математика,математика,75 и более,право на прием БВИ,математика,победителям и призерам,11 класс,15
Направление подготовки 38.03.02 Менеджмент,4,Международная программа по бизнесу и экономике,"Олимпиада школьников ""Ломоносов""",обществознание,обществознание,обществознание,75 и более,право на прием БВИ,обществознание,победителям и призерам,11 класс,15
Направление подготовки 38.03.02 Менеджмент,4,Международная программа по бизнесу и экономике,Олимпиада школьников «Физтех»,математика,математика,математика,75 и более,право на прием БВИ,математика,победителям и призерам,11 класс,15
Направление подготовки 38.03.02 Менеджмент,4,Международная программа по бизнесу и экономике,Олимпиада школьников по экономике в рамках международного экономического фестиваля школьников «Сибириада. Шаг в мечту»,экономика,экономика,математика,75 и более,право на прием БВИ,математика,победителям и призерам,11 класс,16
Направление подготовки 38.03.02 Менеджмент,4,Международная программа по бизнесу и экономике,"Олимпиада школьников ""Покори Воробьёвы горы!""",математика,математика,математика,75 и более,право на прием БВИ,математика,победителям и призерам,11 класс,16
Направление подготовки 38.03.02 Менеджмент,4,Международная программа по бизнесу и экономике,"Олимпиада школьников ""Покори Воробьёвы горы!""",обществознание,обществознание,обществознание,75 и более,право на прием БВИ,обществознание,победителям и призерам,11 класс,16
Направление подготовки 38.03.02 Менеджмент,4,Международная программа по бизнесу и экономике,"Олимпиада школьников ""Покори Воробьёвы горы!""",иностранный язык,иностранный язык,иностранный язык,75 и более,право на 100 баллов,иностранный язык,победителям и призерам,11 класс,16
Направление подготовки 38.03.02 Менеджмент,4,Международная программа по бизнесу и экономике,"Олимпиада школьников ""Шаг в будущее""",математика,математика,математика,75 и более,право на прием БВИ,математика,победителям и призерам,11 класс,16
Направление подготовки 38.03.02 Менеджмент,4,Международная программа по бизнесу и экономике,Олимпиада школьников Российской академии народного хозяйства и государственной службы при Президенте Российской Федерации,финансовая грамотность,экономика,математика,75 и более,право на прием БВИ,математика,победителям и призерам,11 класс,16
Направление подготовки 38.03.02 Менеджмент,4,Международная программа по бизнесу и экономике,Олимпиада школьников Российской академии народного хозяйства и государственной службы при Президенте Российской Федерации,иностранный язык,английский язык,иностранный язык,75 и более,право на 100 баллов,иностранный язык,победителям и призерам,11 класс,16
Направление подготовки 38.03.02 Менеджмент,4,Международная программа по бизнесу и экономике,Олимпиада школьников Российской академии народного хозяйства и государственной службы при Президенте Российской Федерации,экономика,экономика,математика,75 и более,право на прием БВИ,математика,победителям и призерам,11 класс,16
Направление подготовки 38.03.02 Менеджмент,4,Международная программа по бизнесу и экономике,Олимпиада школьников Российской академии народного хозяйства и государственной службы при Президенте Российской Федерации,обществознание,обществознание,обществознание,75 и более,право на прием БВИ,обществознание,победителям и призерам,11 класс,16
Направление подготовки 38.03.02 Менеджмент,4,Международная программа по бизнесу и экономике,Олимпиада школьников Санкт- Петербургского государственного университета,иностранный язык,иностранный язык,иностранный язык,75 и более,право на 100 баллов,иностранный язык,победителям и призерам,11 класс,16
Направление подготовки 38.03.02 Менеджмент,4,Международная программа по бизнесу и экономике,Олимпиада школьников Санкт- Петербургского государственного университета,математика,математика,математика,75 и более,право на прием БВИ,математика,победителям и призерам,11 класс,16
Направление подготовки 38.03.02 Менеджмент,4,Международная программа по бизнесу и экономике,Олимпиада школьников Санкт- Петербургского государственного университета,обществознание,обществознание,обществознание,75 и более,право на прием БВИ,обществознание,победителям и призерам,11 класс,16
Направление подготовки 38.03.02 Менеджмент,4,Международная программа по бизнесу и экономике,Олимпиада школьников Санкт- Петербургского государственного университета,экономика,экономика,математика,75 и более,право на прием БВИ,математика,победителям и призерам,11 класс,16
Направление подготовки 38.03.02 Менеджмент,4,Международная программа по бизнесу и экономике,Олимпиада Юношеской математической школы,математика,математика,математика,75 и более,право на прием БВИ,математика,победителям и призерам,11 класс,16
Направление подготовки 38.03.02 Менеджмент,4,Международная программа по бизнесу и экономике,Открытая олимпиада школьников,математика,математика,математика,75 и более,право на прием БВИ,математика,победителям и призерам,11 класс,16
Направление подготовки 38.03.02 Менеджмент,4,Международная программа по бизнесу и экономике,Плехановская олимпиада школьников,экономика,обществознание,обществознание,75 и более,право на прием БВИ,обществознание,победителям и призерам,11 класс,16
Направление подготовки 38.03.02 Менеджмент,4,Международная программа по бизнесу и экономике,Плехановская олимпиада школьников,иностранный язык,иностранный язык,иностранный язык,75 и более,право на 100 баллов,иностранный язык,победителям и призерам,11 класс,16
Направление подготовки 38.03.02 Менеджмент,4,Международная программа по бизнесу и экономике,Плехановская олимпиада школьников,русский язык,русский язык,русский язык,75 и более,право на 100 баллов,русский язык,победителям и призерам,11 класс,16
Направление подготовки 38.03.02 Менеджмент,4,Международная программа по бизнесу и экономике,Плехановская олимпиада школьников,финансовая грамотность,экономика,математика,75 и более,право на прием БВИ,математика,победителям и призерам,11 класс,16
Направление подготовки 38.03.02 Менеджмент,4,Международная программа по бизнесу и экономике,Турнир городов,математика,математика,математика,75 и более,право на 100 баллов,математика,победителям и призерам,"10, 11 класс",16
Направление подготовки 38.03.02 Менеджмент,4,Международная программа по бизнесу и экономике,Университетская олимпиада школьников «Бельчонок»,математика,математика,математика,75 и более,право на 100 баллов,математика,победителям и призерам,"10, 11 класс",16
Направление подготовки 38.03.02 Менеджмент,4,Международная программа по бизнесу и экономике,Турнир имени М.В. Ломоносова,математика,математика,математика,75 и более,право на 100 баллов,математика,победителям и призерам,"10, 11 класс",16
Направление подготовки 38.03.02 Менеджмент,5,Менеджмент в креативных индустриях,«Формула Единства»/»Третье тысячелетие»,математика,математика,математика,75 и более,право на 100 баллов,математика,победителям и призерам,"10, 11 класс",16
Направление подготовки 38.03.02 Менеджмент,5,Менеджмент в креативных индустриях,"Всероссийская олимпиада школьников ""Высшая проба""",обществознание,обществознание,обществознание,75 и более,право на прием БВИ,обществознание,победителям и призерам,11 класс,16
Направление подготовки 38.03.02 Менеджмент,5,Менеджмент в креативных индустриях,"Всероссийская олимпиада школьников ""Высшая проба""",основы бизнеса,менеджмент,математика,75 и более,право на прием БВИ,математика,победителям и призерам,11 класс,16
Направление подготовки 38.03.02 Менеджмент,5,Менеджмент в креативных индустриях,"Всероссийская олимпиада школьников ""Высшая проба""",русский язык,русский язык,русский язык,75 и более,право на 100 баллов,русский язык,победителям и призерам,11 класс,16
Направление подготовки 38.03.02 Менеджмент,5,Менеджмент в креативных индустриях,"Всероссийская олимпиада школьников ""Высшая проба""",иностранный язык,иностранный язык,иностранный язык,75 и более,право на 100 баллов,иностранный язык,победителям и призерам,11 класс,16
Направление подготовки 38.03.02 Менеджмент,5,Менеджмент в креативных индустриях,"Всероссийская олимпиада школьников ""Высшая проба""",финансовая грамотность,экономика,математика,75 и более,право на прием БВИ,математика,победителям и призерам,11 класс,16
Направление подготовки 38.03.02 Менеджмент,5,Менеджмент в креативных индустриях,"Всероссийская олимпиада школьников ""Высшая проба""",математика,математика,математика,75 и более,право на прием БВИ,математика,победителям и призерам,11 класс,17
Направление подготовки 38.03.02 Менеджмент,5,Менеджмент в креативных индустриях,"Всероссийская олимпиада школьников ""Высшая проба""",филология,"филология, литература",литература,75 и более,право на 100 баллов,литература,победителям и призерам,11 класс,17
Направление подготовки 38.03.02 Менеджмент,5,Менеджмент в креативных индустриях,Всесибирская открытая олимпиада школьников,математика,математика,математика,75 и более,право на прием БВИ,математика,победителям и призерам,11 класс,17
Направление подготовки 38.03.02 Менеджмент,5,Менеджмент в креативных индустриях,Герценовская олимпиада школьников,иностранный язык,иностранный язык,иностранный язык,75 и более,право на 100 баллов,иностранный язык,победителям и призерам,11 класс,17
Направление подготовки 38.03.02 Менеджмент,5,Менеджмент в креативных индустриях,"Межрегиональная олимпиада школьников ""Будущие исследователи - будущее науки""",русский язык,русский язык,русский язык,75 и более,право на 100 баллов,русский язык,победителям и призерам,11 класс,17
Направление подготовки 38.03.02 Менеджмент,5,Менеджмент в креативных индустриях,"Межрегиональная олимпиада школьников ""Будущие исследователи - будущее науки""",математика,математика,математика,75 и более,право на прием БВИ,математика,победителям и призерам,11 класс,17
Направление подготовки 38.03.02 Менеджмент,5,Менеджмент в креативных индустриях,"Межрегиональная олимпиада школьников ""Евразийская лингвистическая олимпиада""",иностранный язык,иностранный язык,иностранный язык,75 и более,право на 100 баллов,иностранный язык,победителям и призерам,11 класс,17
Направление подготовки 38.03.02 Менеджмент,5,Менеджмент в креативных индустриях,Межрегиональные предметные олимпиады федерального государственного автономного образовательного учреждения высшего образования «Казанский (Приволжский) федеральный университет»,русский язык,русский язык,русский язык,75 и более,право на 100 баллов,русский язык,победителям и призерам,11 класс,17
Направление подготовки 38.03.02 Менеджмент,5,Менеджмент в креативных индустриях,Межрегиональные предметные олимпиады федерального государственного автономного образовательного учреждения высшего образования «Казанский (Приволжский) федеральный университет»,иностранный язык,иностранный язык,иностранный язык,75 и более,право на 100 баллов,иностранный язык,победителям и призерам,11 класс,17
Направление подготовки 38.03.02 Менеджмент,5,Менеджмент в креативных индустриях,Межрегиональные предметные олимпиады федерального государственного автономного образовательного учреждения высшего образования «Казанский (Приволжский) федеральный университет»,математика,математика,математика,75 и более,право на прием БВИ,математика,победителям и призерам,11 класс,17
Направление подготовки 38.03.02 Менеджмент,5,Менеджмент в креативных индустриях,"Многопрофильная олимпиада школьников Уральского федерального университета ""Изумруд""",обществознание,обществознание,обществознание,75 и более,право на 100 баллов,обществознание,победителям и призерам,11 класс,17
Направление подготовки 38.03.02 Менеджмент,5,Менеджмент в креативных индустриях,"Многопрофильная олимпиада школьников Уральского федерального университета ""Изумруд""",русский язык,русский язык,русский язык,75 и более,право на 100 баллов,русский язык,победителям и призерам,"10, 11 класс",17
Направление подготовки 38.03.02 Менеджмент,5,Менеджмент в креативных индустриях,Московская олимпиада школьников,обществознание,обществознание,обществознание,75 и более,право на прием БВИ,обществознание,победителям и призерам,11 класс,17
Направление подготовки 38.03.02 Менеджмент,5,Менеджмент в креативных индустриях,Московская олимпиада школьников,финансовая грамотность,экономика,математика,75 и более,право на прием БВИ,математика,победителям и призерам,11 класс,17
Направление подготовки 38.03.02 Менеджмент,5,Менеджмент в креативных индустриях,Московская олимпиада школьников,лингвистика,иностранный язык,иностранный язык,75 и более,право на 100 баллов,иностранный язык,победителям и призерам,11 класс,17
Направление подготовки 38.03.02 Менеджмент,5,Менеджмент в креативных индустриях,Московская олимпиада школьников,экономика,экономика,математика,75 и более,право на прием БВИ,математика,победителям и призерам,11 класс,17
Направление подготовки 38.03.02 Менеджмент,5,Менеджмент в креативных индустриях,Московская олимпиада школьников,математика,математика,математика,75 и более,право на прием БВИ,математика,победителям и призерам,11 класс,17
Направление подготовки 38.03.02 Менеджмент,5,Менеджмент в креативных индустриях,Объединённая межвузовская математическая олимпиада школьников,математика,математика,математика,75 и более,право на прием БВИ,математика,победителям и призерам,11 класс,17
Направление подготовки 38.03.02 Менеджмент,5,Менеджмент в креативных индустриях,Олимпиада Курчатов,математика,математика,математика,75 и более,право на прием БВИ,математика,победителям и призерам,11 класс,17
Направление подготовки 38.03.02 Менеджмент,5,Менеджмент в креативных индустриях,Океан знаний,русский язык,русский язык,русский язык,75 и более,право на 100 баллов,русский язык,победителям и призерам,11 класс,17
Направление подготовки 38.03.02 Менеджмент,5,Менеджмент в креативных индустриях,Океан знаний,обществознание,обществознание,обществознание,75 и более,право на прием БВИ,обществознание,победителям и призерам,11 класс,17
Направление подготовки 38.03.02 Менеджмент,5,Менеджмент в креативных индустриях,Олимпиада РГГУ для школьников,иностранный язык,иностранный язык,иностранный язык,75 и более,право на 100 баллов,иностранный язык,победителям и призерам,11 класс,17
Направление подготовки 38.03.02 Менеджмент,5,Менеджмент в креативных индустриях,Олимпиада РГГУ для школьников,русский язык,русский язык,русский язык,75 и более,право на 100 баллов,русский язык,победителям и призерам,11 класс,17
Направление подготовки 38.03.02 Менеджмент,5,Менеджмент в креативных индустриях,Олимпиада РГГУ для школьников,обществознание,обществознание,обществознание,75 и более,право на 100 баллов,обществознание,победителям и призерам,11 класс,17
Направление подготовки 38.03.02 Менеджмент,5,Менеджмент в креативных индустриях,"Олимпиада школьников ""Ломоносов""",русский язык,русский язык,русский язык,75 и более,право на 100 баллов,русский язык,победителям и призерам,11 класс,17
Направление подготовки 38.03.02 Менеджмент,5,Менеджмент в креативных индустриях,"Олимпиада школьников ""Ломоносов""",иностранный язык,иностранный язык,иностранный язык,75 и более,право на 100 баллов,иностранный язык,победителям и призерам,11 класс,17
Направление подготовки 38.03.02 Менеджмент,5,Менеджмент в креативных индустриях,"Олимпиада школьников ""Ломоносов""",математика,математика,математика,75 и более,право на прием БВИ,математика,победителям и призерам,11 класс,17
Направление подготовки 38.03.02 Менеджмент,5,Менеджмент в креативных индустриях,"Олимпиада школьников ""Ломоносов""",обществознание,обществознание,обществознание,75 и более,право на прием БВИ,обществознание,победителям и призерам,11 класс,17
Направление подготовки 38.03.02 Менеджмент,5,Менеджмент в креативных индустриях,Олимпиада школьников по экономике в рамках международного экономического фестиваля школьников «Сибириада. Шаг в мечту»,экономика,экономика,математика,75 и более,право на прием БВИ,математика,победителям и призерам,11 класс,18
Направление подготовки 38.03.02 Менеджмент,5,Менеджмент в креативных индустриях,"Олимпиада школьников ""Покори Воробьёвы горы!""",математика,математика,математика,75 и более,право на прием БВИ,математика,победителям и призерам,11 класс,18
Направление подготовки 38.03.02 Менеджмент,5,Менеджмент в креативных индустриях,"Олимпиада школьников ""Покори Воробьёвы горы!""",обществознание,обществознание,обществознание,75 и более,право на прием БВИ,обществознание,победителям и призерам,11 класс,18
Направление подготовки 38.03.02 Менеджмент,5,Менеджмент в креативных индустриях,"Олимпиада школьников ""Покори Воробьёвы горы!""",иностранный язык,иностранный язык,иностранный язык,75 и более,право на 100 баллов,иностранный язык,победителям и призерам,11 класс,18
Направление подготовки 38.03.02 Менеджмент,5,Менеджмент в креативных индустриях,"Олимпиада школьников ""Шаг в будущее""",математика,математика,математика,75 и более,право на прием БВИ,математика,победителям и призерам,11 класс,18
Направление подготовки 38.03.02 Менеджмент,5,Менеджмент в креативных индустриях,Олимпиада школьников Российской академии народного хозяйства и государственной службы при Президенте Российской Федерации,финансовая грамотность,экономика,математика,75 и более,право на прием БВИ,математика,победителям и призерам,11 класс,18
Направление подготовки 38.03.02 Менеджмент,5,Менеджмент в креативных индустриях,Олимпиада школьников Российской академии народного хозяйства и государственной службы при Президенте Российской Федерации,иностранный язык,английский язык,иностранный язык,75 и более,право на 100 баллов,иностранный язык,победителям и призерам,11 класс,18
Направление подготовки 38.03.02 Менеджмент,5,Менеджмент в креативных индустриях,Олимпиада школьников Российской академии народного хозяйства и государственной службы при Президенте Российской Федерации,экономика,экономика,математика,75 и более,право на прием БВИ,математика,победителям и призерам,11 класс,18
Направление подготовки 38.03.02 Менеджмент,5,Менеджмент в креативных индустриях,Олимпиада школьников Российской академии народного хозяйства и государственной службы при Президенте Российской Федерации,обществознание,обществознание,обществознание,75 и более,право на прием БВИ,обществознание,победителям и призерам,11 класс,18
Направление подготовки 38.03.02 Менеджмент,5,Менеджмент в креативных индустриях,Олимпиада школьников Санкт- Петербургского государственного университета,иностранный язык,иностранный язык,иностранный язык,75 и более,право на 100 баллов,иностранный язык,победителям и призерам,11 класс,18
Направление подготовки 38.03.02 Менеджмент,5,Менеджмент в креативных индустриях,Олимпиада школьников Санкт- Петербургского государственного университета,математика,математика,математика,75 и более,право на прием БВИ,математика,победителям и призерам,11 класс,18
Направление подготовки 38.03.02 Менеджмент,5,Менеджмент в креативных индустриях,Олимпиада школьников Санкт- Петербургского государственного университета,обществознание,обществознание,обществознание,75 и более,право на прием БВИ,обществознание,победителям и призерам,11 класс,18
Направление подготовки 38.03.02 Менеджмент,5,Менеджмент в креативных индустриях,Олимпиада школьников Санкт- Петербургского государственного университета,экономика,экономика,математика,75 и более,право на прием БВИ,математика,победителям и призерам,11 класс,18
Направление подготовки 38.03.02 Менеджмент,5,Менеджмент в креативных индустриях,Олимпиада Юношеской математической школы,математика,математика,математика,75 и более,право на прием БВИ,математика,победителям и призерам,11 класс,18
Направление подготовки 38.03.02 Менеджмент,5,Менеджмент в креативных индустриях,Открытая олимпиада школьников,математика,математика,математика,75 и более,право на прием БВИ,математика,победителям и призерам,11 класс,18
Направление подготовки 38.03.02 Менеджмент,5,Менеджмент в креативных индустриях,Плехановская олимпиада школьников,экономика,обществознание,обществознание,75 и более,право на прием БВИ,обществознание,победителям и призерам,11 класс,18
Направление подготовки 38.03.02 Менеджмент,5,Менеджмент в креативных индустриях,Плехановская олимпиада школьников,иностранный язык,иностранный язык,иностранный язык,75 и более,право на 100 баллов,иностранный язык,победителям и призерам,11 класс,18
Направление подготовки 38.03.02 Менеджмент,5,Менеджмент в креативных индустриях,Плехановская олимпиада школьников,русский язык,русский язык,русский язык,75 и более,право на 100 баллов,русский язык,победителям и призерам,11 класс,18
Направление подготовки 38.03.02 Менеджмент,5,Менеджмент в креативных индустриях,Плехановская олимпиада школьников,финансовая грамотность,экономика,математика,75 и более,право на прием БВИ,математика,победителям и призерам,11 класс,18
Направление подготовки 38.03.02 Менеджмент,5,Менеджмент в креативных индустриях,Турнир городов,математика,математика,математика,75 и более,право на 100 баллов,математика,победителям и призерам,"10, 11 класс",18
Направление подготовки 38.03.02 Менеджмент,5,Менеджмент в креативных индустриях,Университетская олимпиада школьников «Бельчонок»,математика,математика,математика,75 и более,право на 100 баллов,математика,победителям и призерам,"10, 11 класс",18
Направление подготовки 38.03.02 Менеджмент,5,Менеджмент в креативных индустриях,Турнир имени М.В. Ломоносова,математика,математика,математика,75 и более,право на 100 баллов,математика,победителям и призерам,"10, 11 класс",18
Направление подготовки 38.03.02 Менеджмент,6,Управление бизнесом,"«Финатлон для старшеклассников» - Всероссийская олимпиада по финансовой грамотности, финансовому рынку и защите прав потребителей финансовых услуг",финансовая грамотность,обществознание,математика,75 и более,право на прием БВИ,математика,победителям и призерам,11 класс,18
Направление подготовки 38.03.02 Менеджмент,6,Управление бизнесом,Всероссийская академическая олимпиада школьников имени В.И. Вернадского,гуманитарные и социальные науки,обществознание,обществознание,75 и более,право на 100 баллов,обществознание,победителям и призерам,"10, 11 класс",18
Направление подготовки 38.03.02 Менеджмент,6,Управление бизнесом,Всероссийская академическая олимпиада школьников имени В.И. Вернадского,экономика,экономика,математика,75 и более,право на 100 баллов,математика,победителям и призерам,"10, 11 класс",18
Направление подготовки 38.03.02 Менеджмент,6,Управление бизнесом,Всероссийская академическая олимпиада школьников имени В.И. Вернадского,экономика,экономика,математика,75 и более,право на прием БВИ,математика,победителям и призерам,"10, 11 класс",19
Направление подготовки 38.03.02 Менеджмент,6,Управление бизнесом,«Формула Единства»/»Третье тысячелетие»,математика,математика,математика,75 и более,право на 100 баллов,математика,победителям и призерам,"10, 11 класс",19
Направление подготовки 38.03.02 Менеджмент,6,Управление бизнесом,Всероссийская междисциплинарная олимпиада школьников 8-11 классов «Национальная технологическая олимпиада»,автоматизация бизнес- процессов,экономика и управление,математика,75 и более,право на 100 баллов,математика,победителям и призерам,"10, 11 класс",19
Направление подготовки 38.03.02 Менеджмент,6,Управление бизнесом,"Всероссийская олимпиада школьников ""Высшая проба""",экономика,экономика,математика,75 и более,право на прием БВИ,математика,победителям и призерам,11 класс,19
Направление подготовки 38.03.02 Менеджмент,6,Управление бизнесом,"Всероссийская олимпиада школьников ""Высшая проба""",обществознание,обществознание,обществознание,75 и более,право на прием БВИ,обществознание,победителям и призерам,11 класс,19
Направление подготовки 38.03.02 Менеджмент,6,Управление бизнесом,"Всероссийская олимпиада школьников ""Высшая проба""",финансовая грамотность,экономика,математика,75 и более,право на прием БВИ,математика,победителям и призерам,11 класс,19
Направление подготовки 38.03.02 Менеджмент,6,Управление бизнесом,"Всероссийская олимпиада школьников ""Высшая проба""",основы бизнеса,экономика и управление,математика,75 и более,право на прием БВИ,математика,победителям и призерам,11 класс,19
Направление подготовки 38.03.02 Менеджмент,6,Управление бизнесом,"Всероссийская олимпиада школьников ""Высшая проба""",русский язык,русский язык,русский язык,75 и более,право на 100 баллов,русский язык,победителям и призерам,11 класс,19
Направление подготовки 38.03.02 Менеджмент,6,Управление бизнесом,"Всероссийская олимпиада школьников ""Высшая проба""",иностранный язык,иностранный язык,иностранный язык,75 и более,право на 100 баллов,иностранный язык,победителям и призерам,11 класс,19
Направление подготовки 38.03.02 Менеджмент,6,Управление бизнесом,"Всероссийская олимпиада школьников ""Высшая проба""",математика,математика,математика,75 и более,право на прием БВИ,математика,победителям и призерам,11 класс,19
Направление подготовки 38.03.02 Менеджмент,6,Управление бизнесом,"Всероссийская олимпиада школьников ""Миссия выполнима. Твое призвание - финансист!""",иностранный язык,иностранный язык,иностранный язык,75 и более,право на 100 баллов,иностранный язык,победителям и призерам,11 класс,19
Направление подготовки 38.03.02 Менеджмент,6,Управление бизнесом,"Всероссийская олимпиада школьников ""Миссия выполнима. Твое призвание - финансист!""",экономика,экономика,математика,75 и более,право на прием БВИ,математика,победителям и призерам,11 класс,19
Направление подготовки 38.03.02 Менеджмент,6,Управление бизнесом,"Всероссийская олимпиада школьников ""Миссия выполнима. Твое призвание - финансист!""",финансовая грамотность,экономика,математика,75 и более,право на прием БВИ,математика,победителям и призерам,11 класс,19
Направление подготовки 38.03.02 Менеджмент,6,Управление бизнесом,"Всероссийская олимпиада школьников ""Миссия выполнима. Твое призвание - финансист!""",обществознание,обществознание,обществознание,75 и более,право на 100 баллов,обществознание,победителям и призерам,11 класс,19
Направление подготовки 38.03.02 Менеджмент,6,Управление бизнесом,Всесибирская открытая олимпиада школьников,математика,математика,математика,75 и более,право на прием БВИ,математика,победителям и призерам,11 класс,19
Направление подготовки 38.03.02 Менеджмент,6,Управление бизнесом,Международная олимпиада «Innopolis Open»,математика,математика,математика,75 и более,право на прием БВИ,математика,победителям и призерам,11 класс,19
Направление подготовки 38.03.02 Менеджмент,6,Управление бизнесом,Герценовская олимпиада школьников,иностранный язык,иностранный язык,иностранный язык,75 и более,право на 100 баллов,иностранный язык,победителям и призерам,11 класс,19
Направление подготовки 38.03.02 Менеджмент,6,Управление бизнесом,Международная олимпиада по финансовой безопасности,финансовая безопасность,экономика,математика,75 и более,право на прием БВИ,математика,победителям и призерам,11 класс,19
Направление подготовки 38.03.02 Менеджмент,6,Управление бизнесом,"Межрегиональная олимпиада школьников ""Будущие исследователи - будущее науки""",русский язык,русский язык,русский язык,75 и более,право на 100 баллов,русский язык,победителям и призерам,11 класс,19
Направление подготовки 38.03.02 Менеджмент,6,Управление бизнесом,"Межрегиональная олимпиада школьников ""Будущие исследователи - будущее науки""",математика,математика,математика,75 и более,право на прием БВИ,математика,победителям и призерам,11 класс,19
Направление подготовки 38.03.02 Менеджмент,6,Управление бизнесом,"Межрегиональная олимпиада школьников ""Евразийская лингвистическая олимпиада""",иностранный язык,иностранный язык,иностранный язык,75 и более,право на 100 баллов,иностранный язык,победителям и призерам,11 класс,19
Направление подготовки 38.03.02 Менеджмент,6,Управление бизнесом,Межрегиональные предметные олимпиады федерального государственного автономного образовательного учреждения высшего образования «Казанский,русский язык,русский язык,русский язык,75 и более,право на 100 баллов,русский язык,победителям и призерам,11 класс,19
Направление подготовки 38.03.02 Менеджмент,6,Управление бизнесом,Межрегиональные предметные олимпиады федерального государственного автономного образовательного учреждения высшего образования «Казанский,иностранный язык,иностранный язык,иностранный язык,75 и более,право на 100 баллов,иностранный язык,победителям и призерам,11 класс,19
Направление подготовки 38.03.02 Менеджмент,6,Управление бизнесом,"Многопрофильная олимпиада школьников Уральского федерального университета ""Изумруд""",обществознание,обществознание,обществознание,75 и более,право на 100 баллов,обществознание,победителям и призерам,11 класс,19
Направление подготовки 38.03.02 Менеджмент,6,Управление бизнесом,Московская олимпиада школьников,обществознание,обществознание,обществознание,75 и более,право на прием БВИ,обществознание,победителям и призерам,11 класс,19
Направление подготовки 38.03.02 Менеджмент,6,Управление бизнесом,Московская олимпиада школьников,финансовая грамотность,экономика,математика,75 и более,право на прием БВИ,математика,победителям и призерам,11 класс,19
Направление подготовки 38.03.02 Менеджмент,6,Управление бизнесом,Московская олимпиада школьников,лингвистика,иностранный язык,иностранный язык,75 и более,право на 100 баллов,иностранный язык,победителям и призерам,11 класс,19
Направление подготовки 38.03.02 Менеджмент,6,Управление бизнесом,Московская олимпиада школьников,экономика,экономика,математика,75 и более,право на прием БВИ,математика,победителям и призерам,11 класс,19
Направление подготовки 38.03.02 Менеджмент,6,Управление бизнесом,Московская олимпиада школьников,вероятность и статистика,математика,математика,75 и более,право на прием БВИ,математика,победителям и призерам,11 класс,20
Направление подготовки 38.03.02 Менеджмент,6,Управление бизнесом,Московская олимпиада школьников,математика,математика,математика,75 и более,право на прием БВИ,математика,победителям и призерам,11 класс,20
Направление подготовки 38.03.02 Менеджмент,6,Управление бизнесом,Объединённая межвузовская математическая олимпиада школьников,математика,математика,математика,75 и более,право на прием БВИ,математика,победителям и призерам,11 класс,20
Направление подготовки 38.03.02 Менеджмент,6,Управление бизнесом,Олимпиада Курчатов,математика,математика,математика,75 и более,право на прием БВИ,математика,победителям и призерам,11 класс,20
Направление подготовки 38.03.02 Менеджмент,6,Управление бизнесом,Океан знаний,русский язык,русский язык,русский язык,75 и более,право на 100 баллов,русский язык,победителям и призерам,11 класс,20
Направление подготовки 38.03.02 Менеджмент,6,Управление бизнесом,Океан знаний,обществознание,обществознание,обществознание,75 и более,право на прием БВИ,обществознание,победителям и призерам,11 класс,20
Направление подготовки 38.03.02 Менеджмент,6,Управление бизнесом,Олимпиада РГГУ для школьников,иностранный язык,иностранный язык,иностранный язык,75 и более,право на 100 баллов,иностранный язык,победителям и призерам,11 класс,20
Направление подготовки 38.03.02 Менеджмент,6,Управление бизнесом,Олимпиада РГГУ для школьников,русский язык,русский язык,русский язык,75 и более,право на 100 баллов,русский язык,победителям и призерам,11 класс,20
Направление подготовки 38.03.02 Менеджмент,6,Управление бизнесом,Олимпиада РГГУ для школьников,обществознание,обществознание,обществознание,75 и более,право на 100 баллов,обществознание,победителям и призерам,11 класс,20
Направление подготовки 38.03.02 Менеджмент,6,Управление бизнесом,"Олимпиада школьников ""Ломоносов""",русский язык,русский язык,русский язык,75 и более,право на 100 баллов,русский язык,победителям и призерам,11 класс,20
Направление подготовки 38.03.02 Менеджмент,6,Управление бизнесом,"Олимпиада школьников ""Ломоносов""",иностранный язык,иностранный язык,иностранный язык,75 и более,право на 100 баллов,иностранный язык,победителям и призерам,11 класс,20
Направление подготовки 38.03.02 Менеджмент,6,Управление бизнесом,"Олимпиада школьников ""Ломоносов""",математика,математика,математика,75 и более,право на прием БВИ,математика,победителям и призерам,11 класс,20
Направление подготовки 38.03.02 Менеджмент,6,Управление бизнесом,"Олимпиада школьников ""Ломоносов""",обществознание,обществознание,обществознание,75 и более,право на прием БВИ,обществознание,победителям и призерам,11 класс,20
Направление подготовки 38.03.02 Менеджмент,6,Управление бизнесом,Олимпиада школьников «Физтех»,математика,математика,математика,75 и более,право на прием БВИ,математика,победителям и призерам,11 класс,20
Направление подготовки 38.03.02 Менеджмент,6,Управление бизнесом,Олимпиада школьников по экономике в рамках международного экономического фестиваля школьников «Сибириада. Шаг в мечту»,экономика,экономика,математика,75 и более,право на прием БВИ,математика,победителям и призерам,11 класс,20
Направление подготовки 38.03.02 Менеджмент,6,Управление бизнесом,"Олимпиада школьников ""Покори Воробьёвы горы!""",математика,математика,математика,75 и более,право на прием БВИ,математика,победителям и призерам,11 класс,20
Направление подготовки 38.03.02 Менеджмент,6,Управление бизнесом,"Олимпиада школьников ""Покори Воробьёвы горы!""",обществознание,обществознание,обществознание,75 и более,право на прием БВИ,обществознание,победителям и призерам,11 класс,20
Направление подготовки 38.03.02 Менеджмент,6,Управление бизнесом,"Олимпиада школьников ""Покори Воробьёвы горы!""",иностранный язык,иностранный язык,иностранный язык,75 и более,право на 100 баллов,иностранный язык,победителям и призерам,11 класс,20
Направление подготовки 38.03.02 Менеджмент,6,Управление бизнесом,"Олимпиада школьников ""Шаг в будущее""",математика,математика,математика,75 и более,право на прием БВИ,математика,победителям и призерам,11 класс,20
Направление подготовки 38.03.02 Менеджмент,6,Управление бизнесом,Олимпиада школьников Российской академии народного хозяйства и государственной службы при Президенте Российской Федерации,финансовая грамотность,экономика,математика,75 и более,право на прием БВИ,математика,победителям и призерам,11 класс,20
Направление подготовки 38.03.02 Менеджмент,6,Управление бизнесом,Олимпиада школьников Российской академии народного хозяйства и государственной службы при Президенте Российской Федерации,иностранный язык,английский язык,иностранный язык,75 и более,право на 100 баллов,иностранный язык,победителям и призерам,11 класс,20
Направление подготовки 38.03.02 Менеджмент,6,Управление бизнесом,Олимпиада школьников Российской академии народного хозяйства и государственной службы при Президенте Российской Федерации,экономика,экономика,математика,75 и более,право на прием БВИ,математика,победителям и призерам,11 класс,20
Направление подготовки 38.03.02 Менеджмент,6,Управление бизнесом,Олимпиада школьников Российской академии народного хозяйства и государственной службы при Президенте Российской Федерации,обществознание,обществознание,обществознание,75 и более,право на прием БВИ,обществознание,победителям и призерам,11 класс,20
Направление подготовки 38.03.02 Менеджмент,6,Управление бизнесом,Олимпиада школьников Санкт- Петербургского государственного университета,иностранный язык,иностранный язык,иностранный язык,75 и более,право на 100 баллов,иностранный язык,победителям и призерам,11 класс,20
Направление подготовки 38.03.02 Менеджмент,6,Управление бизнесом,Олимпиада школьников Санкт- Петербургского государственного университета,математика,математика,математика,75 и более,право на прием БВИ,математика,победителям и призерам,11 класс,20
Направление подготовки 38.03.02 Менеджмент,6,Управление бизнесом,Олимпиада школьников Санкт- Петербургского государственного университета,обществознание,обществознание,обществознание,75 и более,право на прием БВИ,обществознание,победителям и призерам,11 класс,20
Направление подготовки 38.03.02 Менеджмент,6,Управление бизнесом,Олимпиада школьников Санкт- Петербургского государственного университета,экономика,экономика,математика,75 и более,право на прием БВИ,математика,победителям и призерам,11 класс,20
Направление подготовки 38.03.02 Менеджмент,6,Управление бизнесом,Олимпиада Юношеской математической школы,математика,математика,математика,75 и более,право на прием БВИ,математика,победителям и призерам,11 класс,20
Направление подготовки 38.03.02 Менеджмент,6,Управление бизнесом,Открытая олимпиада школьников,математика,математика,математика,75 и более,право на прием БВИ,математика,победителям и призерам,11 класс,21
Направление подготовки 38.03.02 Менеджмент,6,Управление бизнесом,Плехановская олимпиада школьников,экономика,обществознание,обществознание,75 и более,право на прием БВИ,обществознание,победителям и призерам,11 класс,21
Направление подготовки 38.03.02 Менеджмент,6,Управление бизнесом,Плехановская олимпиада школьников,иностранный язык,иностранный язык,иностранный язык,75 и более,право на 100 баллов,иностранный язык,победителям и призерам,11 класс,21
Направление подготовки 38.03.02 Менеджмент,6,Управление бизнесом,Плехановская олимпиада школьников,русский язык,русский язык,русский язык,75 и более,право на 100 баллов,русский язык,победителям и призерам,11 класс,21
Направление подготовки 38.03.02 Менеджмент,6,Управление бизнесом,Плехановская олимпиада школьников,финансовая грамотность,экономика,математика,75 и более,право на прием БВИ,математика,победителям и призерам,11 класс,21
Направление подготовки 38.03.02 Менеджмент,6,Управление бизнесом,Турнир городов,математика,математика,математика,75 и более,право на 100 баллов,математика,победителям и призерам,"10, 11 класс",21
Направление подготовки 38.03.02 Менеджмент,6,Управление бизнесом,Университетская олимпиада школьников «Бельчонок»,математика,математика,математика,75 и более,право на 100 баллов,математика,победителям и призерам,"10, 11 класс",21
Направление подготовки 38.03.02 Менеджмент,6,Управление бизнесом,Турнир имени М.В. Ломоносова,математика,математика,математика,75 и более,право на 100 баллов,математика,победителям и призерам,"10, 11 класс",21
Направление подготовки 38.03.05 Бизнес-информатика,7,Разработка информационных систем для бизнеса,«Формула Единства» / «Третье тысячелетие»,математика,математика,математика,75 и более,право на 100 баллов,математика,победителям и призерам,"10, 11 класс",21
Направление подготовки 38.03.05 Бизнес-информатика,7,Разработка информационных систем для бизнеса,Всероссийская междисциплинарная олимпиада школьников «Национальная технологическая олимпиада»,интеллектуальные робототехнические системы,"компьютерные и информационные науки, информатика и вычислительная техника, информационная безопасность, электроника, радиотехника и системы связи, управление в технических системах",информатика и ИКТ,75 и более,право на 100 баллов,информатика и ИКТ,победителям и призерам,"10, 11 класс",21
Направление подготовки 38.03.05 Бизнес-информатика,7,Разработка информационных систем для бизнеса,Всероссийская междисциплинарная олимпиада школьников «Национальная технологическая олимпиада»,информационная безопасность,"математика и механика, компьютерные и информационные науки, информатика и вычислительная техника",информатика и ИКТ,75 и более,право на 100 баллов,информатика и ИКТ,победителям и призерам,"10, 11 класс",21
Направление подготовки 38.03.05 Бизнес-информатика,7,Разработка информационных систем для бизнеса,Всероссийская междисциплинарная олимпиада школьников «Национальная технологическая олимпиада»,разработка мобильных приложений,"математика и механика, компьютерные и информационные науки, информатика и вычислительная техника, информационная безопасность",информатика и ИКТ,75 и более,право на 100 баллов,информатика и ИКТ,победителям и призерам,"10, 11 класс",21
Направление подготовки 38.03.05 Бизнес-информатика,7,Разработка информационных систем для бизнеса,Всероссийская междисциплинарная олимпиада школьников «Национальная технологическая олимпиада»,искусственный интеллект,"математика и механика, компьютерные и информационные науки, информатика и вычислительная техника, информационная безопасность",информатика и ИКТ,75 и более,право на 100 баллов,информатика и ИКТ,победителям и призерам,"10, 11 класс",21
Направление подготовки 38.03.05 Бизнес-информатика,7,Разработка информационных систем для бизнеса,Всероссийская междисциплинарная олимпиада школьников «Национальная технологическая олимпиада»,автоматизация бизнес- процессов,"математика и механика, компьютерные и информационные науки, информатика и вычислительная техника, информационная безопасность, электроника, радиотехника и системы связи, управление в технических системах, экономика и управление, автоматизация и управление технологическими процессами и производствами",информатика и ИКТ,75 и более,право на 100 баллов,информатика и ИКТ,победителям и призерам,"10, 11 класс",22
Направление подготовки 38.03.05 Бизнес-информатика,7,Разработка информационных систем для бизнеса,Всероссийская междисциплинарная олимпиада школьников «Национальная технологическая олимпиада»,программная инженерия в финансовых технологиях,"математика и механика, компьютерные и информационные науки, информатика и вычислительная техника, информационная безопасность, электроника, радиотехника и системы связи, фотоника, приборостроение, оптические и биотехнические системы и технологии, электро- и теплоэнергетика, машиностроение, авиационная и ракетно- космическая техника",информатика и ИКТ,75 и более,право на 100 баллов,информатика и ИКТ,победителям и призерам,"10, 11 класс",22
Направление подготовки 38.03.05 Бизнес-информатика,7,Разработка информационных систем для бизнеса,Всероссийская междисциплинарная олимпиада школьников «Национальная технологическая олимпиада»,большие данные и машинное обучение,"математика и механика, компьютерные и информационные науки, информатика и вычислительная техника, информационная безопасность, электроника, радиотехника и системы связи, фотоника, приборостроение, оптические и биотехнические системы и технологии, электро- и теплоэнергетика, машиностроение, авиационная и ракетно- космическая техника, управление в технических системах, языкознание и литературоведение",информатика и ИКТ,75 и более,право на 100 баллов,информатика и ИКТ,победителям и призерам,"10, 11 класс",22
Направление подготовки 38.03.05 Бизнес-информатика,7,Разработка информационных систем для бизнеса,Всероссийская олимпиада по искусственному интеллекту (с возможностью участия иностранных обучающихся),искусственный интеллект,информатика,информатика и ИКТ,75 и более,право на прием БВИ,информатика и ИКТ,победителям и призерам,"10, 11 класс",22
Направление подготовки 38.03.05 Бизнес-информатика,7,Разработка информационных систем для бизнеса,Всероссийская олимпиада школьников «Высшая проба»,информатика,информатика,информатика и ИКТ,75 и более,право на прием БВИ,информатика и ИКТ,победителям и призерам,"10, 11 класс",22
Направление подготовки 38.03.05 Бизнес-информатика,7,Разработка информационных систем для бизнеса,Всероссийская олимпиада школьников «Высшая проба»,инженерные науки,"информационная безопасность, информатика и вычислительная техника",информатика и ИКТ,75 и более,право на 100 баллов,информатика и ИКТ,победителям и призерам,"10, 11 класс",23
Направление подготовки 38.03.05 Бизнес-информатика,7,Разработка информационных систем для бизнеса,Всероссийская олимпиада школьников «Высшая проба»,промышленное программирование,"компьютерные и информационные науки, информатика и вычислительная техника",информатика и ИКТ,75 и более,право на 100 баллов,информатика и ИКТ,победителям и призерам,11 класс,23
Направление подготовки 38.03.05 Бизнес-информатика,7,Разработка информационных систем для бизнеса,Всероссийская олимпиада школьников «Высшая проба»,математика,математика,математика,75 и более,право на прием БВИ,математика,победителям и призерам,"10, 11 класс",23
Направление подготовки 38.03.05 Бизнес-информатика,7,Разработка информационных систем для бизнеса,Всероссийская олимпиада школьников «Высшая проба»,русский язык,русский язык,русский язык,75 и более,право на 100 баллов,русский язык,победителям и призерам,"9, 10, 11 класс",23
Направление подготовки 38.03.05 Бизнес-информатика,7,Разработка информационных систем для бизнеса,Всероссийская олимпиада школьников «Высшая проба»,анализ данных,"компьютерные и информационные науки, информатика и вычислительная техника",информатика и ИКТ,75 и более,право на 100 баллов,информатика и ИКТ,победителям и призерам,11 класс,23
Направление подготовки 38.03.05 Бизнес-информатика,7,Разработка информационных систем для бизнеса,Всесибирская открытая олимпиада школьников,информатика,информатика,информатика и ИКТ,75 и более,право на 100 баллов,информатика и ИКТ,победителям и призерам,"10, 11 класс",23
Направление подготовки 38.03.05 Бизнес-информатика,7,Разработка информационных систем для бизнеса,Всесибирская открытая олимпиада школьников,математика,математика,математика,75 и более,право на 100 баллов,математика,победителям и призерам,"10, 11 класс",23
Направление подготовки 38.03.05 Бизнес-информатика,7,Разработка информационных систем для бизнеса,Вузовско-академическая олимпиада по информатике,информатика,информатика,информатика,75 и более,право на прием БВИ,информатика,победителям и призерам,"10, 11 класс",23
Направление подготовки 38.03.05 Бизнес-информатика,7,Разработка информационных систем для бизнеса,Международная олимпиада «Innopolis Open»,робототехника,информатика,информатика и ИКТ,75 и более,право на 100 баллов,информатика и ИКТ,победителям и призерам,"10, 11 класс",23
Направление подготовки 38.03.05 Бизнес-информатика,7,Разработка информационных систем для бизнеса,Международная олимпиада «Innopolis Open»,искусственный интеллект,информатика,информатика и ИКТ,75 и более,право на 100 баллов,информатика и ИКТ,победителям и призерам,"10, 11 класс",23
Направление подготовки 38.03.05 Бизнес-информатика,7,Разработка информационных систем для бизнеса,Международная олимпиада «Innopolis Open»,информатика,информатика,информатика и ИКТ,75 и более,право на 100 баллов,информатика и ИКТ,победителям и призерам,"10, 11 класс",23
Направление подготовки 38.03.05 Бизнес-информатика,7,Разработка информационных систем для бизнеса,Международная олимпиада «Innopolis Open»,математика,математика,математика,75 и более,право на 100 баллов,математика,победителям и призерам,"10, 11 класс",23
Направление подготовки 38.03.05 Бизнес-информатика,7,Разработка информационных систем для бизнеса,Международная олимпиада школьников Уральского федерального университета «Изумруд»,информатика,информатика,информатика и ИКТ,75 и более,право на 100 баллов,информатика и ИКТ,победителям и призерам,"10, 11 класс",23
Направление подготовки 38.03.05 Бизнес-информатика,7,Разработка информационных систем для бизнеса,Международная олимпиада школьников Уральского федерального университета «Изумруд»,математика,математика,математика,75 и более,право на 100 баллов,математика,победителям и призерам,"10, 11 класс",23
Направление подготовки 38.03.05 Бизнес-информатика,7,Разработка информационных систем для бизнеса,Международная олимпиада школьников Уральского федерального университета «Изумруд»,русский язык,русский язык,русский язык,75 и более,право на 100 баллов,русский язык,победителям и призерам,"9, 10, 11 класс",23
Направление подготовки 38.03.05 Бизнес-информатика,7,Разработка информационных систем для бизнеса,Межрегиональная олимпиада школьников «Будущие исследователи - будущее науки»,математика,математика,математика,75 и более,право на 100 баллов,математика,победителям и призерам,"10, 11 класс",23
Направление подготовки 38.03.05 Бизнес-информатика,7,Разработка информационных систем для бизнеса,Межрегиональная олимпиада школьников «Будущие исследователи - будущее науки»,русский язык,русский язык,русский язык,75 и более,право на 100 баллов,русский язык,победителям и призерам,"9, 10, 11 класс",23
Направление подготовки 38.03.05 Бизнес-информатика,7,Разработка информационных систем для бизнеса,Межрегиональная олимпиада школьников имени И.Я. Верченко,компьютерная безопасность,информационная безопасность,информатика и ИКТ,75 и более,право на 100 баллов,информатика и ИКТ,победителям и призерам,"10, 11 класс",23
Направление подготовки 38.03.05 Бизнес-информатика,7,Разработка информационных систем для бизнеса,Межрегиональная олимпиада школьников имени И.Я. Верченко,математика,"математика, криптография",математика,75 и более,право на 100 баллов,математика,победителям и призерам,"10, 11 класс",23
Направление подготовки 38.03.05 Бизнес-информатика,7,Разработка информационных систем для бизнеса,Межрегиональные предметные олимпиады федерального государственного автономного образовательного учреждения высшего образования «Казанский,информатика,информатика,информатика и ИКТ,75 и более,право на прием БВИ,информатика и ИКТ,победителям и призерам,"10, 11 класс",23
Направление подготовки 38.03.05 Бизнес-информатика,7,Разработка информационных систем для бизнеса,Межрегиональные предметные олимпиады федерального государственного автономного образовательного учреждения высшего образования «Казанский,русский язык,русский язык,русский язык,75 и более,право на 100 баллов,русский язык,победителям и призерам,"9, 10, 11 класс",23
Направление подготовки 38.03.05 Бизнес-информатика,7,Разработка информационных систем для бизнеса,Московская олимпиада школьников,информатика,информатика,информатика и ИКТ,75 и более,право на прием БВИ,информатика и ИКТ,победителям и призерам,"10, 11 класс",23
Направление подготовки 38.03.05 Бизнес-информатика,7,Разработка информационных систем для бизнеса,Московская олимпиада школьников,математика,математика,математика,75 и более,право на прием БВИ,математика,победителям и призерам,"10, 11 класс",23
Направление подготовки 38.03.05 Бизнес-информатика,7,Разработка информационных систем для бизнеса,Объединённая межвузовская математическая олимпиада школьников,математика,математика,математика,75 и более,право на 100 баллов,математика,победителям и призерам,"10, 11 класс",23
Направление подготовки 38.03.05 Бизнес-информатика,7,Разработка информационных систем для бизнеса,Океан знаний,русский язык,русский язык,русский язык,75 и более,право на 100 баллов,русский язык,победителям и призерам,"9, 10, 11 класс",23
Направление подготовки 38.03.05 Бизнес-информатика,7,Разработка информационных систем для бизнеса,Олимпиада Курчатов,математика,математика,математика,75 и более,право на 100 баллов,математика,победителям и призерам,"10, 11 класс",23
Направление подготовки 38.03.05 Бизнес-информатика,7,Разработка информационных систем для бизнеса,Олимпиада РГГУ для школьников,русский язык,русский язык,русский язык,75 и более,право на 100 баллов,русский язык,победителям и призерам,"9, 10, 11 класс",23
Направление подготовки 38.03.05 Бизнес-информатика,7,Разработка информационных систем для бизнеса,Олимпиада школьников «Гранит науки»,информатика,информатика,информатика,75 и более,право на 100 баллов,информатика,победителям и призерам,"10, 11 класс",24
Направление подготовки 38.03.05 Бизнес-информатика,7,Разработка информационных систем для бизнеса,Олимпиада школьников «Ломоносов»,информатика,информатика,информатика и ИКТ,75 и более,право на прием БВИ,информатика и ИКТ,победителям и призерам,"10, 11 класс",24
Направление подготовки 38.03.05 Бизнес-информатика,7,Разработка информационных систем для бизнеса,Олимпиада школьников «Ломоносов»,математика,математика,математика,75 и более,право на прием БВИ,математика,победителям и призерам,"10, 11 класс",24
Направление подготовки 38.03.05 Бизнес-информатика,7,Разработка информационных систем для бизнеса,Олимпиада школьников «Ломоносов»,русский язык,русский язык,русский язык,75 и более,право на 100 баллов,русский язык,победителям и призерам,"9, 10, 11 класс",24
Направление подготовки 38.03.05 Бизнес-информатика,7,Разработка информационных систем для бизнеса,Олимпиада школьников «Покори Воробьёвы горы!»,математика,математика,математика,75 и более,право на прием БВИ,математика,победителям и призерам,"10, 11 класс",24
Направление подготовки 38.03.05 Бизнес-информатика,7,Разработка информационных систем для бизнеса,Олимпиада школьников «Физтех»,математика,математика,математика,75 и более,право на 100 баллов,математика,победителям и призерам,"10, 11 класс",24
Направление подготовки 38.03.05 Бизнес-информатика,7,Разработка информационных систем для бизнеса,Олимпиада школьников «Физтех»,информатика и программирование,информатика,информатика,75 и более,право на 100 баллов,информатика,победителям и призерам,"10, 11 класс",24
Направление подготовки 38.03.05 Бизнес-информатика,7,Разработка информационных систем для бизнеса,Олимпиада школьников «Шаг в будущее»,математика,математика,математика,75 и более,право на 100 баллов,математика,победителям и призерам,"10, 11 класс",24
Направление подготовки 38.03.05 Бизнес-информатика,7,Разработка информационных систем для бизнеса,Олимпиада школьников «Шаг в будущее»,информатика,информатика и вычислительная техника,информатика и ИКТ,75 и более,право на 100 баллов,информатика и ИКТ,победителям и призерам,"10, 11 класс",24
Направление подготовки 38.03.05 Бизнес-информатика,7,Разработка информационных систем для бизнеса,Олимпиада школьников по информатике и программированию,информатика,информатика,информатика и ИКТ,75 и более,право на прием БВИ,информатика и ИКТ,победителям и призерам,"10, 11 класс",24
Направление подготовки 38.03.05 Бизнес-информатика,7,Разработка информационных систем для бизнеса,Олимпиада школьников по программированию «ТехноКубок»,информатика,информатика,информатика и ИКТ,75 и более,право на 100 баллов,информатика и ИКТ,победителям и призерам,"10, 11 класс",24
Направление подготовки 38.03.05 Бизнес-информатика,7,Разработка информационных систем для бизнеса,Олимпиада школьников Санкт- Петербургского государственного университета,информатика,информатика,информатика и ИКТ,75 и более,право на прием БВИ,информатика и ИКТ,победителям и призерам,"10, 11 класс",24
Направление подготовки 38.03.05 Бизнес-информатика,7,Разработка информационных систем для бизнеса,Олимпиада школьников Санкт- Петербургского государственного университета,математика,математика,математика,75 и более,право на прием БВИ,математика,победителям и призерам,"10, 11 класс",24
Направление подготовки 38.03.05 Бизнес-информатика,7,Разработка информационных систем для бизнеса,Олимпиада школьников Санкт- Петербургского государственного университета,математическое моделирование и искусственный интеллект,"математика и механика, информатика и вычислительная техника",информатика и ИКТ,75 и более,право на 100 баллов,информатика и ИКТ,победителям и призерам,"10, 11 класс",24
Направление подготовки 38.03.05 Бизнес-информатика,7,Разработка информационных систем для бизнеса,Олимпиада Юношеской математической школы,математика,математика,математика,75 и более,право на прием БВИ,математика,победителям и призерам,"10, 11 класс",24
Направление подготовки 38.03.05 Бизнес-информатика,7,Разработка информационных систем для бизнеса,Открытая олимпиада школьников,информатика,информатика,информатика и ИКТ,75 и более,право на прием БВИ,информатика и ИКТ,победителям и призерам,"10, 11 класс",24
Направление подготовки 38.03.05 Бизнес-информатика,7,Разработка информационных систем для бизнеса,Открытая олимпиада школьников,математика,математика,математика,75 и более,право на 100 баллов,математика,победителям и призерам,"10, 11 класс",24
Направление подготовки 38.03.05 Бизнес-информатика,7,Разработка информационных систем для бизнеса,Открытая олимпиада школьников по программированию,информатика,информатика,информатика и ИКТ,75 и более,право на прием БВИ,информатика и ИКТ,победителям и призерам,"10, 11 класс",24
Направление подготовки 38.03.05 Бизнес-информатика,7,Разработка информационных систем для бизнеса,Открытая олимпиада школьников по программированию «Когнитивные технологии»,информатика,информатика,информатика и ИКТ,75 и более,право на 100 баллов,информатика и ИКТ,победителям и призерам,"10, 11 класс",24
Направление подготовки 38.03.05 Бизнес-информатика,7,Разработка информационных систем для бизнеса,Открытая региональная межвузовская олимпиада школьников (ОРМО) с международным участием,русский язык,русский язык,русский язык,75 и более,право на 100 баллов,русский язык,победителям и призерам,"9, 10, 11 класс",24
Направление подготовки 38.03.05 Бизнес-информатика,7,Разработка информационных систем для бизнеса,Отраслевая олимпиада школьников «Газпром»,информационные и коммуникационные технологии,информатика,информатика и ИКТ,75 и более,право на 100 баллов,информатика и ИКТ,победителям и призерам,"10, 11 класс",24
Направление подготовки 38.03.05 Бизнес-информатика,7,Разработка информационных систем для бизнеса,Отраслевая физико-математическая олимпиада школьников «Росатом»,математика,математика,математика,75 и более,право на 100 баллов,математика,победителям и призерам,"10, 11 класс",24
Направление подготовки 38.03.05 Бизнес-информатика,7,Разработка информационных систем для бизнеса,Отраслевая физико-математическая олимпиада школьников «Росатом»,информатика,информатика,информатика и ИКТ,75 и более,право на 100 баллов,информатика и ИКТ,победителям и призерам,"10, 11 класс",24
Направление подготовки 38.03.05 Бизнес-информатика,7,Разработка информационных систем для бизнеса,Плехановская олимпиада школьников,русский язык,русский язык,русский язык,75 и более,право на 100 баллов,русский язык,победителям и призерам,"9, 10, 11 класс",24
Направление подготовки 38.03.05 Бизнес-информатика,7,Разработка информационных систем для бизнеса,Санкт-Петербургская олимпиада школьников,математика,математика,математика,75 и более,право на прием БВИ,математика,победителям и призерам,"10, 11 класс",24
Направление подготовки 38.03.05 Бизнес-информатика,7,Разработка информационных систем для бизнеса,Турнир городов,математика,математика,математика,75 и более,право на прием БВИ,математика,победителям и призерам,"10, 11 класс",24
Направление подготовки 38.03.05 Бизнес-информатика,7,Разработка информационных систем для бизнеса,Турнир имени М.В. Ломоносова,математика,математика,математика,75 и более,право на 100 баллов,математика,победителям и призерам,"10, 11 класс",24
Направление подготовки 38.03.05 Бизнес-информатика,7,Разработка информационных систем для бизнеса,Турнир имени М.В. Ломоносова,лингвистика,"русский язык, иностранный язык, математика",русский язык,75 и более,право на 100 баллов,русский язык,победителям и призерам,"9, 10, 11 класс",24
Направление подготовки 38.03.05 Бизнес-информатика,7,Разработка информационных систем для бизнеса,Университетская олимпиада школьников «Бельчонок»,информатика,информатика,информатика и ИКТ,75 и более,право на 100 баллов,информатика и ИКТ,победителям и призерам,"10, 11 класс",25
Направление подготовки 38.03.05 Бизнес-информатика,7,Разработка информационных систем для бизнеса,Университетская олимпиада школьников «Бельчонок»,математика,математика,математика,75 и более,право на 100 баллов,математика,победителям и призерам,"10, 11 класс",25
Направление подготовки 38.03.05 Бизнес-информатика,7,Разработка информационных систем для бизнеса,Многопрофильная олимпиада РТУ МИРЭА,информатика,информатика,информатика и ИКТ,75 и более,право на 100 баллов,информатика и ИКТ,победителям и призерам,"10, 11 класс",25
Направление подготовки 38.03.05 Бизнес-информатика,7,Разработка информационных систем для бизнеса,Многопрофильная олимпиада РТУ МИРЭА,физика,физика,физика,75 и более,право на 100 баллов,физика,победителям и призерам,"10, 11 класс",25
Направление подготовки 38.03.05 Бизнес-информатика,7,Разработка информационных систем для бизнеса,Многопрофильная олимпиада РТУ МИРЭА,математика,математика,математика,75 и более,право на 100 баллов,математика,победителям и призерам,"10, 11 класс",25
Направление подготовки 40.03.01 Юриспруденция,8,Юриспруденция,Всероссийская олимпиада школьников «Высшая проба»,история,история,история,75 и более,право на прием БВИ,история,победителям и призерам,11 класс,25
Направление подготовки 40.03.01 Юриспруденция,8,Юриспруденция,Всероссийская олимпиада школьников «Высшая проба»,иностранный язык,иностранный язык,иностранный язык,75 и более,право на 100 баллов,иностранный язык,победителям и призерам,"9, 10, 11 класс",25
Направление подготовки 40.03.01 Юриспруденция,8,Юриспруденция,Всероссийская олимпиада школьников «Высшая проба»,обществознание,обществознание,обществознание,75 и более,право на прием БВИ,обществознание,победителям и призерам,11 класс,25
Направление подготовки 40.03.01 Юриспруденция,8,Юриспруденция,Всероссийская олимпиада школьников «Высшая проба»,право,право,обществознание,75 и более,право на прием БВИ,обществознание,победителям и призерам,11 класс,25
Направление подготовки 40.03.01 Юриспруденция,8,Юриспруденция,Всероссийская олимпиада школьников «Высшая проба»,русский язык,русский язык,русский язык,75 и более,право на 100 баллов,русский язык,победителям и призерам,"9, 10, 11 класс",25
Направление подготовки 40.03.01 Юриспруденция,8,Юриспруденция,Всероссийская олимпиада школьников «Высшая проба»,социология,социология и социальная работа,обществознание,75 и более,право на 100 баллов,обществознание,победителям и призерам,11 класс,25
Направление подготовки 40.03.01 Юриспруденция,8,Юриспруденция,Всероссийская олимпиада школьников «Миссия выполнима. Твое призвание- финансист!»,история,история,история,75 и более,право на 100 баллов,история,победителям и призерам,11 класс,25
Направление подготовки 40.03.01 Юриспруденция,8,Юриспруденция,Всероссийская олимпиада школьников «Миссия выполнима. Твое призвание- финансист!»,обществознание,обществознание,обществознание,75 и более,право на 100 баллов,обществознание,победителям и призерам,11 класс,25
Направление подготовки 40.03.01 Юриспруденция,8,Юриспруденция,Всероссийская Толстовская олимпиада школьников,право,право,обществознание,75 и более,право на 100 баллов,обществознание,победителям и призерам,"10, 11 класс",25
Направление подготовки 40.03.01 Юриспруденция,8,Юриспруденция,Всероссийская Толстовская олимпиада школьников,история,история,история,75 и более,право на 100 баллов,история,победителям и призерам,"10, 11 класс",25
Направление подготовки 40.03.01 Юриспруденция,8,Юриспруденция,Всероссийская Толстовская олимпиада школьников,обществознание,обществознание,обществознание,75 и более,право на 100 баллов,обществознание,победителям и призерам,"10, 11 класс",25
Направление подготовки 40.03.01 Юриспруденция,8,Юриспруденция,Кутафинская олимпиада школьников по праву,право,право,обществознание,75 и более,право на прием БВИ,обществознание,победителям и призерам,11 класс,25
Направление подготовки 40.03.01 Юриспруденция,8,Юриспруденция,Международная олимпиада школьников Уральского федерального университета «Изумруд»,история,история,история,75 и более,право на 100 баллов,история,победителям и призерам,"10, 11 класс",25
Направление подготовки 40.03.01 Юриспруденция,8,Юриспруденция,Международная олимпиада школьников Уральского федерального университета «Изумруд»,русский язык,русский язык,русский язык,75 и более,право на 100 баллов,русский язык,победителям и призерам,"9, 10, 11 класс",25
Направление подготовки 40.03.01 Юриспруденция,8,Юриспруденция,Международная олимпиада школьников Уральского федерального университета «Изумруд»,обществознание,обществознание,обществознание,75 и более,право на 100 баллов,обществознание,победителям и призерам,"10, 11 класс",25
Направление подготовки 40.03.01 Юриспруденция,8,Юриспруденция,Межрегиональная олимпиада по праву «ФЕМИДА»,право,обществознание,обществознание,75 и более,право на 100 баллов,обществознание,победителям и призерам,11 класс,25
Направление подготовки 40.03.01 Юриспруденция,8,Юриспруденция,Межрегиональная олимпиада школьников «Будущие исследователи - будущее науки»,история,история,история,75 и более,право на 100 баллов,история,победителям и призерам,11 класс,25
Направление подготовки 40.03.01 Юриспруденция,8,Юриспруденция,Межрегиональная олимпиада школьников «Будущие исследователи - будущее науки»,русский язык,русский язык,русский язык,75 и более,право на 100 баллов,русский язык,победителям и призерам,"9, 10, 11 класс",25
Направление подготовки 40.03.01 Юриспруденция,8,Юриспруденция,Международная олимпиада школьников «Евразийская лингвистическая олимпиада»,иностранный язык,иностранный язык,иностранный язык,75 и более,право на 100 баллов,иностранный язык,победителям и призерам,"9, 10, 11 класс",25
Направление подготовки 40.03.01 Юриспруденция,8,Юриспруденция,Межрегиональная олимпиада школьников на базе ведомственных образовательных организаций,иностранный язык,иностранный язык,иностранный язык,75 и более,право на 100 баллов,иностранный язык,победителям и призерам,"9, 10, 11 класс",25
Направление подготовки 40.03.01 Юриспруденция,8,Юриспруденция,Межрегиональная олимпиада школьников на базе ведомственных образовательных организаций,обществознание,обществознание,обществознание,75 и более,право на 100 баллов,обществознание,победителям и призерам,"10, 11 класс",25
Направление подготовки 40.03.01 Юриспруденция,8,Юриспруденция,Межрегиональные предметные олимпиады федерального государственного автономного образовательного учреждения высшего образования «Казанский,иностранный язык,иностранный язык,иностранный язык,75 и более,право на 100 баллов,иностранный язык,победителям и призерам,"9, 10, 11 класс",25
Направление подготовки 40.03.01 Юриспруденция,8,Юриспруденция,Межрегиональные предметные олимпиады федерального государственного автономного образовательного учреждения высшего образования «Казанский,русский язык,русский язык,русский язык,75 и более,право на 100 баллов,русский язык,победителям и призерам,"9, 10, 11 класс",25
Направление подготовки 40.03.01 Юриспруденция,8,Юриспруденция,Московская олимпиада школьников,история,история,история,75 и более,право на 100 баллов,история,победителям и призерам,11 класс,25
Направление подготовки 40.03.01 Юриспруденция,8,Юриспруденция,Московская олимпиада школьников,обществознание,обществознание,обществознание,75 и более,право на 100 баллов,обществознание,победителям и призерам,11 класс,26
Направление подготовки 40.03.01 Юриспруденция,8,Юриспруденция,Московская олимпиада школьников,право,право,обществознание,75 и более,право на 100 баллов,обществознание,победителям и призерам,"10, 11 класс",26
Направление подготовки 40.03.01 Юриспруденция,8,Юриспруденция,Океан знаний,обществознание,обществознание,обществознание,75 и более,право на 100 баллов,обществознание,победителям и призерам,"10, 11 класс",26
Направление подготовки 40.03.01 Юриспруденция,8,Юриспруденция,Океан знаний,русский язык,русский язык,русский язык,75 и более,право на 100 баллов,русский язык,победителям и призерам,"10, 11 класс",26
Направление подготовки 40.03.01 Юриспруденция,8,Юриспруденция,Олимпиада РГГУ для школьников,обществознание,обществознание,обществознание,75 и более,право на 100 баллов,обществознание,победителям и призерам,"10, 11 класс",26
Направление подготовки 40.03.01 Юриспруденция,8,Юриспруденция,Олимпиада РГГУ для школьников,история,история,история,75 и более,право на 100 баллов,история,победителям и призерам,"10, 11 класс",26
Направление подготовки 40.03.01 Юриспруденция,8,Юриспруденция,Олимпиада РГГУ для школьников,иностранный язык,иностранный язык,иностранный язык,75 и более,право на 100 баллов,иностранный язык,победителям и призерам,"9, 10, 11 класс",26
Направление подготовки 40.03.01 Юриспруденция,8,Юриспруденция,Олимпиада РГГУ для школьников,русский язык,русский язык,русский язык,75 и более,право на 100 баллов,русский язык,победителям и призерам,"10, 11 класс",26
Направление подготовки 40.03.01 Юриспруденция,8,Юриспруденция,Олимпиада школьников «Ломоносов»,история,история,история,75 и более,право на прием БВИ,история,победителям и призерам,11 класс,26
Направление подготовки 40.03.01 Юриспруденция,8,Юриспруденция,Олимпиада школьников «Ломоносов»,основы российской государственности,основы российской государственности,обществознание,75 и более,право на прием БВИ,обществознание,победителям и призерам,11 класс,26
Направление подготовки 40.03.01 Юриспруденция,8,Юриспруденция,Олимпиада школьников «Ломоносов»,основы российской государственности,основы российской государственности,история,75 и более,право на прием БВИ,история,победителям и призерам,11 класс,26
Направление подготовки 40.03.01 Юриспруденция,8,Юриспруденция,Олимпиада школьников «Ломоносов»,иностранный язык,иностранный язык,иностранный язык,75 и более,право на 100 баллов,иностранный язык,победителям и призерам,"9, 10, 11 класс",26
Направление подготовки 40.03.01 Юриспруденция,8,Юриспруденция,Олимпиада школьников «Ломоносов»,обществознание,обществознание,обществознание,75 и более,право на прием БВИ,обществознание,победителям и призерам,11 класс,26
Направление подготовки 40.03.01 Юриспруденция,8,Юриспруденция,Олимпиада школьников «Ломоносов»,политология,история,история,75 и более,право на 100 баллов,история,победителям и призерам,11 класс,26
Направление подготовки 40.03.01 Юриспруденция,8,Юриспруденция,Олимпиада школьников «Ломоносов»,право,юриспруденция,обществознание,75 и более,право на прием БВИ,обществознание,победителям и призерам,11 класс,26
Направление подготовки 40.03.01 Юриспруденция,8,Юриспруденция,Олимпиада школьников «Ломоносов»,русский язык,русский язык,русский язык,75 и более,право на 100 баллов,русский язык,победителям и призерам,"9, 10, 11 класс",26
Направление подготовки 40.03.01 Юриспруденция,8,Юриспруденция,Олимпиада школьников «Покори Воробьёвы горы!»,история,история,история,75 и более,право на прием БВИ,история,победителям и призерам,11 класс,26
Направление подготовки 40.03.01 Юриспруденция,8,Юриспруденция,Олимпиада школьников «Покори Воробьёвы горы!»,иностранный язык,иностранный язык,иностранный язык,75 и более,право на 100 баллов,иностранный язык,победителям и призерам,"9, 10, 11 класс",26
Направление подготовки 40.03.01 Юриспруденция,8,Юриспруденция,Олимпиада школьников «Покори Воробьёвы горы!»,обществознание,обществознание,обществознание,75 и более,право на прием БВИ,обществознание,победителям и призерам,11 класс,26
Направление подготовки 40.03.01 Юриспруденция,8,Юриспруденция,Олимпиада школьников Российской академии народного хозяйства и государственной службы при Президенте Российской Федерации,история,история,история,75 и более,право на 100 баллов,история,победителям и призерам,11 класс,26
Направление подготовки 40.03.01 Юриспруденция,8,Юриспруденция,Олимпиада школьников Российской академии народного хозяйства и государственной службы при Президенте Российской Федерации,обществознание,обществознание,обществознание,75 и более,право на 100 баллов,обществознание,победителям и призерам,11 класс,26
Направление подготовки 40.03.01 Юриспруденция,8,Юриспруденция,Олимпиада школьников Российской академии народного хозяйства и государственной службы при Президенте Российской Федерации,политология,политология,обществознание,75 и более,право на 100 баллов,обществознание,победителям и призерам,11 класс,26
Направление подготовки 40.03.01 Юриспруденция,8,Юриспруденция,Олимпиада школьников Российской академии народного хозяйства и государственной службы при Президенте Российской Федерации,иностранный язык,английский язык,иностранный язык,75 и более,право на 100 баллов,иностранный язык,победителям и призерам,"9, 10, 11 класс",26
Направление подготовки 40.03.01 Юриспруденция,8,Юриспруденция,Олимпиада школьников Санкт- Петербургского государственного университета,история,история,история,75 и более,право на прием БВИ,история,победителям и призерам,11 класс,26
Направление подготовки 40.03.01 Юриспруденция,8,Юриспруденция,Олимпиада школьников Санкт- Петербургского государственного университета,иностранный язык,иностранный язык,иностранный язык,75 и более,право на 100 баллов,иностранный язык,победителям и призерам,"9, 10, 11 класс",26
Направление подготовки 40.03.01 Юриспруденция,8,Юриспруденция,Олимпиада школьников Санкт- Петербургского государственного университета,обществознание,обществознание,обществознание,75 и более,право на прием БВИ,обществознание,победителям и призерам,11 класс,26
Направление подготовки 40.03.01 Юриспруденция,8,Юриспруденция,Олимпиада школьников Санкт- Петербургского государственного университета,право,право,обществознание,75 и более,право на прием БВИ,обществознание,победителям и призерам,11 класс,26
Направление подготовки 40.03.01 Юриспруденция,8,Юриспруденция,Олимпиада школьников Санкт- Петербургского государственного университета,гуманитарные и социальные науки,"обществознание, история",обществознание,75 и более,право на 100 баллов,обществознание,победителям и призерам,11 класс,26
Направление подготовки 40.03.01 Юриспруденция,8,Юриспруденция,Олимпиада школьников Санкт- Петербургского государственного университета,гуманитарные и социальные науки,"обществознание, история",история,75 и более,право на 100 баллов,история,победителям и призерам,11 класс,26
Направление подготовки 40.03.01 Юриспруденция,8,Юриспруденция,Плехановская олимпиада школьников,иностранный язык,иностранный язык,иностранный язык,75 и более,право на 100 баллов,иностранный язык,победителям и призерам,"9, 10, 11 класс",27
Направление подготовки 40.03.01 Юриспруденция,8,Юриспруденция,Плехановская олимпиада школьников,русский язык,русский язык,русский язык,75 и более,право на 100 баллов,русский язык,победителям и призерам,"9, 10, 11 класс",27
Направление подготовки 40.03.01 Юриспруденция,8,Юриспруденция,Всероссийская олимпиада школьников «Юридические высоты!»,право,право,обществознание,75 и более,право на 100 баллов,обществознание,победителям и призерам,11 класс,27
Направление подготовки 40.03.01 Юриспруденция,8,Юриспруденция,Региональный конкурс школьников Челябинского университетского образовательного округа,обществознание,обществознание,обществознание,75 и более,право на 100 баллов,обществознание,победителям и призерам,11 класс,27
Направление подготовки 40.03.01 Юриспруденция,8,Юриспруденция,Региональный конкурс школьников Челябинского университетского образовательного округа,иностранный язык,иностранный язык,иностранный язык,75 и более,право на 100 баллов,иностранный язык,победителям и призерам,"9, 10, 11 класс",27
Направление подготовки 45.03.02 Лингвистика,9,Иностранные языки и межкультурная коммуникация в бизнесе,Всероссийская олимпиада школьников «Высшая проба»,восточные языки,иностранный язык,иностранный язык,75 и более,право на 100 баллов,иностранный язык,победителям и призерам,"10, 11 класс",27
Направление подготовки 45.03.02 Лингвистика,9,Иностранные языки и межкультурная коммуникация в бизнесе,Всероссийская олимпиада школьников «Высшая проба»,журналистика,средства массовой информации и информационнобиблиотечное дело,русский язык,75 и более,право на 100 баллов,русский язык,победителям и призерам,"10, 11 класс",27
Направление подготовки 45.03.02 Лингвистика,9,Иностранные языки и межкультурная коммуникация в бизнесе,Всероссийская олимпиада школьников «Высшая проба»,иностранный язык,иностранный язык,иностранный язык,75 и более,право на 100 баллов,иностранный язык,победителям и призерам,10 класс,27
Направление подготовки 45.03.02 Лингвистика,9,Иностранные языки и межкультурная коммуникация в бизнесе,Всероссийская олимпиада школьников «Высшая проба»,иностранный язык,иностранный язык,иностранный язык,75 и более,право на прием БВИ,иностранный язык,победителям и призерам,11 класс,27
Направление подготовки 45.03.02 Лингвистика,9,Иностранные языки и межкультурная коммуникация в бизнесе,Всероссийская олимпиада школьников «Высшая проба»,обществознание,обществознание,обществознание,75 и более,право на 100 баллов,обществознание,победителям и призерам,"10, 11 класс",27
Направление подготовки 45.03.02 Лингвистика,9,Иностранные языки и межкультурная коммуникация в бизнесе,Всероссийская олимпиада школьников «Высшая проба»,русский язык,русский язык,русский язык,75 и более,право на 100 баллов,русский язык,победителям и призерам,"10, 11 класс",27
Направление подготовки 45.03.02 Лингвистика,9,Иностранные языки и межкультурная коммуникация в бизнесе,Всероссийская олимпиада школьников «Высшая проба»,социология,социология и социальная работа,обществознание,75 и более,право на 100 баллов,обществознание,победителям и призерам,"10, 11 класс",27
Направление подготовки 45.03.02 Лингвистика,9,Иностранные языки и межкультурная коммуникация в бизнесе,Всероссийская олимпиада школьников «Высшая проба»,востоковедение,востоковедение и африканистика,обществознание,75 и более,право на 100 баллов,обществознание,победителям и призерам,"10, 11 класс",27
Направление подготовки 45.03.02 Лингвистика,9,Иностранные языки и межкультурная коммуникация в бизнесе,Всероссийская олимпиада школьников «Высшая проба»,философия,"философия, этика и религиоведение",обществознание,75 и более,право на 100 баллов,обществознание,победителям и призерам,"10, 11 класс",27
Направление подготовки 45.03.02 Лингвистика,9,Иностранные языки и межкультурная коммуникация в бизнесе,Всероссийская олимпиада школьников «Высшая проба»,филология,"языкознание и литературоведение, литература",литература,75 и более,право на 100 баллов,литература,победителям и призерам,"10, 11 класс",27
Направление подготовки 45.03.02 Лингвистика,9,Иностранные языки и межкультурная коммуникация в бизнесе,Всероссийская олимпиада школьников «Высшая проба»,международные отношени,политические науки и регионоведение,обществознание,75 и более,право на 100 баллов,обществознание,победителям и призерам,"10, 11 класс",27
Направление подготовки 45.03.02 Лингвистика,9,Иностранные языки и межкультурная коммуникация в бизнесе,Всероссийская олимпиада школьников «Высшая проба»,история,история,история,75 и более,право на 100 баллов,история,победителям и призерам,"10, 11 класс",27
Направление подготовки 45.03.02 Лингвистика,9,Иностранные языки и межкультурная коммуникация в бизнесе,Всероссийская олимпиада школьников «Высшая проба»,филология,"языкознание и литературоведение, литература",русский язык,75 и более,право на 100 баллов,русский язык,победителям и призерам,"10, 11 класс",27
Направление подготовки 45.03.02 Лингвистика,9,Иностранные языки и межкультурная коммуникация в бизнесе,Всероссийская олимпиада школьников «Миссия выполнима. Твое призвание- финансист!»,иностранный язык,иностранный язык,иностранный язык,75 и более,право на 100 баллов,иностранный язык,победителям и призерам,"10, 11 класс",27
Направление подготовки 45.03.02 Лингвистика,9,Иностранные языки и межкультурная коммуникация в бизнесе,Всероссийская олимпиада школьников «Миссия выполнима. Твое призвание- финансист!»,обществознание,обществознание,обществознание,75 и более,право на 100 баллов,обществознание,победителям и призерам,"10, 11 класс",27
Направление подготовки 45.03.02 Лингвистика,9,Иностранные языки и межкультурная коммуникация в бизнесе,Всероссийская Толстовская олимпиадам школьников,литература,литература,литература,75 и более,право на 100 баллов,литература,победителям и призерам,"10, 11 класс",27
Направление подготовки 45.03.02 Лингвистика,9,Иностранные языки и межкультурная коммуникация в бизнесе,Всероссийская Толстовская олимпиадам школьников,обществознание,обществознание,обществознание,75 и более,право на 100 баллов,обществознание,победителям и призерам,"10, 11 класс",27
Направление подготовки 45.03.02 Лингвистика,9,Иностранные языки и межкультурная коммуникация в бизнесе,Международная олимпиада школьников Уральского федерального университета «Изумруд»,обществознание,обществознание,обществознание,75 и более,право на 100 баллов,обществознание,победителям и призерам,"10, 11 класс",27
Направление подготовки 45.03.02 Лингвистика,9,Иностранные языки и межкультурная коммуникация в бизнесе,Международная олимпиада школьников Уральского федерального университета «Изумруд»,история,история,история,75 и более,право на 100 баллов,история,победителям и призерам,"10, 11 класс",27
Направление подготовки 45.03.02 Лингвистика,9,Иностранные языки и межкультурная коммуникация в бизнесе,Международная олимпиада школьников Уральского федерального университета «Изумруд»,русский язык,русский язык,русский язык,75 и более,право на 100 баллов,русский язык,победителям и призерам,"10, 11 класс",27
Направление подготовки 45.03.02 Лингвистика,9,Иностранные языки и межкультурная коммуникация в бизнесе,Межрдународная олимпиада школьников «Евразийская лингвистическая олимпиада»,иностранный язык,иностранный язык,иностранный язык,75 и более,право на 100 баллов,иностранный язык,победителям и призерам,10 класс,27
Направление подготовки 45.03.02 Лингвистика,9,Иностранные языки и межкультурная коммуникация в бизнесе,Межрдународная олимпиада школьников «Евразийская лингвистическая олимпиада»,иностранный язык,иностранный язык,иностранный язык,75 и более,право на прием БВИ,иностранный язык,победителям и призерам,11 класс,27
Направление подготовки 45.03.02 Лингвистика,9,Иностранные языки и межкультурная коммуникация в бизнесе,Межрегиональная олимпиада школьников на базе ведомственных образовательных организаций,иностранный язык,иностранный язык,иностранный язык,75 и более,право на 100 баллов,иностранный язык,победителям и призерам,"10, 11 класс",28
Направление подготовки 45.03.02 Лингвистика,9,Иностранные языки и межкультурная коммуникация в бизнесе,Межрегиональные предметные олимпиады федерального государственного автономного образовательного учреждения высшего образования «Казанский (Приволжский) федеральный университет»,иностранный язык,иностранный язык,иностранный язык,75 и более,право на 100 баллов,иностранный язык,победителям и призерам,"10, 11 класс",28
Направление подготовки 45.03.02 Лингвистика,9,Иностранные языки и межкультурная коммуникация в бизнесе,Межрегиональные предметные олимпиады федерального государственного автономного образовательного учреждения высшего образования «Казанский (Приволжский) федеральный университет»,история,история,история,75 и более,право на 100 баллов,история,победителям и призерам,"10, 11 класс",28
Направление подготовки 45.03.02 Лингвистика,9,Иностранные языки и межкультурная коммуникация в бизнесе,Межрегиональные предметные олимпиады федерального государственного автономного образовательного учреждения высшего образования «Казанский (Приволжский) федеральный университет»,русский язык,русский язык,русский язык,75 и более,право на 100 баллов,русский язык,победителям и призерам,"10, 11 класс",28
Направление подготовки 45.03.02 Лингвистика,9,Иностранные языки и межкультурная коммуникация в бизнесе,Московская олимпиада школьников,лингвистика,иностранный язык,иностранный язык,75 и более,право на 100 баллов,иностранный язык,победителям и призерам,10 класс,28
Направление подготовки 45.03.02 Лингвистика,9,Иностранные языки и межкультурная коммуникация в бизнесе,Московская олимпиада школьников,лингвистика,иностранный язык,иностранный язык,75 и более,право на прием БВИ,иностранный язык,победителям и призерам,11 класс,28
Направление подготовки 45.03.02 Лингвистика,9,Иностранные языки и межкультурная коммуникация в бизнесе,Московская олимпиада школьников,обществознание,обществознание,обществознание,75 и более,право на 100 баллов,обществознание,победителям и призерам,"10, 11 класс",28
Направление подготовки 45.03.02 Лингвистика,9,Иностранные языки и межкультурная коммуникация в бизнесе,Московская олимпиада школьников,история,история,история,75 и более,право на 100 баллов,история,победителям и призерам,"10, 11 класс",28
Направление подготовки 45.03.02 Лингвистика,9,Иностранные языки и межкультурная коммуникация в бизнесе,Герценовская олимпиада школьников,иностранный язык,иностранный язык,иностранный язык,75 и более,право на 100 баллов,иностранный язык,победителям и призерам,"10, 11 класс",28
Направление подготовки 45.03.02 Лингвистика,9,Иностранные языки и межкультурная коммуникация в бизнесе,Олимпиада МГИМО МИД России для школьников,гуманитарные и социальные науки,"история, обществознание",обществознание,75 и более,право на 100 баллов,обществознание,победителям и призерам,"10, 11 класс",28
Направление подготовки 45.03.02 Лингвистика,9,Иностранные языки и межкультурная коммуникация в бизнесе,Олимпиада школьников «Ломоносов»,журналистика,средства массовой информации и информационнобиблиотечное дело,русский язык,75 и более,право на 100 баллов,русский язык,победителям и призерам,"10, 11 класс",28
Направление подготовки 45.03.02 Лингвистика,9,Иностранные языки и межкультурная коммуникация в бизнесе,Олимпиада школьников «Ломоносов»,иностранный язык,иностранный язык,иностранный язык,75 и более,право на 100 баллов,иностранный язык,победителям и призерам,10 класс,28
Направление подготовки 45.03.02 Лингвистика,9,Иностранные языки и межкультурная коммуникация в бизнесе,Олимпиада школьников «Ломоносов»,иностранный язык,иностранный язык,иностранный язык,75 и более,право на прием БВИ,иностранный язык,победителям и призерам,11 класс,28
Направление подготовки 45.03.02 Лингвистика,9,Иностранные языки и межкультурная коммуникация в бизнесе,Олимпиада школьников «Ломоносов»,обществознание,обществознание,обществознание,75 и более,право на 100 баллов,обществознание,победителям и призерам,"10, 11 класс",28
Направление подготовки 45.03.02 Лингвистика,9,Иностранные языки и межкультурная коммуникация в бизнесе,Олимпиада школьников «Ломоносов»,литература,литература,литература,75 и более,право на 100 баллов,литература,победителям и призерам,"10, 11 класс",28
Направление подготовки 45.03.02 Лингвистика,9,Иностранные языки и межкультурная коммуникация в бизнесе,Олимпиада школьников «Ломоносов»,философия,"философия, этика и религиоведение",обществознание,75 и более,право на 100 баллов,обществознание,победителям и призерам,"10, 11 класс",28
Направление подготовки 45.03.02 Лингвистика,9,Иностранные языки и межкультурная коммуникация в бизнесе,Олимпиада школьников «Ломоносов»,международные отношения и глобалистика,история,история,75 и более,право на 100 баллов,история,победителям и призерам,"10, 11 класс",28
Направление подготовки 45.03.02 Лингвистика,9,Иностранные языки и межкультурная коммуникация в бизнесе,Олимпиада школьников «Ломоносов»,история,история,история,75 и более,право на 100 баллов,история,победителям и призерам,"10, 11 класс",28
Направление подготовки 45.03.02 Лингвистика,9,Иностранные языки и межкультурная коммуникация в бизнесе,Олимпиада школьников «Ломоносов»,основы российской государственности,"история, обществознание",история,75 и более,право на 100 баллов,история,победителям и призерам,"10, 11 класс",28
Направление подготовки 45.03.02 Лингвистика,9,Иностранные языки и межкультурная коммуникация в бизнесе,Олимпиада школьников «Ломоносов»,русский язык,русский язык,русский язык,75 и более,право на 100 баллов,русский язык,победителям и призерам,"10, 11 класс",28
Направление подготовки 45.03.02 Лингвистика,9,Иностранные языки и межкультурная коммуникация в бизнесе,Олимпиада школьников «Покори Воробьёвы горы!»,журналистика,средства массовой информации и информационнобиблиотечное дело,русский язык,75 и более,право на 100 баллов,русский язык,победителям и призерам,"10, 11 класс",28
Направление подготовки 45.03.02 Лингвистика,9,Иностранные языки и межкультурная коммуникация в бизнесе,Олимпиада школьников «Покори Воробьёвы горы!»,иностранный язык,иностранный язык,иностранный язык,75 и более,право на 100 баллов,иностранный язык,победителям и призерам,10 класс,28
Направление подготовки 45.03.02 Лингвистика,9,Иностранные языки и межкультурная коммуникация в бизнесе,Олимпиада школьников «Покори Воробьёвы горы!»,иностранный язык,иностранный язык,иностранный язык,75 и более,право на прием БВИ,иностранный язык,победителям и призерам,11 класс,28
Направление подготовки 45.03.02 Лингвистика,9,Иностранные языки и межкультурная коммуникация в бизнесе,Олимпиада школьников «Покори Воробьёвы горы!»,литература,литература,литература,75 и более,право на 100 баллов,литература,победителям и призерам,"10, 11 класс",28
Направление подготовки 45.03.02 Лингвистика,9,Иностранные языки и межкультурная коммуникация в бизнесе,Олимпиада школьников «Покори Воробьёвы горы!»,история,история,история,75 и более,право на 100 баллов,история,победителям и призерам,"10, 11 класс",28
Направление подготовки 45.03.02 Лингвистика,9,Иностранные языки и межкультурная коммуникация в бизнесе,Олимпиада школьников «Покори Воробьёвы горы!»,обществознание,обществознание,обществознание,75 и более,право на 100 баллов,обществознание,победителям и призерам,"10, 11 класс",28
Направление подготовки 45.03.02 Лингвистика,9,Иностранные языки и межкультурная коммуникация в бизнесе,Олимпиада школьников Российской академии народного хозяйства и государственной службы при Президенте Российской Федерации,журналистика,средства массовой информации и информационнобиблиотечное дело,русский язык,75 и более,право на 100 баллов,русский язык,победителям и призерам,"10, 11 класс",29
Направление подготовки 45.03.02 Лингвистика,9,Иностранные языки и межкультурная коммуникация в бизнесе,Олимпиада школьников Российской академии народного хозяйства и государственной службы при Президенте Российской Федерации,история,история,история,75 и более,право на 100 баллов,история,победителям и призерам,"10, 11 класс",29
Направление подготовки 45.03.02 Лингвистика,9,Иностранные языки и межкультурная коммуникация в бизнесе,Олимпиада школьников Российской академии народного хозяйства и государственной службы при Президенте Российской Федерации,обществознание,обществознание,обществознание,75 и более,право на 100 баллов,обществознание,победителям и призерам,"10, 11 класс",29
Направление подготовки 45.03.02 Лингвистика,9,Иностранные языки и межкультурная коммуникация в бизнесе,Олимпиада школьников Российской академии народного хозяйства и государственной службы при Президенте Российской Федерации,иностранный язык,иностранный язык,иностранный язык,75 и более,право на 100 баллов,иностранный язык,победителям и призерам,"10, 11 класс",29
Направление подготовки 45.03.02 Лингвистика,9,Иностранные языки и межкультурная коммуникация в бизнесе,Олимпиада школьников Санкт- Петербургского государственного университета,журналистика,средства массовой информации и информационнобиблиотечное дело,русский язык,75 и более,право на 100 баллов,русский язык,победителям и призерам,"10, 11 класс",29
Направление подготовки 45.03.02 Лингвистика,9,Иностранные языки и межкультурная коммуникация в бизнесе,Олимпиада школьников Санкт- Петербургского государственного университета,иностранный язык,иностранный язык,иностранный язык,75 и более,право на 100 баллов,иностранный язык,победителям и призерам,10 класс,29
Направление подготовки 45.03.02 Лингвистика,9,Иностранные языки и межкультурная коммуникация в бизнесе,Олимпиада школьников Санкт- Петербургского государственного университета,иностранный язык,иностранный язык,иностранный язык,75 и более,право на прием БВИ,иностранный язык,победителям и призерам,11 класс,29
Направление подготовки 45.03.02 Лингвистика,9,Иностранные языки и межкультурная коммуникация в бизнесе,Олимпиада школьников Санкт- Петербургского государственного университета,обществознание,обществознание,обществознание,75 и более,право на 100 баллов,обществознание,победителям и призерам,"10, 11 класс",29
Направление подготовки 45.03.02 Лингвистика,9,Иностранные языки и межкультурная коммуникация в бизнесе,Олимпиада школьников Санкт- Петербургского государственного университета,филология,"иностранный язык, литература, русский язык",русский язык,75 и более,право на 100 баллов,русский язык,победителям и призерам,"10, 11 класс",29
Направление подготовки 45.03.02 Лингвистика,9,Иностранные языки и межкультурная коммуникация в бизнесе,Олимпиада школьников Санкт- Петербургского государственного университета,международные отношения,политические науки и регионоведение,обществознание,75 и более,право на 100 баллов,обществознание,победителям и призерам,"10, 11 класс",29
Направление подготовки 45.03.02 Лингвистика,9,Иностранные языки и межкультурная коммуникация в бизнесе,Олимпиада школьников Санкт- Петербургского государственного университета,философия,"философия, этика и религиоведение, теология, психологические науки",обществознание,75 и более,право на 100 баллов,обществознание,победителям и призерам,"10, 11 класс",29
Направление подготовки 45.03.02 Лингвистика,9,Иностранные языки и межкультурная коммуникация в бизнесе,Олимпиада школьников Санкт- Петербургского государственного университета,история,история,история,75 и более,право на 100 баллов,история,победителям и призерам,"10, 11 класс",29
Направление подготовки 45.03.02 Лингвистика,9,Иностранные языки и межкультурная коммуникация в бизнесе,Олимпиада школьников Санкт- Петербургского государственного университета,филология,"иностранный язык, литература, русский язык",литература,75 и более,право на 100 баллов,литература,победителям и призерам,"10, 11 класс",29
Направление подготовки 45.03.02 Лингвистика,9,Иностранные языки и межкультурная коммуникация в бизнесе,Плехановская олимпиада школьников,иностранный язык,иностранный язык,иностранный язык,75 и более,право на 100 баллов,иностранный язык,победителям и призерам,"10, 11 класс",29
Направление подготовки 45.03.02 Лингвистика,9,Иностранные языки и межкультурная коммуникация в бизнесе,Плехановская олимпиада школьников,русский язык,русский язык,русский язык,75 и более,право на 100 баллов,русский язык,победителям и призерам,"10, 11 класс",29
Направление подготовки 45.03.02 Лингвистика,9,Иностранные языки и межкультурная коммуникация в бизнесе,Региональный конкурс школьников Челябинского университетского образовательного округа,обществознание,обществознание,обществознание,75 и более,право на 100 баллов,обществознание,победителям и призерам,"10, 11 класс",29
Направление подготовки 45.03.02 Лингвистика,9,Иностранные языки и межкультурная коммуникация в бизнесе,Региональный конкурс школьников Челябинского университетского образовательного округа,иностранный язык,иностранный язык,иностранный язык,75 и более,право на 100 баллов,иностранный язык,победителям и призерам,"10, 11 класс",29
Направление подготовки 45.03.02 Лингвистика,9,Иностранные языки и межкультурная коммуникация в бизнесе,Северо-Восточная олимпиада школьников,филология,"русский язык, литература",русский язык,75 и более,право на 100 баллов,русский язык,победителям и призерам,"10, 11 класс",29
Направление подготовки 45.03.02 Лингвистика,9,Иностранные языки и межкультурная коммуникация в бизнесе,Северо-Восточная олимпиада школьников,филология,"русский язык, литература",литература,75 и более,право на 100 баллов,литература,победителям и призерам,"10, 11 класс",29
Направление подготовки 45.03.02 Лингвистика,9,Иностранные языки и межкультурная коммуникация в бизнесе,Турнир имени М.В. Ломоносова,лингвистика,"русский язык, иностранный язык, математика",русский язык,75 и более,право на 100 баллов,русский язык,победителям и призерам,"10, 11 класс",29
Направление подготовки 45.03.02 Лингвистика,9,Иностранные языки и межкультурная коммуникация в бизнесе,Турнир имени М.В. Ломоносова,лингвистика,"русский язык, иностранный язык, математика",иностранный язык,75 и более,право на 100 баллов,иностранный язык,победителям и призерам,"10, 11 класс",29
Направление подготовки 45.03.02 Лингвистика,9,Иностранные языки и межкультурная коммуникация в бизнесе,Турнир имени М.В. Ломоносова,история,история,история,75 и более,право на 100 баллов,история,победителям и призерам,"10, 11 класс",29
Направление подготовки 45.03.02 Лингвистика,9,Иностранные языки и межкультурная коммуникация в бизнесе,Турнир имени М.В. Ломоносова,литература,литература,литература,75 и более,право на 100 баллов,литература,победителям и призерам,"10, 11 класс",29
Направление подготовки 54.03.01 Дизайн,10,Дизайн,Всероссийская олимпиада школьников «Высшая проба»,русский язык,русский язык,русский язык,75 и более,право на 100 баллов,русский язык,победителям и призерам,11 класс,29
Направление подготовки 54.03.01 Дизайн,10,Дизайн,Всероссийская олимпиада школьников «Высшая проба»,филология,"языкознание и литературоведение, литература",литература,75 и более,право на 100 баллов,литература,победителям и призерам,11 класс,30
Направление подготовки 54.03.01 Дизайн,10,Дизайн,Всероссийская олимпиада школьников «Высшая проба»,дизайн,изобразительное и прикладные виды искусств,нет,нет,право на прием БВИ,творческое испытание,победителям,11 класс,30
Направление подготовки 54.03.01 Дизайн,10,Дизайн,Межрегиональная олимпиада школьников «Будущие исследователи - будущее науки»,русский язык,русский язык,русский язык,75 и более,право на 100 баллов,русский язык,победителям и призерам,11 класс,30
Направление подготовки 54.03.01 Дизайн,10,Дизайн,Олимпиада школьников «Ломоносов»,русский язык,русский язык,русский язык,75 и более,право на 100 баллов,русский язык,победителям и призерам,11 класс,30
Направление подготовки 54.03.01 Дизайн,10,Дизайн,Олимпиада школьников «Ломоносов»,литература,литература,литература,75 и более,право на 100 баллов,литература,победителям и призерам,11 класс,30
Направление подготовки 54.03.01 Дизайн,10,Дизайн,Олимпиада школьников «Покори Воробьёвы горы!»,литература,литература,литература,75 и более,право на 100 баллов,литература,победителям и призерам,11 класс,30
