Направление подготовки,№ п/п,Наименование образовательной программы,Полное наименование олимпиады,Профиль олимпиады,Предмет(ы) ЕГЭ для подтверждения права,Предмет ЕГЭ подтверждающий право,Баллы ЕГЭ,Вид особого права,Кому предоставляется,Классы,Страница PDF
Направление подготовки 01.03.02 Прикладная математика и информатика,1,Прикладной анализ данных и искусственный интеллект,Всероссийская олимпиада школьников «Высшая проба»,математика,математика,математика,75 и более,Право на прием БВИ,Победителям и призерам,"10, 11 класс",1
Направление подготовки 01.03.02 Прикладная математика и информатика,1,Прикладной анализ данных и искусственный интеллект,Всероссийская олимпиада школьников «Высшая проба»,информатика,информатика,информатика,75 и более,Право на прием БВИ,Победителям и призерам,"10, 11 класс",1
Направление подготовки 01.03.02 Прикладная математика и информатика,1,Прикладной анализ данных и искусственный интеллект,Всероссийская олимпиада школьников «Высшая проба»,анализ данных,"компьютерные и информационные науки, информатика и вычислительная техника",математика,75 и более,Право на прием БВИ,Победителям и призерам,"10, 11 класс",1
Направление подготовки 01.03.02 Прикладная математика и информатика,1,Прикладной анализ данных и искусственный интеллект,Всероссийская олимпиада школьников «Высшая проба»,промышленное программирование,"компьютерные и информационные науки, информатика и вычислительная техника",информатика,75 и более,Право на прием БВИ,Победителям и призерам,11 класс,1
Направление подготовки 01.03.02 Прикладная математика и информатика,1,Прикладной анализ данных и искусственный интеллект,Всероссийская олимпиада школьников «Высшая проба»,русский язык,русский язык,русский язык,75 и более,Право на 100 баллов,Победителям и призерам,"10, 11 класс",1
Направление подготовки 01.03.02 Прикладная математика и информатика,1,Прикладной анализ данных и искусственный интеллект,Олимпиада школьников Санкт-Петербургского государственного университета,математика,математика,математика,75 и более,Право на прием БВИ,Победителям и призерам,"10, 11 класс",1
Направление подготовки 01.03.02 Прикладная математика и информатика,1,Прикладной анализ данных и искусственный интеллект,Олимпиада школьников Санкт-Петербургского государственного университета,информатика,информатика,информатика,75 и более,Право на прием БВИ,Победителям и призерам,"10, 11 класс",1
Направление подготовки 01.03.02 Прикладная математика и информатика,1,Прикладной анализ данных и искусственный интеллект,Всероссийская олимпиада по искусственному интеллекту,искусственный интеллект,информатика,информатика,75 и более,Право на прием БВИ,Победителям и призерам,"10, 11 класс",2
Направление подготовки 01.03.02 Прикладная математика и информатика,1,Прикладной анализ данных и искусственный интеллект,Турнир городов,математика,математика,математика,75 и более,Право на прием БВИ,Победителям и призерам,"10, 11 класс",2
Направление подготовки 01.03.02 Прикладная математика и информатика,1,Прикладной анализ данных и искусственный интеллект,Санкт-Петербургская олимпиада школьников,математика,математика,математика,75 и более,Право на прием БВИ,Победителям и призерам,"10, 11 класс",2
Направление подготовки 01.03.02 Прикладная математика и информатика,1,Прикладной анализ данных и искусственный интеллект,Московская олимпиада школьников,математика,математика,математика,75 и более,Право на прием БВИ,Победителям и призерам,"10, 11 класс",2
Направление подготовки 01.03.02 Прикладная математика и информатика,1,Прикладной анализ данных и искусственный интеллект,Московская олимпиада школьников,информатика,информатика,информатика,75 и более,Право на прием БВИ,Победителям и призерам,"10, 11 класс",2
Направление подготовки 01.03.02 Прикладная математика и информатика,1,Прикладной анализ данных и искусственный интеллект,Олимпиада школьников «Ломоносов»,математика,математика,математика,75 и более,Право на прием БВИ,Победителям и призерам,"10, 11 класс",2
Направление подготовки 01.03.02 Прикладная математика и информатика,1,Прикладной анализ данных и искусственный интеллект,Олимпиада школьников «Ломоносов»,информатика,информатика,информатика,75 и более,Право на прием БВИ,Победителям и призерам,"10, 11 класс",2
Направление подготовки 01.03.02 Прикладная математика и информатика,1,Прикладной анализ данных и искусственный интеллект,Олимпиада школьников «Ломоносов»,русский язык,русский язык,русский язык,75 и более,Право на 100 баллов,Победителям и призерам,"10, 11 класс",2
Направление подготовки 01.03.02 Прикладная математика и информатика,1,Прикладной анализ данных и искусственный интеллект,Олимпиада Юношеской математической школы,математика,математика,математика,75 и более,Право на прием БВИ,Победителям и призерам,"10, 11 класс",2
Направление подготовки 01.03.02 Прикладная математика и информатика,1,Прикладной анализ данных и искусственный интеллект,Всесибирская открытая олимпиада школьников,математика,математика,математика,75 и более,Право на прием БВИ,Победителям и призерам,"10, 11 класс",2
Направление подготовки 01.03.02 Прикладная математика и информатика,1,Прикладной анализ данных и искусственный интеллект,Всесибирская открытая олимпиада школьников,информатика,информатика,информатика,75 и более,Право на прием БВИ,Победителям и призерам,"10, 11 класс",2
Направление подготовки 01.03.02 Прикладная математика и информатика,1,Прикладной анализ данных и искусственный интеллект,Отраслевая физико-математическая олимпиада школьников «Росатом»,математика,математика,математика,75 и более,Право на 100 баллов,Победителям и призерам,"10, 11 класс",2
Направление подготовки 01.03.02 Прикладная математика и информатика,1,Прикладной анализ данных и искусственный интеллект,Олимпиада школьников «Физтех»,математика,математика,математика,75 и более,Право на прием БВИ,Победителям,11 класс,2
Направление подготовки 01.03.02 Прикладная математика и информатика,1,Прикладной анализ данных и искусственный интеллект,Олимпиада школьников «Физтех»,математика,математика,математика,75 и более,Право на 100 баллов,Призерам,11 класс,2
Направление подготовки 01.03.02 Прикладная математика и информатика,1,Прикладной анализ данных и искусственный интеллект,Олимпиада школьников «Физтех»,математика,математика,математика,75 и более,Право на 100 баллов,Победителям и призерам,"10, 11 класс",2
Направление подготовки 01.03.02 Прикладная математика и информатика,1,Прикладной анализ данных и искусственный интеллект,Объединенная межвузовская олимпиада школьников,математика,математика,математика,75 и более,Право на прием БВИ,Победителям и призерам,"10, 11 класс",2
Направление подготовки 01.03.02 Прикладная математика и информатика,1,Прикладной анализ данных и искусственный интеллект,Открытая олимпиада школьников по программированию,информатика,информатика,информатика,75 и более,Право на прием БВИ,Победителям и призерам,"10, 11 класс",2
Направление подготовки 01.03.02 Прикладная математика и информатика,1,Прикладной анализ данных и искусственный интеллект,Международная олимпиада «Innopolis Open»,информатика,информатика,информатика,75 и более,Право на прием БВИ,Победителям и призерам,"10, 11 класс",2
Направление подготовки 01.03.02 Прикладная математика и информатика,1,Прикладной анализ данных и искусственный интеллект,Международная олимпиада «Innopolis Open»,математика,математика,математика,75 и более,Право на прием БВИ,Победителям,"10, 11 класс",2
Направление подготовки 01.03.02 Прикладная математика и информатика,1,Прикладной анализ данных и искусственный интеллект,Международная олимпиада «Innopolis Open»,математика,математика,математика,75 и более,Право на 100 баллов,Призерам,"10, 11 класс",2
Направление подготовки 01.03.02 Прикладная математика и информатика,1,Прикладной анализ данных и искусственный интеллект,Олимпиада школьников по программированию «ТехноКубок»,информатика,информатика,информатика,75 и более,Право на прием БВИ,Победителям и призерам,"10, 11 класс",2
Направление подготовки 01.03.02 Прикладная математика и информатика,1,Прикладной анализ данных и искусственный интеллект,Олимпиада школьников по информатике и программированию,информатика,информатика,информатика,75 и более,Право на прием БВИ,Победителям и призерам,"10, 11 класс",2
Направление подготовки 01.03.02 Прикладная математика и информатика,1,Прикладной анализ данных и искусственный интеллект,Всероссийская междисциплинарная олимпиада школьников 8-11 класса «Национальная технологическая олимпиада»,автоматизация бизнес-процессов,"математика и механика, компьютерные и информационные науки, информатика и вычислительная техника, информационная безопасность",информатика,75 и более,Право на 100 баллов,Победителям и призерам,"10, 11 класс",2
Направление подготовки 01.03.02 Прикладная математика и информатика,1,Прикладной анализ данных и искусственный интеллект,Всероссийская междисциплинарная олимпиада школьников 8-11 класса «Национальная технологическая олимпиада»,большие данные и машинное обучение,"математика и механика, компьютерные и информационные науки, информатика и вычислительная техника, информационная безопасность",информатика,75 и более,Право на прием БВИ,Победителям и призерам,"10, 11 класс",2
Направление подготовки 01.03.02 Прикладная математика и информатика,1,Прикладной анализ данных и искусственный интеллект,Всероссийская междисциплинарная олимпиада школьников 8-11 класса «Национальная технологическая олимпиада»,интеллектуальные робототехнические системы,"компьютерные и информационные науки, информатика и вычислительная техника, информационная безопасность",информатика,75 и более,Право на 100 баллов,Победителям и призерам,"10, 11 класс",2
Направление подготовки 01.03.02 Прикладная математика и информатика,1,Прикладной анализ данных и искусственный интеллект,Всероссийская междисциплинарная олимпиада школьников 8-11 класса «Национальная технологическая олимпиада»,"виртуальные миры: разработка компьютерных игр, технологии виртуальной реальности, технологии дополненной реальности, цифровые технологии в архитектуре","компьютерные и информационные науки, информатика и вычислительная техника, информационная безопасность",информатика,75 и более,Право на 100 баллов,Победителям и призерам,"10, 11 класс",3
Направление подготовки 01.03.02 Прикладная математика и информатика,1,Прикладной анализ данных и искусственный интеллект,Всероссийская междисциплинарная олимпиада школьников 8-11 класса «Национальная технологическая олимпиада»,искусственный интеллект,"математика и механика, компьютерные и информационные науки, информатика и вычислительная техника, информационная безопасность",информатика,75 и более,Право на прием БВИ,Победителям и призерам,"10, 11 класс",3
Направление подготовки 01.03.02 Прикладная математика и информатика,1,Прикладной анализ данных и искусственный интеллект,Всероссийская междисциплинарная олимпиада школьников 8-11 класса «Национальная технологическая олимпиада»,информационная безопасность,"компьютерные и информационные науки, информатика и вычислительная техника, информационная безопасность",информатика,75 и более,Право на 100 баллов,Победителям и призерам,"10, 11 класс",3
Направление подготовки 01.03.02 Прикладная математика и информатика,1,Прикладной анализ данных и искусственный интеллект,Уральского федерального университета,математика,математика,математика,75 и более,Право на 100 баллов,Победителям,11 класс,3
Направление подготовки 01.03.02 Прикладная математика и информатика,1,Прикладной анализ данных и искусственный интеллект,"Олимпиада школьников ""Покори Воробьёвы горы!""",математика,математика,математика,75 и более,Право на прием БВИ,Победителям и призерам,"10, 11 класс",3
Направление подготовки 01.03.02 Прикладная математика и информатика,1,Прикладной анализ данных и искусственный интеллект,«Формула Единства»/«Третье тысячелетие»,математика,математика,математика,75 и более,Право на прием БВИ,Победителям и призерам,"10, 11 класс",3
Направление подготовки 01.03.02 Прикладная математика и информатика,1,Прикладной анализ данных и искусственный интеллект,Вузовско-академическая олимпиада по информатике,информатика,информатика,информатика,75 и более,Право на 100 баллов,Победителям и Призерам,"10, 11 класс",3
Направление подготовки 01.03.02 Прикладная математика и информатика,1,Прикладной анализ данных и искусственный интеллект,Олимпиада Курчатов,математика,математика,математика,75 и более,Право на прием БВИ,Победителям,11 класс,3
Направление подготовки 01.03.02 Прикладная математика и информатика,1,Прикладной анализ данных и искусственный интеллект,Олимпиада Курчатов,математика,математика,математика,75 и более,Право на 100 баллов,Призерам,11 класс,3
Направление подготовки 01.03.02 Прикладная математика и информатика,1,Прикладной анализ данных и искусственный интеллект,Открытая олимпиада школьников,математика,математика,математика,75 и более,Право на 100 баллов,Победителям,11 класс,3
Направление подготовки 01.03.02 Прикладная математика и информатика,1,Прикладной анализ данных и искусственный интеллект,Турнир имени М.В. Ломоносова,математика,математика,математика,75 и более,Право на 100 баллов,Победителям и Призерам,"10, 11 класс",3
Направление подготовки 01.03.02 Прикладная математика и информатика,1,Прикладной анализ данных и искусственный интеллект,Открытая олимпиада школьников по программированию «Когнитивные технологии»,информатика,информатика,информатика,75 и более,Право на прием БВИ,Победителям,11 класс,3
Направление подготовки 01.03.02 Прикладная математика и информатика,1,Прикладной анализ данных и искусственный интеллект,Открытая олимпиада школьников по программированию «Когнитивные технологии»,информатика,информатика,информатика,75 и более,Право на 100 баллов,Победителям и призерам,"10, 11 класс",3
Направление подготовки 01.03.02 Прикладная математика и информатика,2,Прикладная математика и информатика,Всероссийская олимпиада школьников «Высшая проба»,математика,математика,математика,75 и более,Право на прием БВИ,Победителям и призерам,"10, 11 класс",3
Направление подготовки 01.03.02 Прикладная математика и информатика,2,Прикладная математика и информатика,Всероссийская олимпиада школьников «Высшая проба»,информатика,информатика,информатика,75 и более,Право на прием БВИ,Победителям и призерам,"10, 11 класс",3
Направление подготовки 01.03.02 Прикладная математика и информатика,2,Прикладная математика и информатика,Всероссийская олимпиада школьников «Высшая проба»,анализ данных,"компьютерные и информационные науки, информатика и вычислительная техника",математика,75 и более,Право на прием БВИ,Победителям и призерам,"10, 11 класс",3
Направление подготовки 01.03.02 Прикладная математика и информатика,2,Прикладная математика и информатика,Всероссийская олимпиада школьников «Высшая проба»,промышленное программирование,"компьютерные и информационные науки, информатика и вычислительная техника",информатика,75 и более,Право на прием БВИ,Победителям и призерам,11 класс,3
Направление подготовки 01.03.02 Прикладная математика и информатика,2,Прикладная математика и информатика,Всероссийская олимпиада школьников «Высшая проба»,русский язык,русский язык,русский язык,75 и более,Право на 100 баллов,Победителям и призерам,"10, 11 класс",3
Направление подготовки 01.03.02 Прикладная математика и информатика,2,Прикладная математика и информатика,Олимпиада школьников Санкт-Петербургского государственного университета,математика,математика,математика,75 и более,Право на прием БВИ,Победителям и призерам,"10, 11 класс",3
Направление подготовки 01.03.02 Прикладная математика и информатика,2,Прикладная математика и информатика,Олимпиада школьников Санкт-Петербургского государственного университета,информатика,информатика,информатика,75 и более,Право на прием БВИ,Победителям и призерам,"10, 11 класс",3
Направление подготовки 01.03.02 Прикладная математика и информатика,2,Прикладная математика и информатика,Всероссийская олимпиада по искусственному интеллекту,искусственный интеллект,информатика,информатика,75 и более,Право на прием БВИ,Победителям и призерам,"10, 11 класс",3
Направление подготовки 01.03.02 Прикладная математика и информатика,2,Прикладная математика и информатика,Турнир городов,математика,математика,математика,75 и более,Право на прием БВИ,Победителям и призерам,"10, 11 класс",3
Направление подготовки 01.03.02 Прикладная математика и информатика,2,Прикладная математика и информатика,Санкт-Петербургская олимпиада школьников,математика,математика,математика,75 и более,Право на прием БВИ,Победителям и призерам,"10, 11 класс",3
Направление подготовки 01.03.02 Прикладная математика и информатика,2,Прикладная математика и информатика,Московская олимпиада школьников,математика,математика,математика,75 и более,Право на прием БВИ,Победителям,"10, 11 класс",3
Направление подготовки 01.03.02 Прикладная математика и информатика,2,Прикладная математика и информатика,Московская олимпиада школьников,математика,математика,математика,75 и более,Право на 100 баллов,Призерам,"10, 11 класс",4
Направление подготовки 01.03.02 Прикладная математика и информатика,2,Прикладная математика и информатика,Московская олимпиада школьников,информатика,информатика,информатика,75 и более,Право на прием БВИ,Победителям,"10, 11 класс",4
Направление подготовки 01.03.02 Прикладная математика и информатика,2,Прикладная математика и информатика,Московская олимпиада школьников,информатика,информатика,информатика,75 и более,Право на 100 баллов,Призерам,"10, 11 класс",4
Направление подготовки 01.03.02 Прикладная математика и информатика,2,Прикладная математика и информатика,Олимпиада школьников «Ломоносов»,математика,математика,математика,75 и более,Право на прием БВИ,Победителям,"10, 11 класс",4
Направление подготовки 01.03.02 Прикладная математика и информатика,2,Прикладная математика и информатика,Олимпиада школьников «Ломоносов»,математика,математика,математика,75 и более,Право на 100 баллов,Призерам,"10, 11 класс",4
Направление подготовки 01.03.02 Прикладная математика и информатика,2,Прикладная математика и информатика,Олимпиада школьников «Ломоносов»,информатика,информатика,информатика,75 и более,Право на прием БВИ,Победителям и призерам,"10, 11 класс",4
Направление подготовки 01.03.02 Прикладная математика и информатика,2,Прикладная математика и информатика,Олимпиада школьников «Ломоносов»,русский язык,русский язык,русский язык,75 и более,Право на 100 баллов,Победителям и призерам,"10, 11 класс",4
Направление подготовки 01.03.02 Прикладная математика и информатика,2,Прикладная математика и информатика,Олимпиада Юношеской математической школы,математика,математика,математика,75 и более,Право на прием БВИ,Победителям,"10, 11 класс",4
Направление подготовки 01.03.02 Прикладная математика и информатика,2,Прикладная математика и информатика,Олимпиада Юношеской математической школы,математика,математика,математика,75 и более,Право на 100 баллов,Призерам,"10, 11 класс",4
Направление подготовки 01.03.02 Прикладная математика и информатика,2,Прикладная математика и информатика,Всесибирская открытая олимпиада школьников,математика,математика,математика,75 и более,Право на 100 баллов,Победителям и призерам,"10, 11 класс",4
Направление подготовки 01.03.02 Прикладная математика и информатика,2,Прикладная математика и информатика,Всесибирская открытая олимпиада школьников,информатика,информатика,информатика,75 и более,Право на прием БВИ,Победителям и призерам,11 класс,4
Направление подготовки 01.03.02 Прикладная математика и информатика,2,Прикладная математика и информатика,Отраслевая физико-математическая олимпиада школьников «Росатом»,математика,математика,математика,75 и более,Право на 100 баллов,Победителям,"10, 11 класс",4
Направление подготовки 01.03.02 Прикладная математика и информатика,2,Прикладная математика и информатика,Олимпиада школьников «Физтех»,математика,математика,математика,75 и более,Право на 100 баллов,Победителям,"10, 11 класс",4
Направление подготовки 01.03.02 Прикладная математика и информатика,2,Прикладная математика и информатика,Олимпиада школьников «Физтех»,математика,математика,математика,75 и более,Право на 100 баллов,Призерам,11 класс,4
Направление подготовки 01.03.02 Прикладная математика и информатика,2,Прикладная математика и информатика,Объединенная межвузовская олимпиада школьников,математика,математика,математика,75 и более,Право на 100 баллов,Победителям и призерам,"10, 11 класс",4
Направление подготовки 01.03.02 Прикладная математика и информатика,2,Прикладная математика и информатика,Открытая олимпиада школьников по программированию,информатика,информатика,информатика,75 и более,Право на прием БВИ,Победителям и призерам,"10, 11 класс",4
Направление подготовки 01.03.02 Прикладная математика и информатика,2,Прикладная математика и информатика,Международная олимпиада «Innopolis Open»,математика,математика,математика,75 и более,Право на прием БВИ,Победителям и призерам,"10, 11 класс",4
Направление подготовки 01.03.02 Прикладная математика и информатика,2,Прикладная математика и информатика,Международная олимпиада «Innopolis Open»,информатика,информатика,информатика,75 и более,Право на прием БВИ,Победителям и призерам,"10, 11 класс",4
Направление подготовки 01.03.02 Прикладная математика и информатика,2,Прикладная математика и информатика,Олимпиада школьников по программированию «ТехноКубок»,информатика,информатика,информатика,75 и более,Право на прием БВИ,Победителям и призерам,"10, 11 класс",4
Направление подготовки 01.03.02 Прикладная математика и информатика,2,Прикладная математика и информатика,Олимпиада школьников по информатике и программированию,информатика,информатика,информатика,75 и более,Право на прием БВИ,Победителям,"10, 11 класс",4
Направление подготовки 01.03.02 Прикладная математика и информатика,2,Прикладная математика и информатика,Олимпиада школьников по информатике и программированию,информатика,информатика,информатика,75 и более,Право на 100 баллов,Призерам,"10, 11 класс",4
Направление подготовки 01.03.02 Прикладная математика и информатика,2,Прикладная математика и информатика,Всероссийская междисциплинарная олимпиада школьников 8-11 класса «Национальная технологическая олимпиада»,автоматизация бизнес-процессов,"математика и механика, компьютерные и информационные науки, информатика и вычислительная техника, информационная безопасность",информатика,75 и более,Право на 100 баллов,Победителям и призерам,"10, 11 класс",4
Направление подготовки 01.03.02 Прикладная математика и информатика,2,Прикладная математика и информатика,Всероссийская междисциплинарная олимпиада школьников 8-11 класса «Национальная технологическая олимпиада»,большие данные и машинное обучение,"математика и механика, компьютерные и информационные науки, информатика и вычислительная техника, информационная безопасность",информатика,75 и более,Право на 100 баллов,Победителям и призерам,"10, 11 класс",4
Направление подготовки 01.03.02 Прикладная математика и информатика,2,Прикладная математика и информатика,Всероссийская междисциплинарная олимпиада школьников 8-11 класса «Национальная технологическая олимпиада»,интеллектуальные робототехнические системы,"компьютерные и информационные науки, информатика и вычислительная техника, информационная безопасность",информатика,75 и более,Право на 100 баллов,Победителям и призерам,"10, 11 класс",4
Направление подготовки 01.03.02 Прикладная математика и информатика,2,Прикладная математика и информатика,Всероссийская междисциплинарная олимпиада школьников 8-11 класса «Национальная технологическая олимпиада»,"виртуальные миры: разработка компьютерных игр, технологии виртуальной реальности, технологии дополненной реальности, цифровые технологии в архитектуре","компьютерные и информационные науки, информатика и вычислительная техника, информационная безопасность",информатика,75 и более,Право на 100 баллов,Победителям и призерам,"10, 11 класс",4
Направление подготовки 01.03.02 Прикладная математика и информатика,2,Прикладная математика и информатика,Всероссийская междисциплинарная олимпиада школьников 8-11 класса «Национальная технологическая олимпиада»,искусственный интеллект,"математика и механика, компьютерные и информационные науки, информатика и вычислительная техника, информационная безопасность",информатика,75 и более,Право на 100 баллов,Победителям и призерам,"10, 11 класс",5
Направление подготовки 01.03.02 Прикладная математика и информатика,2,Прикладная математика и информатика,Всероссийская междисциплинарная олимпиада школьников 8-11 класса «Национальная технологическая олимпиада»,информационная безопасность,"компьютерные и информационные науки, информатика и вычислительная техника, информационная безопасность",информатика,75 и более,Право на 100 баллов,Победителям и призерам,"10, 11 класс",5
Направление подготовки 01.03.02 Прикладная математика и информатика,2,Прикладная математика и информатика,"Олимпиада школьников ""Покори Воробьёвы горы!""",математика,математика,математика,75 и более,Право на прием БВИ,Победителям,"10, 11 класс",5
Направление подготовки 01.03.02 Прикладная математика и информатика,2,Прикладная математика и информатика,"Олимпиада школьников ""Покори Воробьёвы горы!""",математика,математика,математика,75 и более,Право на 100 баллов,Призерам,"10, 11 класс",5
Направление подготовки 01.03.02 Прикладная математика и информатика,2,Прикладная математика и информатика,«Формула Единства»/«Третье тысячелетие»,математика,математика,математика,75 и более,Право на прием БВИ,Победителям,"10, 11 класс",5
Направление подготовки 01.03.02 Прикладная математика и информатика,2,Прикладная математика и информатика,«Формула Единства»/«Третье тысячелетие»,математика,математика,математика,75 и более,Право на 100 баллов,Призерам,"10, 11 класс",5
Направление подготовки 01.03.02 Прикладная математика и информатика,2,Прикладная математика и информатика,Вузовско-академическая олимпиада по информатике,информатика,информатика,информатика,75 и более,Право на прием БВИ,Победителям и Призерам,"10, 11 класс",5
Направление подготовки 01.03.02 Прикладная математика и информатика,2,Прикладная математика и информатика,Турнир имени М.В. Ломоносова,математика,математика,математика,75 и более,Право на 100 баллов,Победителям и Призерам,"10, 11 класс",5
Направление подготовки 01.03.02 Прикладная математика и информатика,2,Прикладная математика и информатика,Олимпиада Курчатов,математика,математика,математика,75 и более,Право на прием БВИ,Победителям,11 класс,5
Направление подготовки 01.03.02 Прикладная математика и информатика,2,Прикладная математика и информатика,Олимпиада Курчатов,математика,математика,математика,75 и более,Право на 100 баллов,Призерам,11 класс,5
Направление подготовки 01.03.02 Прикладная математика и информатика,2,Прикладная математика и информатика,Открытая олимпиада школьников,математика,математика,математика,75 и более,Право на 100 баллов,Победителям,11 класс,5
Направление подготовки 01.03.02 Прикладная математика и информатика,2,Прикладная математика и информатика,Открытая олимпиада школьников по программированию «Когнитивные технологии»,информатика,информатика,информатика,75 и более,Право на прием БВИ,Победителям,11 класс,5
Направление подготовки 01.03.02 Прикладная математика и информатика,2,Прикладная математика и информатика,Открытая олимпиада школьников по программированию «Когнитивные технологии»,информатика,информатика,информатика,75 и более,Право на 100 баллов,Победителям и призерам,"10, 11 класс",5
Направление подготовки 03.03.02 Физика,3,Физика,Московская олимпиада школьников,астрономия,физика,физика,75 и более,Право на прием БВИ,Победителям и призерам,"10, 11 класс",5
Направление подготовки 03.03.02 Физика,3,Физика,Московская олимпиада школьников,физика,физика,физика,75 и более,Право на прием БВИ,Победителям и призерам,"10, 11 класс",5
Направление подготовки 03.03.02 Физика,3,Физика,Московская олимпиада школьников,вероятность и статистика,математика,математика,75 и более,Право на прием БВИ,Победителям и призерам,"10, 11 класс",5
Направление подготовки 03.03.02 Физика,3,Физика,Московская олимпиада школьников,математика,математика,математика,75 и более,Право на прием БВИ,Победителям и призерам,"10, 11 класс",5
Направление подготовки 03.03.02 Физика,3,Физика,Всероссийская олимпиада школьников «Высшая проба»,физика,физика,физика,75 и более,Право на прием БВИ,Победителям и призерам,11 класс,5
Направление подготовки 03.03.02 Физика,3,Физика,Всероссийская олимпиада школьников «Высшая проба»,математика,математика,математика,75 и более,Право на прием БВИ,Победителям и призерам,11 класс,5
Направление подготовки 03.03.02 Физика,3,Физика,Городская открытая олимпиада школьников по физике,физика,физика,физика,75 и более,Право на прием БВИ,Победителям и призерам,"10, 11 класс",5
Направление подготовки 03.03.02 Физика,3,Физика,Отраслевая физико-математическая олимпиада школьников «Росатом»,физика,физика,физика,75 и более,Право на прием БВИ,Победителям и призерам,11 класс,5
Направление подготовки 03.03.02 Физика,3,Физика,Отраслевая физико-математическая олимпиада школьников «Росатом»,математика,математика,математика,75 и более,Право на прием БВИ,Победителям и призерам,11 класс,5
Направление подготовки 03.03.02 Физика,3,Физика,Олимпиада школьников «Физтех»,физика,физика,физика,75 и более,Право на прием БВИ,Победителям и призерам,11 класс,5
Направление подготовки 03.03.02 Физика,3,Физика,Олимпиада школьников «Физтех»,научно-технический,"математика, физика",физика,76 и более,Право на прием БВИ,Победителям и призерам,11 класс,5
Направление подготовки 03.03.02 Физика,3,Физика,Олимпиада школьников «Физтех»,инженерное дело,физика,физика,77 и более,Право на прием БВИ,Победителям и призерам,11 класс,5
Направление подготовки 03.03.02 Физика,3,Физика,Олимпиада школьников «Физтех»,математика,математика,математика,75 и более,Право на прием БВИ,Победителям и призерам,11 класс,5
Направление подготовки 03.03.02 Физика,3,Физика,Всесибирская открытая олимпиада школьников,физика,физика,физика,75 и более,Право на прием БВИ,Победителям и призерам,11 класс,5
Направление подготовки 03.03.02 Физика,3,Физика,Всесибирская открытая олимпиада школьников,математика,математика,математика,75 и более,Право на прием БВИ,Победителям и призерам,11 класс,5
Направление подготовки 03.03.02 Физика,3,Физика,Санкт-Петербургская астрономическая олимпиада,астрономия,"астрономия, физика",физика,75 и более,Право на прием БВИ,Победителям и призерам,"10, 11 класс",5
Направление подготовки 03.03.02 Физика,3,Физика,Олимпиада школьников Санкт-Петербургского государственного университета,физика,физика,физика,75 и более,Право на прием БВИ,Победителям и призерам,11 класс,6
Направление подготовки 03.03.02 Физика,3,Физика,Олимпиада школьников Санкт-Петербургского государственного университета,математика,математика,математика,75 и более,Право на прием БВИ,Победителям и призерам,11 класс,6
Направление подготовки 03.03.02 Физика,3,Физика,Санкт-Петербургская олимпиада школьников,математика,математика,математика,75 и более,Право на прием БВИ,Победителям и призерам,"10, 11 класс",6
Направление подготовки 03.03.02 Физика,3,Физика,Турнир городов,математика,математика,математика,75 и более,Право на прием БВИ,Победителям и призерам,"10, 11 класс",6
Направление подготовки 03.03.02 Физика,3,Физика,Олимпиада школьников «Ломоносов»,математика,математика,математика,75 и более,Право на прием БВИ,Победителям и призерам,11 класс,6
Направление подготовки 03.03.02 Физика,3,Физика,Олимпиада школьников «Ломоносов»,космонавтика,математика,математика,75 и более,Право на прием БВИ,Победителям и призерам,11 класс,6
Направление подготовки 03.03.02 Физика,3,Физика,Олимпиада школьников «Ломоносов»,механика и математическое моделирование,математика,математика,75 и более,Право на прием БВИ,Победителям и призерам,11 класс,6
Направление подготовки 03.03.02 Физика,3,Физика,Олимпиада школьников «Ломоносов»,физика,физика,физика,75 и более,Право на прием БВИ,Победителям и призерам,11 класс,6
Направление подготовки 03.03.02 Физика,3,Физика,Олимпиада Юношеской математической школы,математика,математика,математика,75 и более,Право на прием БВИ,Победителям и призерам,"10, 11 класс",6
Направление подготовки 03.03.02 Физика,3,Физика,«Формула Единства» / «Третье тысячелетие»,математика,математика,математика,75 и более,Право на прием БВИ,Победителям и призерам,11 класс,6
Направление подготовки 03.03.02 Физика,3,Физика,Международная олимпиада «Innopolis Open»,математика,математика,математика,75 и более,Право на прием БВИ,Победителям и призерам,11 класс,6
Направление подготовки 03.03.02 Физика,3,Физика,Межрегиональная олимпиада школьников имени И.Я. Верченко,математика,математика,математика,75 и более,Право на прием БВИ,Победителям и призерам,11 класс,6
Направление подготовки 03.03.02 Физика,3,Физика,Инженерная олимпиада школьников,физика,физика,физика,75 и более,Право на прием БВИ,Победителям и призерам,"10, 11 класс",6
Направление подготовки 03.03.02 Физика,3,Физика,Интернет-олимпиада школьников по физике,физика,физика,физика,75 и более,Право на прием БВИ,Победителям и призерам,11 класс,6
Направление подготовки 03.03.02 Физика,3,Физика,Олимпиада школьников «Покори Воробьевы горы!»,физика,физика,физика,75 и более,Право на прием БВИ,Победителям и призерам,"10, 11 класс",6
Направление подготовки 03.03.02 Физика,3,Физика,Олимпиада школьников «Покори Воробьевы горы!»,математика,математика,математика,75 и более,Право на прием БВИ,Победителям и призерам,"10, 11 класс",6
Направление подготовки 03.03.02 Физика,3,Физика,Олимпиада школьников «Робофест»,физика,физика,физика,75 и более,Право на прием БВИ,Победителям и призерам,11 класс,6
Направление подготовки 03.03.02 Физика,3,Физика,Олимпиада школьников «Шаг в будущее»,инженерное дело,физика,физика,75 и более,Право на прием БВИ,Победителям и призерам,11 класс,6
Направление подготовки 03.03.02 Физика,3,Физика,Олимпиада школьников «Шаг в будущее»,физика,физика,физика,75 и более,Право на прием БВИ,Победителям и призерам,11 класс,6
Направление подготовки 03.03.02 Физика,3,Физика,Открытая межвузовская олимпиада школьников Сибирского федерального округа «Будущее Сибири»,физика,физика,физика,75 и более,Право на прием БВИ,Победителям и призерам,11 класс,6
Направление подготовки 03.03.02 Физика,3,Физика,Твой путь в настоящую науку,физика,физика,физика,75 и более,Право на прием БВИ,Победителям и призерам,11 класс,6
Направление подготовки 03.03.02 Физика,3,Физика,Турнир имени М.В. Ломоносова,математика,математика,математика,75 и более,Право на прием БВИ,Победителям и призерам,11 класс,6
Направление подготовки 03.03.02 Физика,3,Физика,Турнир имени М.В. Ломоносова,физика,физика,физика,75 и более,Право на прием БВИ,Победителям и призерам,11 класс,6
Направление подготовки 03.03.02 Физика,3,Физика,Университетская олимпиада школьников «Бельчонок»,математика,математика,математика,75 и более,Право на 100 баллов,Победителям,11 класс,6
Направление подготовки 03.03.02 Физика,3,Физика,Университетская олимпиада школьников «Бельчонок»,физика,физика,физика,75 и более,Право на 100 баллов,Победителям,11 класс,6
Направление подготовки 03.03.02 Физика,3,Физика,Отраслевая олимпиада школьников «Газпром»,инженерное дело,физика,физика,75 и более,Право на 100 баллов,Победителям,11 класс,6
Направление подготовки 03.03.02 Физика,3,Физика,Олимпиада школьников «Надежда энергетики»,физика,физика,физика,75 и более,Право на 100 баллов,Победителям,11 класс,6
Направление подготовки 03.03.02 Физика,3,Физика,Объединенная межвузовская олимпиада школьников,математика,математика,математика,75 и более,Право на прием БВИ,Победителям и призерам,11 класс,6
Направление подготовки 03.03.02 Физика,3,Физика,Объединенная межвузовская олимпиада школьников,физика,физика,физика,75 и более,Право на 100 баллов,Победителям,11 класс,6
Направление подготовки 03.03.02 Физика,3,Физика,Межрегиональная олимпиада школьников на базе ведомственных образовательных организаций,физика,физика,физика,75 и более,Право на 100 баллов,Победителям,11 класс,6
Направление подготовки 03.03.02 Физика,3,Физика,Международная олимпиада школьников Уральского федерального университета «Изумруд»,физика,физика,физика,75 и более,Право на 100 баллов,Победителям,11 класс,7
Направление подготовки 03.03.02 Физика,3,Физика,Межрегиональная олимпиада школьников «Будущие исследователи - будущее науки»,физика,физика,физика,75 и более,Право на 100 баллов,Победителям,11 класс,7
Направление подготовки 03.03.02 Физика,3,Физика,Открытая олимпиада школьников,физика,физика,физика,75 и более,Право на 100 баллов,Победителям,11 класс,7
Направление подготовки 03.03.02 Физика,3,Физика,Открытая олимпиада школьников,математика,математика,математика,75 и более,Право на 100 баллов,Победителям,11 класс,7
Направление подготовки 03.03.02 Физика,3,Физика,Олимпиада Курчатов,физика,физика,физика,75 и более,Право на прием БВИ,Победителям и призерам,11 класс,7
Направление подготовки 03.03.02 Физика,3,Физика,Олимпиада Курчатов,математика,математика,математика,75 и более,Право на прием БВИ,Победителям и призерам,11 класс,7
Направление подготовки 03.03.02 Физика,3,Физика,Всероссийская междисциплинарная олимпиада школьников 8–11 класса «Национальная технологическая олимпиада»,ядерные технологии,"фотоника, приборостроение, оптические и биотехнические системы и технологии, ядерная энергетика и технологии, машиностроение, управление в технических системах",физика,75 и более,Право на прием БВИ,Победителям и призерам,11 класс,7
Направление подготовки 07.03.01 Архитектура,4,Архитектура,Всероссийская олимпиада школьников «Высшая проба»,математика,математика,математика,75 и более,Право на 100 баллов,Победителям и призерам,11 класс,7
Направление подготовки 07.03.01 Архитектура,4,Архитектура,Всесибирская открытая олимпиада школьников,математика,математика,математика,75 и более,Право на 100 баллов,Победителям и призерам,11 класс,7
Направление подготовки 07.03.01 Архитектура,4,Архитектура,Межрегиональная олимпиада школьников «Будущие исследователи - будущее науки»,математика,математика,математика,75 и более,Право на 100 баллов,Победителям,11 класс,7
Направление подготовки 07.03.01 Архитектура,4,Архитектура,Межрегиональная олимпиада школьников имени И.Я. Верченко,математика,математика,математика,75 и более,Право на 100 баллов,Победителям и призерам,11 класс,7
Направление подготовки 07.03.01 Архитектура,4,Архитектура,Объединенная межвузовская олимпиада школьников,математика,математика,математика,75 и более,Право на 100 баллов,Победителям и призерам,11 класс,7
Направление подготовки 07.03.01 Архитектура,4,Архитектура,«Формула Единства»/«Третье тысячелетие»,математика,математика,математика,75 и более,Право на 100 баллов,Победителям и призерам,11 класс,7
Направление подготовки 07.03.01 Архитектура,4,Архитектура,Олимпиада Курчатов,математика,математика,математика,75 и более,Право на 100 баллов,Победителям и призерам,11 класс,7
Направление подготовки 07.03.01 Архитектура,4,Архитектура,Международная олимпиада «Innopolis Open»,математика,математика,математика,75 и более,Право на 100 баллов,Победителям,11 класс,7
Направление подготовки 07.03.01 Архитектура,4,Архитектура,Олимпиада школьников «Физтех»,математика,математика,математика,75 и более,Право на 100 баллов,Победителям и призерам,11 класс,7
Направление подготовки 07.03.01 Архитектура,4,Архитектура,Олимпиада школьников «Шаг в будущее»,математика,математика,математика,75 и более,Право на 100 баллов,Победителям,11 класс,7
Направление подготовки 07.03.01 Архитектура,4,Архитектура,Олимпиада школьников по информатике и программированию,информатика,информатика,математика,75 и более,Право на 100 баллов,Победителям и призерам,11 класс,7
Направление подготовки 07.03.01 Архитектура,4,Архитектура,Открытая олимпиада школьников,математика,математика,математика,75 и более,Право на 100 баллов,Победителям,11 класс,7
Направление подготовки 07.03.01 Архитектура,4,Архитектура,Открытая олимпиада школьников,информатика,информатика,математика,75 и более,Право на 100 баллов,Победителям,11 класс,7
Направление подготовки 07.03.01 Архитектура,4,Архитектура,Университетская олимпиада школьников «Бельчонок»,информатика,информатика,математика,75 и более,Право на 100 баллов,Победителям,11 класс,7
Направление подготовки 07.03.01 Архитектура,4,Архитектура,Университетская олимпиада школьников «Бельчонок»,математика,математика,математика,75 и более,Право на 100 баллов,Победителям,11 класс,7
Направление подготовки 09.03.01 Информатика и вычислительная техника,5,"Компьютерные технологии, системы и сети",Всероссийская олимпиада школьников «Высшая проба»,инженерные науки,"информационная безопасность, информатика и вычислительная техника",информатика,75 и более,Право на прием БВИ,Победителям и призерам,"10, 11 класс",7
Направление подготовки 09.03.01 Информатика и вычислительная техника,5,"Компьютерные технологии, системы и сети",Всероссийская олимпиада школьников «Высшая проба»,математика,математика,математика,75 и более,Право на прием БВИ,Победителям и призерам,"10, 11 класс",7
Направление подготовки 09.03.01 Информатика и вычислительная техника,5,"Компьютерные технологии, системы и сети",Всероссийская олимпиада школьников «Высшая проба»,информатика,информатика,информатика,75 и более,Право на прием БВИ,Победителям и призерам,"10, 11 класс",7
Направление подготовки 09.03.01 Информатика и вычислительная техника,5,"Компьютерные технологии, системы и сети",Всероссийская олимпиада школьников «Высшая проба»,русский язык,русский язык,русский язык,75 и более,Право на 100 баллов,Победителям и призерам,"10, 11 класс",7
Направление подготовки 09.03.01 Информатика и вычислительная техника,5,"Компьютерные технологии, системы и сети",Всероссийская олимпиада школьников «Высшая проба»,промышленное программирование,"компьютерные и информационные науки, информатика и вычислительная техника",информатика,75 и более,Право на прием БВИ,Победителям и призерам,11 класс,7
Направление подготовки 09.03.01 Информатика и вычислительная техника,5,"Компьютерные технологии, системы и сети",Всероссийская олимпиада школьников «Высшая проба»,анализ данных,"компьютерные и информационные науки, информатика и вычислительная техника",математика/информа тика,75 и более,Право на прием БВИ,Победителям и призерам,11 класс,8
Направление подготовки 09.03.01 Информатика и вычислительная техника,5,"Компьютерные технологии, системы и сети",Всесибирская открытая олимпиада школьников,математика,математика,математика,75 и более,Право на прием БВИ,Победителям и призерам,11 класс,8
Направление подготовки 09.03.01 Информатика и вычислительная техника,5,"Компьютерные технологии, системы и сети",Всесибирская открытая олимпиада школьников,информатика,информатика,информатика,75 и более,Право на прием БВИ,Победителям и призерам,11 класс,8
Направление подготовки 09.03.01 Информатика и вычислительная техника,5,"Компьютерные технологии, системы и сети",Межрегиональная олимпиада школьников имени И.Я. Верченко,математика,математика,математика,75 и более,Право на прием БВИ,Победителям и призерам,11 класс,8
Направление подготовки 09.03.01 Информатика и вычислительная техника,5,"Компьютерные технологии, системы и сети",Объединенная межвузовская олимпиада школьников,математика,математика,математика,75 и более,Право на прием БВИ,Победителям и призерам,11 класс,8
Направление подготовки 09.03.01 Информатика и вычислительная техника,5,"Компьютерные технологии, системы и сети",Всероссийская междисциплинарная олимпиада школьников 8-11 класса «Национальная технологическая олимпиада»,большие данные и машинное обучение,"математика и механика, компьютерные и информационные науки, информатика и вычислительная техника, информационная безопасность",математика,75 и более,Право на 100 баллов,Победителям и призерам,11 класс,8
Направление подготовки 09.03.01 Информатика и вычислительная техника,5,"Компьютерные технологии, системы и сети",Всероссийская междисциплинарная олимпиада школьников 8-11 класса «Национальная технологическая олимпиада»,искусственный интеллект,"математика и механика, компьютерные и информационные науки, информатика и вычислительная техника, информационная безопасность",информатика / математика,75 и более,Право на прием БВИ,Победителям и призерам,11 класс,8
Направление подготовки 09.03.01 Информатика и вычислительная техника,5,"Компьютерные технологии, системы и сети",Всероссийская междисциплинарная олимпиада школьников 8-11 класса «Национальная технологическая олимпиада»,технологии беспроводной связи,"компьютерные и информационные науки, информатика и вычислительная техника, информационная безопасность",информатика,75 и более,Право на прием БВИ,Победителям и призерам,11 класс,8
Направление подготовки 09.03.01 Информатика и вычислительная техника,5,"Компьютерные технологии, системы и сети",Всероссийская междисциплинарная олимпиада школьников 8-11 класса «Национальная технологическая олимпиада»,"виртуальные миры: разработка компьютерных игр, технологии виртуальной реальности, технологии дополненной реальности, цифровые технологии в архитектуре","компьютерные и информационные науки, информатика и вычислительная техника, информационная безопасность",информатика / математика,75 и более,Право на 100 баллов,Победителям и призерам,11 класс,8
Направление подготовки 09.03.01 Информатика и вычислительная техника,5,"Компьютерные технологии, системы и сети",Олимпиада Курчатов,математика,математика,математика,75 и более,Право на прием БВИ,Победителям и призерам,11 класс,8
Направление подготовки 09.03.01 Информатика и вычислительная техника,5,"Компьютерные технологии, системы и сети",Олимпиада школьников «Ломоносов»,математика,математика,математика,75 и более,Право на прием БВИ,Победителям и призерам,"10, 11 класс",8
Направление подготовки 09.03.01 Информатика и вычислительная техника,5,"Компьютерные технологии, системы и сети",Олимпиада школьников «Ломоносов»,механика и математическое моделирование,математика и механика,математика,75 и более,Право на прием БВИ,Победителям и призерам,11 класс,8
Направление подготовки 09.03.01 Информатика и вычислительная техника,5,"Компьютерные технологии, системы и сети",Олимпиада школьников «Ломоносов»,русский язык,русский язык,русский язык,75 и более,Право на 100 баллов,Победителям и призерам,"10, 11 класс",8
Направление подготовки 09.03.01 Информатика и вычислительная техника,5,"Компьютерные технологии, системы и сети",Олимпиада школьников «Ломоносов»,информатика,информатика,информатика,75 и более,Право на прием БВИ,Победителям и призерам,11 класс,8
Направление подготовки 09.03.01 Информатика и вычислительная техника,5,"Компьютерные технологии, системы и сети",Олимпиада школьников «Ломоносов»,математика,математика,математика,75 и более,Право на прием БВИ,Победителям и призерам,"10, 11 класс",8
Направление подготовки 09.03.01 Информатика и вычислительная техника,5,"Компьютерные технологии, системы и сети",Олимпиада школьников «Физтех»,математика,математика,математика,75 и более,Право на прием БВИ,Победителям и призерам,"10, 11 класс",8
Направление подготовки 09.03.01 Информатика и вычислительная техника,5,"Компьютерные технологии, системы и сети",Олимпиада школьников «Шаг в будущее»,инженерное дело,"компьютерные и информационные науки, информатика и вычислительная техника, информационная безопасность",информатика,75 и более,Право на прием БВИ,Победителям и призерам,11 класс,8
Направление подготовки 09.03.01 Информатика и вычислительная техника,5,"Компьютерные технологии, системы и сети",Олимпиада школьников «Шаг в будущее»,математика,математика,математика,75 и более,Право на прием БВИ,Победителям и призерам,11 класс,8
Направление подготовки 09.03.01 Информатика и вычислительная техника,5,"Компьютерные технологии, системы и сети",Олимпиада школьников Санкт-Петербургского государственного университета,математика,математика,математика,75 и более,Право на прием БВИ,Победителям и призерам,"10, 11 класс",9
Направление подготовки 09.03.01 Информатика и вычислительная техника,5,"Компьютерные технологии, системы и сети",Олимпиада школьников Санкт-Петербургского государственного университета,информатика,информатика,информатика,75 и более,Право на прием БВИ,Победителям и призерам,"10, 11 класс",9
Направление подготовки 09.03.01 Информатика и вычислительная техника,5,"Компьютерные технологии, системы и сети",Олимпиада Юношеской математической школы,математика,математика,математика,75 и более,Право на прием БВИ,Победителям и призерам,11 класс,9
Направление подготовки 09.03.01 Информатика и вычислительная техника,5,"Компьютерные технологии, системы и сети",Открытая олимпиада школьников,информатика,информатика,информатика,75 и более,Право на прием БВИ,Победителям и призерам,"10, 11 класс",9
Направление подготовки 09.03.01 Информатика и вычислительная техника,5,"Компьютерные технологии, системы и сети",Открытая олимпиада школьников,математика,математика,математика,75 и более,Право на прием БВИ,Победителям и призерам,11 класс,9
Направление подготовки 09.03.01 Информатика и вычислительная техника,5,"Компьютерные технологии, системы и сети",Отраслевая физико-математическая олимпиада школьников «Росатом»,математика,математика,математика,75 и более,Право на прием БВИ,Победителям и призерам,11 класс,9
Направление подготовки 09.03.01 Информатика и вычислительная техника,5,"Компьютерные технологии, системы и сети",Санкт-Петербургская олимпиада школьников,математика,математика,математика,75 и более,Право на прием БВИ,Победителям и призерам,"10, 11 класс",9
Направление подготовки 09.03.01 Информатика и вычислительная техника,5,"Компьютерные технологии, системы и сети",Турнир городов,математика,математика,математика,75 и более,Право на прием БВИ,Победителям и призерам,"10, 11 класс",9
Направление подготовки 09.03.01 Информатика и вычислительная техника,5,"Компьютерные технологии, системы и сети",Турнир имени М.В. Ломоносова,математика,математика,математика,75 и более,Право на прием БВИ,Победителям и призерам,11 класс,9
Направление подготовки 09.03.01 Информатика и вычислительная техника,5,"Компьютерные технологии, системы и сети",Вузовско-академическая олимпиада по информатике,информатика,информатика,информатика,75 и более,Право на прием БВИ,Победителям и призерам,11 класс,9
Направление подготовки 09.03.01 Информатика и вычислительная техника,5,"Компьютерные технологии, системы и сети",Олимпиада школьников по информатике и программированию,информатика,информатика,информатика,75 и более,Право на прием БВИ,Победителям и призерам,"10, 11 класс",9
Направление подготовки 09.03.01 Информатика и вычислительная техника,5,"Компьютерные технологии, системы и сети",Олимпиада школьников по программированию «ТехноКубок»,информатика,информатика,информатика,75 и более,Право на прием БВИ,Победителям и призерам,11 класс,9
Направление подготовки 09.03.01 Информатика и вычислительная техника,5,"Компьютерные технологии, системы и сети",Открытая олимпиада школьников по программированию,информатика,информатика,информатика,75 и более,Право на прием БВИ,Победителям и призерам,"10, 11 класс",9
Направление подготовки 09.03.01 Информатика и вычислительная техника,5,"Компьютерные технологии, системы и сети",Открытая олимпиада школьников по программированию «Когнитивные технологии»,информатика,информатика,информатика,75 и более,Право на прием БВИ,Победителям и призерам,11 класс,9
Направление подготовки 09.03.01 Информатика и вычислительная техника,5,"Компьютерные технологии, системы и сети",Всероссийская олимпиада по искусственному интеллекту (с возможностью участия иностранных обучающихся),искусственный интеллект,информатика,математика / информатика,75 и более,Право на прием БВИ,Победителям и призерам,11 класс,9
Направление подготовки 09.03.01 Информатика и вычислительная техника,5,"Компьютерные технологии, системы и сети",Московская олимпиада школьников,математика,математика,математика,75 и более,Право на прием БВИ,Победителям и призерам,"10, 11 класс",9
Направление подготовки 09.03.01 Информатика и вычислительная техника,5,"Компьютерные технологии, системы и сети",Московская олимпиада школьников,информатика,информатика,информатика,75 и более,Право на прием БВИ,Победителям и призерам,"10, 11 класс",9
Направление подготовки 09.03.01 Информатика и вычислительная техника,5,"Компьютерные технологии, системы и сети",Международная олимпиада школьников Уральского федерального университета «Изумруд»,математика,математика,математика,75 и более,Право на прием БВИ,Победителям,11 класс,9
Направление подготовки 09.03.01 Информатика и вычислительная техника,5,"Компьютерные технологии, системы и сети",Олимпиада школьников «Покори Воробьёвы горы!»,математика,математика,математика,75 и более,Право на прием БВИ,Победителям и призерам,"10, 11 класс",9
Направление подготовки 09.03.01 Информатика и вычислительная техника,5,"Компьютерные технологии, системы и сети",«Формула Единства»/«Третье тысячелетие»,математика,математика,математика,75 и более,Право на прием БВИ,Победителям,"10, 11 класс",9
Направление подготовки 09.03.01 Информатика и вычислительная техника,5,"Компьютерные технологии, системы и сети",«Формула Единства»/«Третье тысячелетие»,математика,математика,математика,75 и более,Право на 100 баллов,Призерам,"10, 11 класс",9
Направление подготовки 09.03.04 Программная инженерия,6,Программирование и инжиниринг компьютерных игр,Московская олимпиада школьников,информатика,информатика,информатика,75 и более,Право на прием БВИ,Победителям и призерам,"10, 11 класс",9
Направление подготовки 09.03.04 Программная инженерия,6,Программирование и инжиниринг компьютерных игр,Московская олимпиада школьников,математика,математика,математика,75 и более,Право на прием БВИ,Победителям и призерам,"10, 11 класс",9
Направление подготовки 09.03.04 Программная инженерия,6,Программирование и инжиниринг компьютерных игр,Московская олимпиада школьников,лингвистика,"русский язык, иностранный язык",русский язык,75 и более,Право на 100 баллов,Победителям и призерам,"10, 11 класс",9
Направление подготовки 09.03.04 Программная инженерия,6,Программирование и инжиниринг компьютерных игр,Всероссийская олимпиада школьников «Высшая проба»,информатика,информатика,информатика,75 и более,Право на прием БВИ,Победителям и призерам,"10, 11 класс",9
Направление подготовки 09.03.04 Программная инженерия,6,Программирование и инжиниринг компьютерных игр,Всероссийская олимпиада школьников «Высшая проба»,математика,математика,математика,75 и более,Право на прием БВИ,Победителям и призерам,"10, 11 класс",9
Направление подготовки 09.03.04 Программная инженерия,6,Программирование и инжиниринг компьютерных игр,Всероссийская олимпиада школьников «Высшая проба»,анализ данных,"информационные науки,",информатика,75 и более,Право на прием БВИ,Победителям и призерам,"10, 11 класс",10
Направление подготовки 09.03.04 Программная инженерия,6,Программирование и инжиниринг компьютерных игр,Всероссийская олимпиада школьников «Высшая проба»,промышленное программирование,"компьютерные и информационные науки, информатика и вычислительная техника",информатика,75 и более,Право на прием БВИ,Победителям и призерам,11 класс,10
Направление подготовки 09.03.04 Программная инженерия,6,Программирование и инжиниринг компьютерных игр,Всероссийская олимпиада школьников «Высшая проба»,русский язык,русский язык,русский язык,75 и более,Право на 100 баллов,Победителям и призерам,"10, 11 класс",10
Направление подготовки 09.03.04 Программная инженерия,6,Программирование и инжиниринг компьютерных игр,Олимпиада школьников Санкт-Петербургского государственного университета,информатика,информатика,информатика,75 и более,Право на прием БВИ,Победителям и призерам,"10, 11 класс",10
Направление подготовки 09.03.04 Программная инженерия,6,Программирование и инжиниринг компьютерных игр,Олимпиада школьников Санкт-Петербургского государственного университета,математика,математика,математика,75 и более,Право на прием БВИ,Победителям и призерам,"10, 11 класс",10
Направление подготовки 09.03.04 Программная инженерия,6,Программирование и инжиниринг компьютерных игр,Олимпиада школьников по информатике и программированию,информатика,информатика,информатика,75 и более,Право на прием БВИ,Победителям и призерам,"10, 11 класс",10
Направление подготовки 09.03.04 Программная инженерия,6,Программирование и инжиниринг компьютерных игр,Открытая олимпиада школьников по программированию,информатика,информатика,информатика,75 и более,Право на прием БВИ,Победителям и призерам,"10, 11 класс",10
Направление подготовки 09.03.04 Программная инженерия,6,Программирование и инжиниринг компьютерных игр,Вузовско-академическая олимпиада по информатике,информатика,информатика,информатика,75 и более,Право на прием БВИ,Победителям и призерам,"10, 11 класс",10
Направление подготовки 09.03.04 Программная инженерия,6,Программирование и инжиниринг компьютерных игр,интеллекту (с возможностью участия,искусственный интеллект,информатика,математика или информатика,75 и более,Право на прием БВИ,Победителям и призерам,"10, 11 класс",10
Направление подготовки 09.03.04 Программная инженерия,6,Программирование и инжиниринг компьютерных игр,Открытая олимпиада школьников,информатика,информатика,информатика,75 и более,Право на прием БВИ,Победителям и призерам,"10, 11 класс",10
Направление подготовки 09.03.04 Программная инженерия,6,Программирование и инжиниринг компьютерных игр,Открытая олимпиада школьников,математика,математика,математика,75 и более,Право на прием БВИ,Победителям,11 класс,10
Направление подготовки 09.03.04 Программная инженерия,6,Программирование и инжиниринг компьютерных игр,Олимпиада школьников по программированию «ТехноКубок»,информатика,информатика,информатика,75 и более,Право на прием БВИ,Победителям и призерам,11 класс,10
Направление подготовки 09.03.04 Программная инженерия,6,Программирование и инжиниринг компьютерных игр,Открытая олимпиада школьников по программированию «Когнитивные технологии»,информатика,информатика,информатика,75 и более,Право на прием БВИ,Победителям и призерам,11 класс,10
Направление подготовки 09.03.04 Программная инженерия,6,Программирование и инжиниринг компьютерных игр,Олимпиада школьников «Ломоносов»,информатика,информатика,информатика,75 и более,Право на прием БВИ,Победителям и призерам,11 класс,10
Направление подготовки 09.03.04 Программная инженерия,6,Программирование и инжиниринг компьютерных игр,Олимпиада школьников «Ломоносов»,математика,математика,математика,75 и более,Право на прием БВИ,Победителям и призерам,"10, 11 класс",10
Направление подготовки 09.03.04 Программная инженерия,6,Программирование и инжиниринг компьютерных игр,Олимпиада школьников «Ломоносов»,русский язык,русский язык,русский язык,75 и более,Право на 100 баллов,Победителям и призерам,"10, 11 класс",10
Направление подготовки 09.03.04 Программная инженерия,6,Программирование и инжиниринг компьютерных игр,Всесибирская открытая олимпиада школьников,информатика,информатика,информатика,75 и более,Право на прием БВИ,Победителям и призерам,11 класс,10
Направление подготовки 09.03.04 Программная инженерия,6,Программирование и инжиниринг компьютерных игр,Всесибирская открытая олимпиада школьников,математика,математика,математика,75 и более,Право на прием БВИ,Победителям и призерам,11 класс,10
Направление подготовки 09.03.04 Программная инженерия,6,Программирование и инжиниринг компьютерных игр,Олимпиада школьников «Шаг в будущее»,математика,математика,математика,75 и более,Право на прием БВИ,Победителям и призерам,11 класс,10
Направление подготовки 09.03.04 Программная инженерия,6,Программирование и инжиниринг компьютерных игр,Международная олимпиада «Innopolis Open»,информатика,информатика,информатика,75 и более,Право на прием БВИ,Победителям и призерам,"10, 11 класс",10
Направление подготовки 09.03.04 Программная инженерия,6,Программирование и инжиниринг компьютерных игр,Международная олимпиада «Innopolis Open»,математика,математика,математика,75 и более,Право на прием БВИ,Победителям и призерам,"10, 11 класс",10
Направление подготовки 09.03.04 Программная инженерия,6,Программирование и инжиниринг компьютерных игр,Олимпиада школьников «Покори Воробьевы горы!»,математика,математика,математика,75 и более,Право на прием БВИ,Победителям и призерам,"10, 11 класс",10
Направление подготовки 09.03.04 Программная инженерия,6,Программирование и инжиниринг компьютерных игр,Санкт-Петербургская олимпиада школьников,математика,математика,математика,75 и более,Право на прием БВИ,Победителям и призерам,"10, 11 класс",10
Направление подготовки 09.03.04 Программная инженерия,6,Программирование и инжиниринг компьютерных игр,Турнир городов,математика,математика,математика,75 и более,Право на прием БВИ,Победителям и призерам,"10, 11 класс",10
Направление подготовки 09.03.04 Программная инженерия,6,Программирование и инжиниринг компьютерных игр,Олимпиада школьников «Физтех»,математика,математика,математика,75 и более,Право на прием БВИ,Победителям и призерам,"10, 11 класс",10
Направление подготовки 09.03.04 Программная инженерия,6,Программирование и инжиниринг компьютерных игр,Отраслевая физико-математическая олимпиада школьников «Росатом»,математика,математика,математика,75 и более,Право на прием БВИ,Победителям и призерам,11 класс,10
Направление подготовки 09.03.04 Программная инженерия,6,Программирование и инжиниринг компьютерных игр,Объединенная межвузовская олимпиада школьников,математика,математика,математика,75 и более,Право на прием БВИ,Победителям и призерам,11 класс,10
Направление подготовки 09.03.04 Программная инженерия,6,Программирование и инжиниринг компьютерных игр,«Формула Единства»/«Третье тысячелетие»,математика,математика,математика,75 и более,Право на прием БВИ,Победителям,"10, 11 класс",10
Направление подготовки 09.03.04 Программная инженерия,6,Программирование и инжиниринг компьютерных игр,«Формула Единства»/«Третье тысячелетие»,математика,математика,математика,75 и более,Право на 100 баллов,призерам,"10, 11 класс",10
Направление подготовки 09.03.04 Программная инженерия,6,Программирование и инжиниринг компьютерных игр,Олимпиада Курчатов,математика,математика,математика,75 и более,Право на прием БВИ,Победителям и призерам,11 класс,11
Направление подготовки 09.03.04 Программная инженерия,6,Программирование и инжиниринг компьютерных игр,Межрегиональная олимпиада школьников имени И.Я. Верченко,математика,математика,математика,75 и более,Право на прием БВИ,Победителям и призерам,11 класс,11
Направление подготовки 09.03.04 Программная инженерия,6,Программирование и инжиниринг компьютерных игр,Турнир имени М.В. Ломоносова,математика,математика,математика,75 и более,Право на прием БВИ,Победителям и призерам,11 класс,11
Направление подготовки 09.03.04 Программная инженерия,6,Программирование и инжиниринг компьютерных игр,Турнир имени М.В. Ломоносова,лингвистика,"русский язык, иностранный язык, математика",русский язык,75 и более,Право на 100 баллов,Победителям и призерам,11 класс,11
Направление подготовки 09.03.04 Программная инженерия,6,Программирование и инжиниринг компьютерных игр,Олимпиада Юношеской математической школы,математика,математика,математика,75 и более,Право на прием БВИ,Победителям и призерам,11 класс,11
Направление подготовки 09.03.04 Программная инженерия,6,Программирование и инжиниринг компьютерных игр,Университетская олимпиада школьников «Бельчонок»,математика,математика,математика,75 и более,Право на 100 баллов,Победителям,11 класс,11
Направление подготовки 09.03.04 Программная инженерия,6,Программирование и инжиниринг компьютерных игр,Межрегиональные предметные олимпиады федерального государственного автономного образовательного учреждения высшего,математика,математика,математика,75 и более,Право на прием БВИ,Победителям,11 класс,11
Направление подготовки 09.03.04 Программная инженерия,6,Программирование и инжиниринг компьютерных игр,Межрегиональные предметные олимпиады федерального государственного автономного образовательного учреждения высшего,русский язык,русский язык,русский язык,75 и более,Право на 100 баллов,Победителям и призерам,11 класс,11
Направление подготовки 09.03.04 Программная инженерия,6,Программирование и инжиниринг компьютерных игр,Уральского федерального университета,математика,математика,математика,75 и более,Право на 100 баллов,Победителям,11 класс,11
Направление подготовки 09.03.04 Программная инженерия,6,Программирование и инжиниринг компьютерных игр,Уральского федерального университета,русский язык,русский язык,русский язык,75 и более,Право на 100 баллов,Победителям,11 класс,11
Направление подготовки 09.03.04 Программная инженерия,6,Программирование и инжиниринг компьютерных игр,Открытая региональная межвузовская олимпиада школьников (ОРМО) с международным участием,русский язык,русский язык,русский язык,75 и более,Право на 100 баллов,Победителям и призерам,11 класс,11
Направление подготовки 09.03.04 Программная инженерия,6,Программирование и инжиниринг компьютерных игр,Океан знаний,русский язык,русский язык,русский язык,75 и более,Право на 100 баллов,Победителям и призерам,11 класс,11
Направление подготовки 38.03.01 Экономика,7,Международная программа по бизнесу и экономике,"Всероссийская олимпиада школьников ""Высшая проба""",математика,математика,математика,75 и более,Право на прием БВИ,Победителям и призерам,"10, 11 класс",11
Направление подготовки 38.03.01 Экономика,7,Международная программа по бизнесу и экономике,"Всероссийская олимпиада школьников ""Высшая проба""",экономика,экономика,математика,75 и более,Право на прием БВИ,Победителям и призерам,"10, 11 класс",11
Направление подготовки 38.03.01 Экономика,7,Международная программа по бизнесу и экономике,"Всероссийская олимпиада школьников ""Высшая проба""",обществознание,обществознание,обществознание,75 и более,Право на прием БВИ,Победителям и призерам,"10, 11 класс",11
Направление подготовки 38.03.01 Экономика,7,Международная программа по бизнесу и экономике,"Всероссийская олимпиада школьников ""Высшая проба""",финансовая грамотность,экономика,математика,75 и более,Право на прием БВИ,Победителям и призерам,"10, 11 класс",11
Направление подготовки 38.03.01 Экономика,7,Международная программа по бизнесу и экономике,"Всероссийская олимпиада школьников ""Высшая проба""",основы бизнеса,экономика и управление,математика,75 и более,Право на прием БВИ,Победителям и призерам,"10, 11 класс",11
Направление подготовки 38.03.01 Экономика,7,Международная программа по бизнесу и экономике,"Всероссийская олимпиада школьников ""Высшая проба""",русский язык,русский язык,русский язык,75 и более,Право на 100 баллов,Победителям и призерам,"10, 11 класс",11
Направление подготовки 38.03.01 Экономика,7,Международная программа по бизнесу и экономике,"Всероссийская олимпиада школьников ""Высшая проба""",анализ данных,"компьютерные и информационные науки, информатика и вычислительная техника",математика,75 и более,Право на прием БВИ,Победителям и призерам,"10, 11 класс",11
Направление подготовки 38.03.01 Экономика,7,Международная программа по бизнесу и экономике,"Всероссийская олимпиада школьников ""Высшая проба""",иностранные языки,иностранный язык,иностранный язык,75 и более,Право на 100 баллов,Победителям и призерам,"10, 11 класс",11
Направление подготовки 38.03.01 Экономика,7,Международная программа по бизнесу и экономике,"Всероссийская олимпиада школьников ""Миссия выполнима. Твое призвание - финансист!""",экономика,экономика,математика,75 и более,Право на прием БВИ,Победителям и призерам,11 класс,11
Направление подготовки 38.03.01 Экономика,7,Международная программа по бизнесу и экономике,"Всероссийская олимпиада школьников ""Миссия выполнима. Твое призвание - финансист!""",обществознание,обществознание,обществознание,75 и более,Право на прием БВИ,Победителям и призерам,11 класс,11
Направление подготовки 38.03.01 Экономика,7,Международная программа по бизнесу и экономике,Олимпиада по экономике в рамках международного экономического фестиваля школьников «Сибириада. Шаг в мечту»,экономика,экономика,математика,75 и более,Право на прием БВИ,Победителям и призерам,11 класс,11
Направление подготовки 38.03.01 Экономика,7,Международная программа по бизнесу и экономике,Международная олимпиада школьников Уральского федерального университета «Изумруд»,математика,математика,математика,75 и более,Право на 100 баллов,Победителям и призерам,11 класс,11
Направление подготовки 38.03.01 Экономика,7,Международная программа по бизнесу и экономике,Международная олимпиада школьников Уральского федерального университета «Изумруд»,обществознание,обществознание,обществознание,75 и более,Право на 100 баллов,Победителям и призерам,11 класс,11
Направление подготовки 38.03.01 Экономика,7,Международная программа по бизнесу и экономике,Международная олимпиада школьников Уральского федерального университета «Изумруд»,русский язык,русский язык,русский язык,75 и более,Право на 100 баллов,Победителям и призерам,11 класс,11
Направление подготовки 38.03.01 Экономика,7,Международная программа по бизнесу и экономике,Московская олимпиада школьников,математика,математика,математика,75 и более,Право на прием БВИ,Победителям,"10,11 класс",11
Направление подготовки 38.03.01 Экономика,7,Международная программа по бизнесу и экономике,Московская олимпиада школьников,математика,математика,математика,75 и более,Право на прием БВИ,Призерам,11 класс,11
Направление подготовки 38.03.01 Экономика,7,Международная программа по бизнесу и экономике,Московская олимпиада школьников,экономика,экономика,математика,75 и более,Право на прием БВИ,Победителям,"10,11 класс",11
Направление подготовки 38.03.01 Экономика,7,Международная программа по бизнесу и экономике,Московская олимпиада школьников,экономика,экономика,математика,75 и более,Право на прием БВИ,Призерам,11 класс,11
Направление подготовки 38.03.01 Экономика,7,Международная программа по бизнесу и экономике,Московская олимпиада школьников,обществознание,обществознание,обществознание,75 и более,Право на прием БВИ,Победителям,"10,11 класс",12
Направление подготовки 38.03.01 Экономика,7,Международная программа по бизнесу и экономике,Московская олимпиада школьников,обществознание,обществознание,обществознание,75 и более,Право на прием БВИ,Призерам,11 класс,12
Направление подготовки 38.03.01 Экономика,7,Международная программа по бизнесу и экономике,Московская олимпиада школьников,финансовая грамотность,экономика,математика,75 и более,Право на прием БВИ,Победителям,"10,11 класс",12
Направление подготовки 38.03.01 Экономика,7,Международная программа по бизнесу и экономике,Московская олимпиада школьников,финансовая грамотность,экономика,математика,75 и более,Право на прием БВИ,Призерам,11 класс,12
Направление подготовки 38.03.01 Экономика,7,Международная программа по бизнесу и экономике,Московская олимпиада школьников,лингвистика,иностранный язык,иностранный язык,75 и более,Право на 100 баллов,Победителям и призерам,11 класс,12
Направление подготовки 38.03.01 Экономика,7,Международная программа по бизнесу и экономике,Международная олимпиада «Innopolis Open»,математика,математика,математика,75 и более,Право на прием БВИ,Победителям и призерам,"10, 11 класс",12
Направление подготовки 38.03.01 Экономика,7,Международная программа по бизнесу и экономике,"Олимпиада школьников ""Физтех""",математика,математика,математика,75 и более,Право на прием БВИ,Победителям и призерам,11 класс,12
Направление подготовки 38.03.01 Экономика,7,Международная программа по бизнесу и экономике,Олимпиада школьников Российской академии народного хозяйства и государственной службы при Президенте Российской Федерации,экономика,экономика,математика,75 и более,Право на прием БВИ,Победителям и призерам,11 класс,12
Направление подготовки 38.03.01 Экономика,7,Международная программа по бизнесу и экономике,Олимпиада школьников Российской академии народного хозяйства и государственной службы при Президенте Российской Федерации,обществознание,обществознание,обществознание,75 и более,Право на прием БВИ,Победителям и призерам,11 класс,12
Направление подготовки 38.03.01 Экономика,7,Международная программа по бизнесу и экономике,Олимпиада школьников Российской академии народного хозяйства и государственной службы при Президенте Российской Федерации,иностранный язык,иностранный язык,иностранный язык,75 и более,Право на 100 баллов,Победителям и призерам,11 класс,12
Направление подготовки 38.03.01 Экономика,7,Международная программа по бизнесу и экономике,Олимпиада школьников Санкт-Петербургского государственного университета,математика,математика,математика,75 и более,Право на прием БВИ,Победителям и призерам,"10, 11 класс",12
Направление подготовки 38.03.01 Экономика,7,Международная программа по бизнесу и экономике,Олимпиада школьников Санкт-Петербургского государственного университета,экономика,экономика,математика,75 и более,Право на прием БВИ,Победителям и призерам,11 класс,12
Направление подготовки 38.03.01 Экономика,7,Международная программа по бизнесу и экономике,Олимпиада школьников Санкт-Петербургского государственного университета,обществознание,обществознание,обществознание,75 и более,Право на прием БВИ,Победителям и призерам,11 класс,12
Направление подготовки 38.03.01 Экономика,7,Международная программа по бизнесу и экономике,Олимпиада школьников Санкт-Петербургского государственного университета,иностранный язык,иностранный язык,иностранный язык,75 и более,Право на 100 баллов,Победителям и призерам,11 класс,12
Направление подготовки 38.03.01 Экономика,7,Международная программа по бизнесу и экономике,Международная олимпиада по финансовой безопасности,финансовая безопасность,"экономика и управление, информационная безопасность, политические науки и регионоведение",математика,75 и более,Право на прием БВИ,Победителям и призерам,11 класс,12
Направление подготовки 38.03.01 Экономика,7,Международная программа по бизнесу и экономике,"Отраслевая физико-математическая олимпиада школьников ""Росатом""",математика,математика,математика,75 и более,Право на прием БВИ,Победителям и призерам,11 класс,12
Направление подготовки 38.03.01 Экономика,8,Аналитика в экономике,"Всероссийская олимпиада школьников ""Высшая проба""",математика,математика,математика,75 и более,Право на прием БВИ,Победителям и призерам,"10,11 класс",12
Направление подготовки 38.03.01 Экономика,8,Аналитика в экономике,"Всероссийская олимпиада школьников ""Высшая проба""",экономика,экономика,математика,75 и более,Право на прием БВИ,Победителям и призерам,"10,11 класс",12
Направление подготовки 38.03.01 Экономика,8,Аналитика в экономике,"Всероссийская олимпиада школьников ""Высшая проба""",обществознание,обществознание,обществознание,75 и более,Право на прием БВИ,Победителям и призерам,"10,11 класс",12
Направление подготовки 38.03.01 Экономика,8,Аналитика в экономике,"Всероссийская олимпиада школьников ""Высшая проба""",финансовая грамотность,экономика,математика,75 и более,Право на прием БВИ,Победителям и призерам,"10,11 класс",12
Направление подготовки 38.03.01 Экономика,8,Аналитика в экономике,"Всероссийская олимпиада школьников ""Высшая проба""",основы бизнеса,экономика и управление,математика,75 и более,Право на прием БВИ,Победителям и призерам,"10,11 класс",12
Направление подготовки 38.03.01 Экономика,8,Аналитика в экономике,"Всероссийская олимпиада школьников ""Высшая проба""",информатика,информатика,информатика,75 и более,Право на прием БВИ,Победителям и призерам,"10,11 класс",12
Направление подготовки 38.03.01 Экономика,8,Аналитика в экономике,"Всероссийская олимпиада школьников ""Высшая проба""",физика,физика,физика,75 и более,Право на прием БВИ,Победителям и призерам,"10,11 класс",12
Направление подготовки 38.03.01 Экономика,8,Аналитика в экономике,"Всероссийская олимпиада школьников ""Высшая проба""",русский язык,русский язык,русский язык,75 и более,Право на 100 баллов,Победителям и призерам,"10,11 класс",12
Направление подготовки 38.03.01 Экономика,8,Аналитика в экономике,"Всероссийская олимпиада школьников ""Высшая проба""",иностранный язык,иностранный язык,иностранный язык,75 и более,Право на 100 баллов,Победителям и призерам,"10,11 класс",12
Направление подготовки 38.03.01 Экономика,8,Аналитика в экономике,"Всероссийская олимпиада школьников ""Высшая проба""",анализ данных,"компьютерные и информационные науки, информатика и вычислительная техника",математика,75 и более,Право на прием БВИ,Победителям и призерам,"10,11 класс",12
Направление подготовки 38.03.01 Экономика,8,Аналитика в экономике,"Всероссийская олимпиада школьников ""Миссия выполнима. Твое призвание - финансист!""",экономика,экономика,математика,75 и более,Право на прием БВИ,Победителям и призерам,11 класс,12
Направление подготовки 38.03.01 Экономика,8,Аналитика в экономике,"Всероссийская олимпиада школьников ""Миссия выполнима. Твое призвание - финансист!""",обществознание,обществознание,обществознание,75 и более,Право на прием БВИ,Победителям и призерам,11 класс,12
Направление подготовки 38.03.01 Экономика,8,Аналитика в экономике,Олимпиада по экономике в рамках международного экономического фестиваля школьников «Сибириада. Шаг в мечту»,экономика,экономика,математика,75 и более,Право на прием БВИ,Победителям и призерам,11 класс,12
Направление подготовки 38.03.01 Экономика,8,Аналитика в экономике,Международная олимпиада школьников Уральского федерального университета «Изумруд»,математика,математика,математика,75 и более,Право на прием БВИ,Победителям и призерам,11 класс,13
Направление подготовки 38.03.01 Экономика,8,Аналитика в экономике,Международная олимпиада школьников Уральского федерального университета «Изумруд»,обществознание,обществознание,обществознание,75 и более,Право на прием БВИ,Победителям и призерам,11 класс,13
Направление подготовки 38.03.01 Экономика,8,Аналитика в экономике,Международная олимпиада школьников Уральского федерального университета «Изумруд»,русский язык,русский язык,русский язык,75 и более,Право на 100 баллов,Победителям и призерам,11 класс,13
Направление подготовки 38.03.01 Экономика,8,Аналитика в экономике,Московская олимпиада школьников,математика,математика,математика,75 и более,Право на прием БВИ,Призерам,11 класс,13
Направление подготовки 38.03.01 Экономика,8,Аналитика в экономике,Московская олимпиада школьников,математика,математика,математика,75 и более,Право на прием БВИ,Победителям,"10,11 класс",13
Направление подготовки 38.03.01 Экономика,8,Аналитика в экономике,Московская олимпиада школьников,экономика,экономика,математика,75 и более,Право на прием БВИ,Призерам,11 класс,13
Направление подготовки 38.03.01 Экономика,8,Аналитика в экономике,Московская олимпиада школьников,экономика,экономика,математика,75 и более,Право на прием БВИ,Победителям,"10,11 класс",13
Направление подготовки 38.03.01 Экономика,8,Аналитика в экономике,Московская олимпиада школьников,обществознание,обществознание,обществознание,75 и более,Право на прием БВИ,Призерам,11 класс,13
Направление подготовки 38.03.01 Экономика,8,Аналитика в экономике,Московская олимпиада школьников,обществознание,обществознание,обществознание,75 и более,Право на прием БВИ,Победителям,"10,11 класс",13
Направление подготовки 38.03.01 Экономика,8,Аналитика в экономике,Московская олимпиада школьников,финансовая грамотность,экономика,математика,75 и более,Право на прием БВИ,Призерам,11 класс,13
Направление подготовки 38.03.01 Экономика,8,Аналитика в экономике,Московская олимпиада школьников,финансовая грамотность,экономика,математика,75 и более,Право на прием БВИ,Победителям,"10,11 класс",13
Направление подготовки 38.03.01 Экономика,8,Аналитика в экономике,Московская олимпиада школьников,география,география,география,75 и более,Право на прием БВИ,Призерам,11 класс,13
Направление подготовки 38.03.01 Экономика,8,Аналитика в экономике,Московская олимпиада школьников,география,география,география,75 и более,Право на прием БВИ,Победителям,"10,11 класс",13
Направление подготовки 38.03.01 Экономика,8,Аналитика в экономике,Московская олимпиада школьников,информатика,информатика,информатика,75 и более,Право на прием БВИ,Призерам,11 класс,13
Направление подготовки 38.03.01 Экономика,8,Аналитика в экономике,Московская олимпиада школьников,информатика,информатика,информатика,75 и более,Право на прием БВИ,Победителям,"10,11 класс",13
Направление подготовки 38.03.01 Экономика,8,Аналитика в экономике,Московская олимпиада школьников,физика,физика,физика,75 и более,Право на прием БВИ,Призерам,11 класс,13
Направление подготовки 38.03.01 Экономика,8,Аналитика в экономике,Московская олимпиада школьников,физика,физика,физика,75 и более,Право на прием БВИ,Победителям,"10,11 класс",13
Направление подготовки 38.03.01 Экономика,8,Аналитика в экономике,Московская олимпиада школьников,лингвистика,иностранный язык,иностранный язык,75 и более,Право на 100 баллов,Победителям и призерам,11 класс,13
Направление подготовки 38.03.01 Экономика,8,Аналитика в экономике,Международная олимпиада «Innopolis Open»,математика,математика,математика,75 и более,Право на прием БВИ,Победителям и призерам,"10,11 класс",13
Направление подготовки 38.03.01 Экономика,8,Аналитика в экономике,Международная олимпиада «Innopolis Open»,информатика,информатика,информатика,75 и более,Право на прием БВИ,Победителям и призерам,"10,11 класс",13
Направление подготовки 38.03.01 Экономика,8,Аналитика в экономике,"Олимпиада школьников ""Физтех""",математика,математика,математика,75 и более,Право на прием БВИ,Победителям и призерам,11 класс,13
Направление подготовки 38.03.01 Экономика,8,Аналитика в экономике,"Олимпиада школьников ""Физтех""",физика,физика,физика,75 и более,Право на прием БВИ,Победителям и призерам,11 класс,13
Направление подготовки 38.03.01 Экономика,8,Аналитика в экономике,Олимпиада школьников Российской академии народного хозяйства и государственной службы при Президенте Российской Федерации,экономика,экономика,математика,75 и более,Право на прием БВИ,Победителям и призерам,11 класс,13
Направление подготовки 38.03.01 Экономика,8,Аналитика в экономике,Олимпиада школьников Российской академии народного хозяйства и государственной службы при Президенте Российской Федерации,обществознание,обществознание,обществознание,75 и более,Право на прием БВИ,Победителям и призерам,11 класс,13
Направление подготовки 38.03.01 Экономика,8,Аналитика в экономике,Олимпиада школьников Российской академии народного хозяйства и государственной службы при Президенте Российской Федерации,иностранный язык,иностранный язык,иностранный язык,75 и более,Право на 100 баллов,Победителям и призерам,11 класс,13
Направление подготовки 38.03.01 Экономика,8,Аналитика в экономике,Олимпиада школьников Санкт-Петербургского государственного университета,математика,математика,математика,75 и более,Право на прием БВИ,Победителям и призерам,"10,11 класс",13
Направление подготовки 38.03.01 Экономика,8,Аналитика в экономике,Олимпиада школьников Санкт-Петербургского государственного университета,экономика,экономика,математика,75 и более,Право на прием БВИ,Победителям и призерам,11 класс,13
Направление подготовки 38.03.01 Экономика,8,Аналитика в экономике,Олимпиада школьников Санкт-Петербургского государственного университета,география,география,география,75 и более,Право на прием БВИ,Победителям и призерам,11 класс,13
Направление подготовки 38.03.01 Экономика,8,Аналитика в экономике,Олимпиада школьников Санкт-Петербургского государственного университета,обществознание,обществознание,обществознание,75 и более,Право на прием БВИ,Победителям и призерам,11 класс,13
Направление подготовки 38.03.01 Экономика,8,Аналитика в экономике,Олимпиада школьников Санкт-Петербургского государственного университета,информатика,информатика,информатика,75 и более,Право на прием БВИ,Победителям и призерам,11 класс,13
Направление подготовки 38.03.01 Экономика,8,Аналитика в экономике,Олимпиада школьников Санкт-Петербургского государственного университета,иностранный язык,иностранный язык,иностранный язык,75 и более,Право на 100 баллов,Победителям и призерам,11 класс,13
Направление подготовки 38.03.01 Экономика,8,Аналитика в экономике,"Отраслевая физико-математическая олимпиада школьников ""Росатом""",математика,математика,математика,75 и более,Право на прием БВИ,Победителям и призерам,11 класс,13
Направление подготовки 38.03.01 Экономика,8,Аналитика в экономике,"Отраслевая физико-математическая олимпиада школьников ""Росатом""",физика,физика,физика,75 и более,Право на прием БВИ,Победителям и призерам,11 класс,13
Направление подготовки 38.03.01 Экономика,8,Аналитика в экономике,Открытая олимпиада школьников по программированию,информатика,информатика,информатика,75 и более,Право на прием БВИ,Победителям и призерам,"10,11 класс",13
Направление подготовки 38.03.02 Менеджмент,9,Международная программа по бизнесу и экономике,"Всероссийская олимпиада школьников ""Высшая проба""",математика,математика,математика,75 и более,Право на прием БВИ,Победителям и призерам,"10, 11 класс",13
Направление подготовки 38.03.02 Менеджмент,9,Международная программа по бизнесу и экономике,"Всероссийская олимпиада школьников ""Высшая проба""",экономика,экономика,математика,75 и более,Право на прием БВИ,Победителям и призерам,"10, 11 класс",14
Направление подготовки 38.03.02 Менеджмент,9,Международная программа по бизнесу и экономике,"Всероссийская олимпиада школьников ""Высшая проба""",обществознание,обществознание,обществознание,75 и более,Право на прием БВИ,Победителям и призерам,"10, 11 класс",14
Направление подготовки 38.03.02 Менеджмент,9,Международная программа по бизнесу и экономике,"Всероссийская олимпиада школьников ""Высшая проба""",финансовая грамотность,экономика,математика,75 и более,Право на прием БВИ,Победителям и призерам,"10, 11 класс",14
Направление подготовки 38.03.02 Менеджмент,9,Международная программа по бизнесу и экономике,"Всероссийская олимпиада школьников ""Высшая проба""",основы бизнеса,экономика и управление,математика,75 и более,Право на прием БВИ,Победителям и призерам,"10, 11 класс",14
Направление подготовки 38.03.02 Менеджмент,9,Международная программа по бизнесу и экономике,"Всероссийская олимпиада школьников ""Высшая проба""",русский язык,русский язык,русский язык,75 и более,Право на 100 баллов,Победителям и призерам,"10, 11 класс",14
Направление подготовки 38.03.02 Менеджмент,9,Международная программа по бизнесу и экономике,"Всероссийская олимпиада школьников ""Высшая проба""",анализ данных,"компьютерные и информационные науки, информатика и вычислительная техника",математика,75 и более,Право на прием БВИ,Победителям и призерам,"10, 11 класс",14
Направление подготовки 38.03.02 Менеджмент,9,Международная программа по бизнесу и экономике,"Всероссийская олимпиада школьников ""Высшая проба""",иностранные языки,иностранный язык,иностранный язык,75 и более,Право на 100 баллов,Победителям и призерам,"10, 11 класс",14
Направление подготовки 38.03.02 Менеджмент,9,Международная программа по бизнесу и экономике,"Всероссийская олимпиада школьников ""Миссия выполнима. Твое призвание - финансист!""",экономика,экономика,математика,75 и более,Право на прием БВИ,Победителям и призерам,11 класс,14
Направление подготовки 38.03.02 Менеджмент,9,Международная программа по бизнесу и экономике,"Всероссийская олимпиада школьников ""Миссия выполнима. Твое призвание - финансист!""",обществознание,обществознание,обществознание,75 и более,Право на прием БВИ,Победителям и призерам,11 класс,14
Направление подготовки 38.03.02 Менеджмент,9,Международная программа по бизнесу и экономике,Олимпиада по экономике в рамках международного экономического фестиваля школьников «Сибириада. Шаг в мечту»,экономика,экономика,математика,75 и более,Право на прием БВИ,Победителям и призерам,11 класс,14
Направление подготовки 38.03.02 Менеджмент,9,Международная программа по бизнесу и экономике,Международная олимпиада школьников Уральского федерального университета «Изумруд»,математика,математика,математика,75 и более,Право на 100 баллов,Победителям и призерам,11 класс,14
Направление подготовки 38.03.02 Менеджмент,9,Международная программа по бизнесу и экономике,Международная олимпиада школьников Уральского федерального университета «Изумруд»,обществознание,обществознание,обществознание,75 и более,Право на 100 баллов,Победителям и призерам,11 класс,14
Направление подготовки 38.03.02 Менеджмент,9,Международная программа по бизнесу и экономике,Международная олимпиада школьников Уральского федерального университета «Изумруд»,русский язык,русский язык,русский язык,75 и более,Право на 100 баллов,Победителям и призерам,11 класс,14
Направление подготовки 38.03.02 Менеджмент,9,Международная программа по бизнесу и экономике,Московская олимпиада школьников,математика,математика,математика,75 и более,Право на прием БВИ,Победителям,"10,11 класс",14
Направление подготовки 38.03.02 Менеджмент,9,Международная программа по бизнесу и экономике,Московская олимпиада школьников,математика,математика,математика,75 и более,Право на прием БВИ,Призерам,11 класс,14
Направление подготовки 38.03.02 Менеджмент,9,Международная программа по бизнесу и экономике,Московская олимпиада школьников,экономика,экономика,математика,75 и более,Право на прием БВИ,Победителям,"10,11 класс",14
Направление подготовки 38.03.02 Менеджмент,9,Международная программа по бизнесу и экономике,Московская олимпиада школьников,экономика,экономика,математика,75 и более,Право на прием БВИ,Призерам,11 класс,14
Направление подготовки 38.03.02 Менеджмент,9,Международная программа по бизнесу и экономике,Московская олимпиада школьников,обществознание,обществознание,обществознание,75 и более,Право на прием БВИ,Победителям,"10,11 класс",14
Направление подготовки 38.03.02 Менеджмент,9,Международная программа по бизнесу и экономике,Московская олимпиада школьников,обществознание,обществознание,обществознание,75 и более,Право на прием БВИ,Призерам,11 класс,14
Направление подготовки 38.03.02 Менеджмент,9,Международная программа по бизнесу и экономике,Московская олимпиада школьников,финансовая грамотность,экономика,математика,75 и более,Право на прием БВИ,Победителям,"10,11 класс",14
Направление подготовки 38.03.02 Менеджмент,9,Международная программа по бизнесу и экономике,Московская олимпиада школьников,финансовая грамотность,экономика,математика,75 и более,Право на прием БВИ,Призерам,11 класс,14
Направление подготовки 38.03.02 Менеджмент,9,Международная программа по бизнесу и экономике,Московская олимпиада школьников,лингвистика,иностранный язык,иностранный язык,75 и более,Право на 100 баллов,Победителям и призерам,11 класс,14
Направление подготовки 38.03.02 Менеджмент,9,Международная программа по бизнесу и экономике,Международная олимпиада «Innopolis Open»,математика,математика,математика,75 и более,Право на прием БВИ,Победителям и призерам,"10, 11 класс",14
Направление подготовки 38.03.02 Менеджмент,9,Международная программа по бизнесу и экономике,"Олимпиада школьников ""Физтех""",математика,математика,математика,75 и более,Право на прием БВИ,Победителям и призерам,11 класс,14
Направление подготовки 38.03.02 Менеджмент,9,Международная программа по бизнесу и экономике,Олимпиада школьников Российской академии народного хозяйства и государственной службы при Президенте Российской Федерации,экономика,экономика,математика,75 и более,Право на прием БВИ,Победителям и призерам,11 класс,14
Направление подготовки 38.03.02 Менеджмент,9,Международная программа по бизнесу и экономике,Олимпиада школьников Российской академии народного хозяйства и государственной службы при Президенте Российской Федерации,обществознание,обществознание,обществознание,75 и более,Право на прием БВИ,Победителям и призерам,11 класс,14
Направление подготовки 38.03.02 Менеджмент,9,Международная программа по бизнесу и экономике,Олимпиада школьников Российской академии народного хозяйства и государственной службы при Президенте Российской Федерации,иностранный язык,иностранный язык,иностранный язык,75 и более,Право на 100 баллов,Победителям и призерам,11 класс,14
Направление подготовки 38.03.02 Менеджмент,9,Международная программа по бизнесу и экономике,Олимпиада школьников Санкт-Петербургского государственного университета,математика,математика,математика,75 и более,Право на прием БВИ,Победителям и призерам,"10, 11 класс",14
Направление подготовки 38.03.02 Менеджмент,9,Международная программа по бизнесу и экономике,Олимпиада школьников Санкт-Петербургского государственного университета,экономика,экономика,математика,75 и более,Право на прием БВИ,Победителям и призерам,11 класс,14
Направление подготовки 38.03.02 Менеджмент,9,Международная программа по бизнесу и экономике,Олимпиада школьников Санкт-Петербургского государственного университета,обществознание,обществознание,обществознание,75 и более,Право на прием БВИ,Победителям и призерам,11 класс,14
Направление подготовки 38.03.02 Менеджмент,9,Международная программа по бизнесу и экономике,Олимпиада школьников Санкт-Петербургского государственного университета,иностранный язык,иностранный язык,иностранный язык,75 и более,Право на 100 баллов,Победителям и призерам,11 класс,14
Направление подготовки 38.03.02 Менеджмент,9,Международная программа по бизнесу и экономике,Международная олимпиада по финансовой безопасности,финансовая безопасность,"экономика и управление, информационная безопасность, политические науки и регионоведение",математика,75 и более,Право на прием БВИ,Победителям и призерам,11 класс,15
Направление подготовки 38.03.02 Менеджмент,9,Международная программа по бизнесу и экономике,"Отраслевая физико-математическая олимпиада школьников ""Росатом""",математика,математика,математика,75 и более,Право на прием БВИ,Победителям и призерам,11 класс,15
Направление подготовки 38.03.02 Менеджмент,10,Управление бизнесом,"Всероссийская олимпиада школьников ""Высшая проба""",математика,математика,математика,75 и более,Право на прием БВИ,Победителям и призерам,"10, 11 класс",15
Направление подготовки 38.03.02 Менеджмент,10,Управление бизнесом,"Всероссийская олимпиада школьников ""Высшая проба""",экономика,экономика,математика,75 и более,Право на прием БВИ,Победителям и призерам,"10, 11 класс",15
Направление подготовки 38.03.02 Менеджмент,10,Управление бизнесом,"Всероссийская олимпиада школьников ""Высшая проба""",обществознание,обществознание,обществознание,75 и более,Право на прием БВИ,Победителям и призерам,"10, 11 класс",15
Направление подготовки 38.03.02 Менеджмент,10,Управление бизнесом,"Всероссийская олимпиада школьников ""Высшая проба""",финансовая грамотность,экономика,математика,75 и более,Право на прием БВИ,Победителям и призерам,"10, 11 класс",15
Направление подготовки 38.03.02 Менеджмент,10,Управление бизнесом,"Всероссийская олимпиада школьников ""Высшая проба""",основы бизнеса,экономика и управление,математика,75 и более,Право на прием БВИ,Победителям и призерам,"10, 11 класс",15
Направление подготовки 38.03.02 Менеджмент,10,Управление бизнесом,"Всероссийская олимпиада школьников ""Высшая проба""",русский язык,русский язык,русский язык,75 и более,Право на 100 баллов,Победителям и призерам,"10, 11 класс",15
Направление подготовки 38.03.02 Менеджмент,10,Управление бизнесом,"Всероссийская олимпиада школьников ""Высшая проба""",анализ данных,"компьютерные и информационные науки, информатика и вычислительная техника",математика,75 и более,Право на прием БВИ,Победителям и призерам,"10,11 класс",15
Направление подготовки 38.03.02 Менеджмент,10,Управление бизнесом,"Всероссийская олимпиада школьников ""Высшая проба""",иностранные языки,иностранный язык,иностранный язык,75 и более,Право на 100 баллов,Победителям и призерам,"10, 11 класс",15
Направление подготовки 38.03.02 Менеджмент,10,Управление бизнесом,"Всероссийская олимпиада школьников ""Миссия выполнима. Твое призвание - финансист!""",экономика,экономика,математика,75 и более,Право на прием БВИ,Победителям и призерам,11 класс,15
Направление подготовки 38.03.02 Менеджмент,10,Управление бизнесом,"Всероссийская олимпиада школьников ""Миссия выполнима. Твое призвание - финансист!""",обществознание,обществознание,обществознание,75 и более,Право на прием БВИ,Победителям и призерам,11 класс,15
Направление подготовки 38.03.02 Менеджмент,10,Управление бизнесом,Олимпиада по экономике в рамках международного экономического фестиваля школьников «Сибириада. Шаг в мечту»,экономика,экономика,математика,75 и более,Право на прием БВИ,Победителям и призерам,11 класс,15
Направление подготовки 38.03.02 Менеджмент,10,Управление бизнесом,Международная олимпиада школьников Уральского федерального университета «Изумруд»,математика,математика,математика,75 и более,Право на прием БВИ,Победителям и призерам,11 класс,15
Направление подготовки 38.03.02 Менеджмент,10,Управление бизнесом,Международная олимпиада школьников Уральского федерального университета «Изумруд»,обществознание,обществознание,обществознание,75 и более,Право на прием БВИ,Победителям и призерам,11 класс,15
Направление подготовки 38.03.02 Менеджмент,10,Управление бизнесом,Международная олимпиада школьников Уральского федерального университета «Изумруд»,русский язык,русский язык,русский язык,75 и более,Право на 100 баллов,Победителям и призерам,11 класс,15
Направление подготовки 38.03.02 Менеджмент,10,Управление бизнесом,Московская олимпиада школьников,математика,математика,математика,75 и более,Право на прием БВИ,Победителям,"10,11 класс",15
Направление подготовки 38.03.02 Менеджмент,10,Управление бизнесом,Московская олимпиада школьников,математика,математика,математика,75 и более,Право на прием БВИ,Призерам,11 класс,15
Направление подготовки 38.03.02 Менеджмент,10,Управление бизнесом,Московская олимпиада школьников,экономика,экономика,математика,75 и более,Право на прием БВИ,Победителям,"10,11 класс",15
Направление подготовки 38.03.02 Менеджмент,10,Управление бизнесом,Московская олимпиада школьников,экономика,экономика,математика,75 и более,Право на прием БВИ,Призерам,11 класс,15
Направление подготовки 38.03.02 Менеджмент,10,Управление бизнесом,Московская олимпиада школьников,обществознание,обществознание,обществознание,75 и более,Право на прием БВИ,Победителям,"10,11 класс",15
Направление подготовки 38.03.02 Менеджмент,10,Управление бизнесом,Московская олимпиада школьников,обществознание,обществознание,обществознание,75 и более,Право на прием БВИ,Призерам,11 класс,15
Направление подготовки 38.03.02 Менеджмент,10,Управление бизнесом,Московская олимпиада школьников,финансовая грамотность,экономика,математика,75 и более,Право на прием БВИ,Победителям,"10,11 класс",15
Направление подготовки 38.03.02 Менеджмент,10,Управление бизнесом,Московская олимпиада школьников,финансовая грамотность,экономика,математика,75 и более,Право на прием БВИ,Призерам,11 класс,15
Направление подготовки 38.03.02 Менеджмент,10,Управление бизнесом,Московская олимпиада школьников,лингвистика,иностранный язык,иностранный язык,75 и более,Право на 100 баллов,Победителям и призерам,11 класс,15
Направление подготовки 38.03.02 Менеджмент,10,Управление бизнесом,Международная олимпиада по финансовой безопасности,финансовая безопасность,"экономика и управление, информационная безопасность, политические науки и регионоведение",математика,75 и более,Право на прием БВИ,Победителям,11 класс,15
Направление подготовки 38.03.02 Менеджмент,10,Управление бизнесом,Международная олимпиада «Innopolis Open»,математика,математика,математика,75 и более,Право на прием БВИ,Победителям и призерам,"10, 11 класс",15
Направление подготовки 38.03.02 Менеджмент,10,Управление бизнесом,"Олимпиада школьников ""Физтех""",математика,математика,математика,75 и более,Право на прием БВИ,Победителям и призерам,11 класс,15
Направление подготовки 38.03.02 Менеджмент,10,Управление бизнесом,Олимпиада школьников Российской академии народного хозяйства и государственной службы при Президенте Российской Федерации,экономика,экономика,математика,75 и более,Право на прием БВИ,Победителям и призерам,11 класс,16
Направление подготовки 38.03.02 Менеджмент,10,Управление бизнесом,Олимпиада школьников Российской академии народного хозяйства и государственной службы при Президенте Российской Федерации,обществознание,обществознание,обществознание,75 и более,Право на прием БВИ,Победителям и призерам,11 класс,16
Направление подготовки 38.03.02 Менеджмент,10,Управление бизнесом,Олимпиада школьников Российской академии народного хозяйства и государственной службы при Президенте Российской Федерации,иностранный язык,иностранный язык,иностранный язык,75 и более,Право на 100 баллов,Победителям и призерам,11 класс,16
Направление подготовки 38.03.02 Менеджмент,10,Управление бизнесом,Олимпиада школьников Санкт-Петербургского государственного университета,математика,математика,математика,75 и более,Право на прием БВИ,Победителям и призерам,"10, 11 класс",16
Направление подготовки 38.03.02 Менеджмент,10,Управление бизнесом,Олимпиада школьников Санкт-Петербургского государственного университета,экономика,экономика,математика,75 и более,Право на прием БВИ,Победителям и призерам,11 класс,16
Направление подготовки 38.03.02 Менеджмент,10,Управление бизнесом,Олимпиада школьников Санкт-Петербургского государственного университета,обществознание,обществознание,обществознание,75 и более,Право на прием БВИ,Победителям и призерам,11 класс,16
Направление подготовки 38.03.02 Менеджмент,10,Управление бизнесом,Олимпиада школьников Санкт-Петербургского государственного университета,иностранный язык,иностранный язык,иностранный язык,75 и более,Право на 100 баллов,Победителям и призерам,11 класс,16
Направление подготовки 38.03.05 Бизнес-информатика,11,Бизнес-информатика,"Всероссийская олимпиада школьников ""Высшая проба""",математика,математика,математика,75 и более,Право на прием БВИ,Победителям и призерам,"10,11 класс",16
Направление подготовки 38.03.05 Бизнес-информатика,11,Бизнес-информатика,"Всероссийская олимпиада школьников ""Высшая проба""",экономика,экономика,математика,75 и более,Право на прием БВИ,Победителям и призерам,"10,11 класс",16
Направление подготовки 38.03.05 Бизнес-информатика,11,Бизнес-информатика,"Всероссийская олимпиада школьников ""Высшая проба""",финансовая грамотность,экономика,математика,75 и более,Право на прием БВИ,Победителям,"10,11 класс",16
Направление подготовки 38.03.05 Бизнес-информатика,11,Бизнес-информатика,"Всероссийская олимпиада школьников ""Высшая проба""",основы бизнеса,экономика и управление,математика,75 и более,Право на 100 баллов,Победителям,"10,11 класс",16
Направление подготовки 38.03.05 Бизнес-информатика,11,Бизнес-информатика,"Всероссийская олимпиада школьников ""Высшая проба""",обществознание,обществознание,обществознание,75 и более,Право на прием БВИ,Победителям и призерам,"10, 11 класс",16
Направление подготовки 38.03.05 Бизнес-информатика,11,Бизнес-информатика,"Всероссийская олимпиада школьников ""Высшая проба""",информатика,информатика,информатика,75 и более,Право на прием БВИ,Победителям и призерам,"10,11 класс",16
Направление подготовки 38.03.05 Бизнес-информатика,11,Бизнес-информатика,"Всероссийская олимпиада школьников ""Высшая проба""",физика,физика,физика,75 и более,Право на прием БВИ,Победителям и призерам,"10,11 класс",16
Направление подготовки 38.03.05 Бизнес-информатика,11,Бизнес-информатика,"Всероссийская олимпиада школьников ""Высшая проба""",русский язык,русский язык,русский язык,75 и более,Право на 100 баллов,Победителям и призерам,"10,11 класс",16
Направление подготовки 38.03.05 Бизнес-информатика,11,Бизнес-информатика,"Всероссийская олимпиада школьников ""Высшая проба""",анализ данных,"компьютерные и информационные науки, информатика и вычислительная техника",математика,75 и более,Право на прием БВИ,Победителям и призерам,"10,11 класс",16
Направление подготовки 38.03.05 Бизнес-информатика,11,Бизнес-информатика,"Всероссийская олимпиада школьников ""Миссия выполнима. Твое призвание - финансист!""",обществознание,обществознание,обществознание,75 и более,Право на прием БВИ,Победителям и призерам,11 класс,16
Направление подготовки 38.03.05 Бизнес-информатика,11,Бизнес-информатика,"Всероссийская олимпиада школьников ""Миссия выполнима. Твое призвание - финансист!""",экономика,экономика,математика,75 и более,Право на прием БВИ,Победителям и призерам,11 класс,16
Направление подготовки 38.03.05 Бизнес-информатика,11,Бизнес-информатика,Всесибирская открытая олимпиада школьников,математика,математика,математика,75 и более,Право на прием БВИ,Победителям и призерам,"10,11 класс",16
Направление подготовки 38.03.05 Бизнес-информатика,11,Бизнес-информатика,Всесибирская открытая олимпиада школьников,информатика,информатика,информатика,75 и более,Право на прием БВИ,Победителям и призерам,"10,11 класс",16
Направление подготовки 38.03.05 Бизнес-информатика,11,Бизнес-информатика,Всесибирская открытая олимпиада школьников,физика,физика,физика,75 и более,Право на прием БВИ,Победителям и призерам,"10,11 класс",16
Направление подготовки 38.03.05 Бизнес-информатика,11,Бизнес-информатика,Городская открытая олимпиада школьников по физике,физика,физика,физика,75 и более,Право на прием БВИ,Победителям,11 класс,16
Направление подготовки 38.03.05 Бизнес-информатика,11,Бизнес-информатика,Олимпиада по экономике в рамках международного экономического фестиваля школьников «Сибириада. Шаг в мечту»,экономика,экономика,математика,75 и более,Право на прием БВИ,Победителям,"10,11 класс",16
Направление подготовки 38.03.05 Бизнес-информатика,11,Бизнес-информатика,Международная олимпиада школьников Уральского федерального университета «Изумруд»,математика,математика,математика,75 и более,Право на прием БВИ,Победителям и призерам,11 класс,16
Направление подготовки 38.03.05 Бизнес-информатика,11,Бизнес-информатика,Международная олимпиада школьников Уральского федерального университета «Изумруд»,русский язык,русский язык,русский язык,75 и более,Право на 100 баллов,Победителям и призерам,11 класс,16
Направление подготовки 38.03.05 Бизнес-информатика,11,Бизнес-информатика,Московская олимпиада школьников,математика,математика,математика,75 и более,Право на прием БВИ,Победителям,"10, 11 класс",16
Направление подготовки 38.03.05 Бизнес-информатика,11,Бизнес-информатика,Московская олимпиада школьников,математика,математика,математика,75 и более,Право на прием БВИ,Призерам,11 класс,16
Направление подготовки 38.03.05 Бизнес-информатика,11,Бизнес-информатика,Московская олимпиада школьников,экономика,экономика,математика,75 и более,Право на прием БВИ,Победителям,"10, 11 класс",16
Направление подготовки 38.03.05 Бизнес-информатика,11,Бизнес-информатика,Московская олимпиада школьников,экономика,экономика,математика,75 и более,Право на прием БВИ,Призерам,11 класс,16
Направление подготовки 38.03.05 Бизнес-информатика,11,Бизнес-информатика,Московская олимпиада школьников,обществознание,обществознание,обществознание,75 и более,Право на прием БВИ,Победителям,"10,11 класс",16
Направление подготовки 38.03.05 Бизнес-информатика,11,Бизнес-информатика,Московская олимпиада школьников,обществознание,обществознание,обществознание,75 и более,Право на прием БВИ,Призерам,11 класс,16
Направление подготовки 38.03.05 Бизнес-информатика,11,Бизнес-информатика,Московская олимпиада школьников,финансовая грамотность,экономика,математика,75 и более,Право на прием БВИ,Победителям,"10, 11 класс",16
Направление подготовки 38.03.05 Бизнес-информатика,11,Бизнес-информатика,Московская олимпиада школьников,финансовая грамотность,экономика,математика,75 и более,Право на прием БВИ,Призерам,11 класс,17
Направление подготовки 38.03.05 Бизнес-информатика,11,Бизнес-информатика,Московская олимпиада школьников,информатика,информатика,информатика,75 и более,Право на прием БВИ,Победителям,"10, 11 класс",17
Направление подготовки 38.03.05 Бизнес-информатика,11,Бизнес-информатика,Московская олимпиада школьников,информатика,информатика,информатика,75 и более,Право на прием БВИ,Призерам,11 класс,17
Направление подготовки 38.03.05 Бизнес-информатика,11,Бизнес-информатика,Московская олимпиада школьников,физика,физика,физика,75 и более,Право на прием БВИ,Победителям,"10, 11 класс",17
Направление подготовки 38.03.05 Бизнес-информатика,11,Бизнес-информатика,Московская олимпиада школьников,физика,физика,физика,75 и более,Право на прием БВИ,Призерам,11 класс,17
Направление подготовки 38.03.05 Бизнес-информатика,11,Бизнес-информатика,Объединённая межвузовская математическая олимпиада школьников,математика,математика,математика,75 и более,Право на прием БВИ,Победителям и призерам,"10,11 класс",17
Направление подготовки 38.03.05 Бизнес-информатика,11,Бизнес-информатика,Олимпиада Курчатов,математика,математика,математика,75 и более,Право на прием БВИ,Победителям и призерам,11 класс,17
Направление подготовки 38.03.05 Бизнес-информатика,11,Бизнес-информатика,Океан знаний,русский язык,русский язык,русский язык,75 и более,Право на 100 баллов,Победителям и призерам,11 класс,17
Направление подготовки 38.03.05 Бизнес-информатика,11,Бизнес-информатика,Олимпиада РГГУ для школьников,русский язык,русский язык,русский язык,75 и более,Право на 100 баллов,Победителям и призерам,11 класс,17
Направление подготовки 38.03.05 Бизнес-информатика,11,Бизнес-информатика,Международная олимпиада «Innopolis Open»,математика,математика,математика,75 и более,Право на прием БВИ,Победителям и призерам,"10,11 класс",17
Направление подготовки 38.03.05 Бизнес-информатика,11,Бизнес-информатика,Международная олимпиада «Innopolis Open»,информатика,информатика,информатика,75 и более,Право на прием БВИ,Победителям и призерам,"10,11 класс",17
Направление подготовки 38.03.05 Бизнес-информатика,11,Бизнес-информатика,"Олимпиада школьников ""Ломоносов""",математика,математика,математика,75 и более,Право на прием БВИ,Победителям и призерам,"10,11 класс",17
Направление подготовки 38.03.05 Бизнес-информатика,11,Бизнес-информатика,"Олимпиада школьников ""Ломоносов""",география,география,география,75 и более,Право на прием БВИ,Победителям и призерам,11 класс,17
Направление подготовки 38.03.05 Бизнес-информатика,11,Бизнес-информатика,"Олимпиада школьников ""Ломоносов""",информатика,информатика,информатика,75 и более,Право на прием БВИ,Победителям и призерам,"10,11 класс",17
Направление подготовки 38.03.05 Бизнес-информатика,11,Бизнес-информатика,"Олимпиада школьников ""Ломоносов""",русский язык,русский язык,русский язык,75 и более,Право на 100 баллов,Победителям и призерам,11 класс,17
Направление подготовки 38.03.05 Бизнес-информатика,11,Бизнес-информатика,"Олимпиада школьников ""Физтех""",математика,математика,математика,75 и более,Право на прием БВИ,Победителям и призерам,11 класс,17
Направление подготовки 38.03.05 Бизнес-информатика,11,Бизнес-информатика,"Олимпиада школьников ""Физтех""",физика,физика,физика,75 и более,Право на прием БВИ,Победителям и призерам,11 класс,17
Направление подготовки 38.03.05 Бизнес-информатика,11,Бизнес-информатика,"Олимпиада школьников ""Покори Воробьёвы горы!""",математика,математика,математика,75 и более,Право на прием БВИ,Победителям и призерам,"10,11 класс",17
Направление подготовки 38.03.05 Бизнес-информатика,11,Бизнес-информатика,"Олимпиада школьников ""Шаг в будущее""",математика,математика,математика,75 и более,Право на прием БВИ,Победителям и призерам,11 класс,17
Направление подготовки 38.03.05 Бизнес-информатика,11,Бизнес-информатика,Олимпиада школьников Санкт-Петербургского государственного университета,математика,математика,математика,75 и более,Право на прием БВИ,Победителям и призерам,"10,11 класс",17
Направление подготовки 38.03.05 Бизнес-информатика,11,Бизнес-информатика,Олимпиада школьников Санкт-Петербургского государственного университета,обществознание,обществознание,обществознание,75 и более,Право на прием БВИ,Победителям и призерам,11 класс,17
Направление подготовки 38.03.05 Бизнес-информатика,11,Бизнес-информатика,Олимпиада школьников Санкт-Петербургского государственного университета,экономика,экономика,математика,75 и более,Право на прием БВИ,Победителям и призерам,11 класс,17
Направление подготовки 38.03.05 Бизнес-информатика,11,Бизнес-информатика,Олимпиада школьников Санкт-Петербургского государственного университета,информатика,информатика,информатика,75 и более,Право на прием БВИ,Победителям и призерам,11 класс,17
Направление подготовки 38.03.05 Бизнес-информатика,11,Бизнес-информатика,"Отраслевая физико-математическая олимпиада школьников ""Росатом""",математика,математика,математика,75 и более,Право на прием БВИ,Победителям и призерам,11 класс,17
Направление подготовки 38.03.05 Бизнес-информатика,11,Бизнес-информатика,"Отраслевая физико-математическая олимпиада школьников ""Росатом""",физика,физика,физика,75 и более,Право на прием БВИ,Победителям и призерам,11 класс,17
Направление подготовки 38.03.05 Бизнес-информатика,11,Бизнес-информатика,Олимпиада Юношеской математической школы,математика,математика,математика,75 и более,Право на прием БВИ,Победителям и призерам,"10,11 класс",17
Направление подготовки 38.03.05 Бизнес-информатика,11,Бизнес-информатика,Открытая олимпиада школьников по программированию,информатика,информатика,информатика,75 и более,Право на прием БВИ,Победителям и призерам,"10,11 класс",17
Направление подготовки 38.03.05 Бизнес-информатика,11,Бизнес-информатика,Санкт-Петербургская олимпиада школьников,математика,математика,математика,75 и более,Право на прием БВИ,Победителям и призерам,11 класс,17
Направление подготовки 38.03.05 Бизнес-информатика,11,Бизнес-информатика,Турнир городов,математика,математика,математика,75 и более,Право на прием БВИ,Победителям и призерам,11 класс,17
Направление подготовки 38.03.05 Бизнес-информатика,11,Бизнес-информатика,Плехановская олимпиада школьников,экономика,обществознание,математика,75 и более,Право на 100 баллов,Победителям и призерам,11 класс,17
Направление подготовки 38.03.05 Бизнес-информатика,11,Бизнес-информатика,Плехановская олимпиада школьников,русский язык,русский язык,русский язык,75 и более,Право на 100 баллов,Победителям и призерам,11 класс,17
Направление подготовки 38.03.05 Бизнес-информатика,11,Бизнес-информатика,Турнир им. М.В.Ломоносова,лингвистика,русский язык,русский язык,75 и более,Право на 100 баллов,Победителям и призерам,11 класс,18
Направление подготовки 38.03.05 Бизнес-информатика,11,Бизнес-информатика,Турнир им. М.В.Ломоносова,математика,математика,математика,75 и более,Право на 100 баллов,Победителям и призерам,11 класс,18
Направление подготовки 38.03.05 Бизнес-информатика,11,Бизнес-информатика,Открытая олимпиада школьников,математика,математика,математика,75 и более,Право на прием БВИ,Победителям и призерам,11 класс,18
Направление подготовки 38.03.05 Бизнес-информатика,11,Бизнес-информатика,Открытая олимпиада школьников,информатика,информатика,информатика,75 и более,Право на прием БВИ,Победителям и призерам,11 класс,18
Направление подготовки 38.03.05 Бизнес-информатика,11,Бизнес-информатика,Всероссийская олимпиада по искусственному интеллекту (с возможностью участия иностранных обучающихся),искусственный интеллект,информатика,математика / информатика,75 и более,Право на прием БВИ,Победителям и призерам,11 класс,18
Направление подготовки 38.03.04 Государственное и муниципальное управление,12,Управление и аналитика в государственном секторе,Всероссийская олимпиада школьников «Высшая проба»,экономика,экономика,обществознание,75 и более,Право на прием БВИ,Победителям и призерам,"10, 11 класс",18
Направление подготовки 38.03.04 Государственное и муниципальное управление,12,Управление и аналитика в государственном секторе,Всероссийская олимпиада школьников «Высшая проба»,обществознание,обществознание,обществознание,75 и более,Право на прием БВИ,Победителям и призерам,"10, 11 класс",18
Направление подготовки 38.03.04 Государственное и муниципальное управление,12,Управление и аналитика в государственном секторе,Всероссийская олимпиада школьников «Высшая проба»,финансовая грамотность,экономика,обществознание,75 и более,Право на прием БВИ,Победителям и призерам,"10, 11 класс",18
Направление подготовки 38.03.04 Государственное и муниципальное управление,12,Управление и аналитика в государственном секторе,Всероссийская олимпиада школьников «Высшая проба»,математика,математика,математика,75 и более,Право на прием БВИ,Победителям и призерам,"10,11 класс",18
Направление подготовки 38.03.04 Государственное и муниципальное управление,12,Управление и аналитика в государственном секторе,Всероссийская олимпиада школьников «Высшая проба»,иностранные языки,иностранный язык,иностранный язык,75 и более,Право на 100 баллов,Победителям и призерам,11 класс,18
Направление подготовки 38.03.04 Государственное и муниципальное управление,12,Управление и аналитика в государственном секторе,Всероссийская олимпиада школьников «Высшая проба»,русский язык,русский язык,русский язык,75 и более,Право на 100 баллов,Победителям и призерам,11 класс,18
Направление подготовки 38.03.04 Государственное и муниципальное управление,12,Управление и аналитика в государственном секторе,"Всероссийская олимпиада школьников ""Миссия выполнима. Твое призвание - финансист!""",экономика,экономика,обществознание,75 и более,Право на прием БВИ,Победителям и призерам,"10, 11 класс",18
Направление подготовки 38.03.04 Государственное и муниципальное управление,12,Управление и аналитика в государственном секторе,"Всероссийская олимпиада школьников ""Миссия выполнима. Твое призвание - финансист!""",обществознание,обществознание,обществознание,75 и более,Право на прием БВИ,Победителям и призерам,"10, 11 класс",18
Направление подготовки 38.03.04 Государственное и муниципальное управление,12,Управление и аналитика в государственном секторе,Международная олимпиада школьников Уральского федерального университета «Изумруд»,обществознание,обществознание,обществознание,75 и более,Право на прием БВИ,Победителям и призерам,"10, 11 класс",18
Направление подготовки 38.03.04 Государственное и муниципальное управление,12,Управление и аналитика в государственном секторе,Международная олимпиада школьников Уральского федерального университета «Изумруд»,математика,математика,математика,75 и более,Право на прием БВИ,Победителям и призерам,"10,11 класс",18
Направление подготовки 38.03.04 Государственное и муниципальное управление,12,Управление и аналитика в государственном секторе,Международная олимпиада школьников Уральского федерального университета «Изумруд»,русский язык,русский язык,русский язык,75 и более,Право на 100 баллов,Победителям и призерам,11 класс,18
Направление подготовки 38.03.04 Государственное и муниципальное управление,12,Управление и аналитика в государственном секторе,Московская олимпиада школьников,экономика,экономика,обществознание,75 и более,Право на прием БВИ,Победителям и призерам,"10, 11 класс",18
Направление подготовки 38.03.04 Государственное и муниципальное управление,12,Управление и аналитика в государственном секторе,Московская олимпиада школьников,обществознание,обществознание,обществознание,75 и более,Право на прием БВИ,Победителям и призерам,"10, 11 класс",18
Направление подготовки 38.03.04 Государственное и муниципальное управление,12,Управление и аналитика в государственном секторе,Московская олимпиада школьников,финансовая грамотность,экономика,обществознание,75 и более,Право на прием БВИ,Победителям и призерам,"10, 11 класс",18
Направление подготовки 38.03.04 Государственное и муниципальное управление,12,Управление и аналитика в государственном секторе,Московская олимпиада школьников,лингвистика,иностранный язык,иностранный язык,75 и более,Право на 100 баллов,Победителям и призерам,11 класс,18
Направление подготовки 38.03.04 Государственное и муниципальное управление,12,Управление и аналитика в государственном секторе,Олимпиада РГГУ для школьников,русский язык,русский язык,русский язык,75 и более,Право на 100 баллов,Победителям и призерам,11 класс,18
Направление подготовки 38.03.04 Государственное и муниципальное управление,12,Управление и аналитика в государственном секторе,Олимпиада РГГУ для школьников,иностранный язык,иностранный язык,иностранный язык,75 и более,Право на 100 баллов,Победителям и призерам,11 класс,18
Направление подготовки 38.03.04 Государственное и муниципальное управление,12,Управление и аналитика в государственном секторе,"Олимпиада школьников ""Ломоносов""",обществознание,обществознание,обществознание,75 и более,Право на прием БВИ,Победителям и призерам,"10, 11 класс",18
Направление подготовки 38.03.04 Государственное и муниципальное управление,12,Управление и аналитика в государственном секторе,"Олимпиада школьников ""Ломоносов""",иностранный язык,иностранный язык,иностранный язык,75 и более,Право на 100 баллов,Победителям и призерам,11 класс,18
Направление подготовки 38.03.04 Государственное и муниципальное управление,12,Управление и аналитика в государственном секторе,"Олимпиада школьников ""Ломоносов""",русский язык,русский язык,русский язык,75 и более,Право на 100 баллов,Победителям и призерам,11 класс,18
Направление подготовки 38.03.04 Государственное и муниципальное управление,12,Управление и аналитика в государственном секторе,Олимпиада школьников Российской академии народного хозяйства и государственной службы при Президенте Российской Федерации,экономика,экономика,обществознание,75 и более,Право на прием БВИ,Победителям и призерам,"10, 11 класс",18
Направление подготовки 38.03.04 Государственное и муниципальное управление,12,Управление и аналитика в государственном секторе,Олимпиада школьников Российской академии народного хозяйства и государственной службы при Президенте Российской Федерации,обществознание,обществознание,обществознание,75 и более,Право на прием БВИ,Победителям и призерам,"10, 11 класс",18
Направление подготовки 38.03.04 Государственное и муниципальное управление,12,Управление и аналитика в государственном секторе,Олимпиада школьников Российской академии народного хозяйства и государственной службы при Президенте Российской Федерации,иностранный язык,иностранный язык,иностранный язык,75 и более,Право на 100 баллов,Победителям и призерам,11 класс,18
Направление подготовки 38.03.04 Государственное и муниципальное управление,12,Управление и аналитика в государственном секторе,Открытая региональная межвузовская олимпиада школьников (ОРМО) с международным участием,русский язык,русский язык,русский язык,75 и более,Право на 100 баллов,Победителям и призерам,11 класс,19
Направление подготовки 38.03.04 Государственное и муниципальное управление,12,Управление и аналитика в государственном секторе,Плехановская олимпиада школьников,экономика,обществознание,обществознание,75 и более,Право на прием БВИ,Победителям и призерам,"10, 11 класс",19
Направление подготовки 38.03.04 Государственное и муниципальное управление,12,Управление и аналитика в государственном секторе,Плехановская олимпиада школьников,русский язык,русский язык,русский язык,75 и более,Право на 100 баллов,Победителям и призерам,11 класс,19
Направление подготовки 38.03.04 Государственное и муниципальное управление,12,Управление и аналитика в государственном секторе,Плехановская олимпиада школьников,иностранный язык,иностранный язык,иностранный язык,75 и более,Право на 100 баллов,Победителям и призерам,11 класс,19
Направление подготовки 38.03.04 Государственное и муниципальное управление,12,Управление и аналитика в государственном секторе,Олимпиада школьников Санкт-Петербургского государственного университета,экономика,экономика,обществознание,75 и более,Право на прием БВИ,Победителям и призерам,"10, 11 класс",19
Направление подготовки 38.03.04 Государственное и муниципальное управление,12,Управление и аналитика в государственном секторе,Олимпиада школьников Санкт-Петербургского государственного университета,история,история,история,75 и более,Право на прием БВИ,Победителям и призерам,"10, 11 класс",19
Направление подготовки 38.03.04 Государственное и муниципальное управление,12,Управление и аналитика в государственном секторе,Олимпиада школьников Санкт-Петербургского государственного университета,обществознание,обществознание,обществознание,75 и более,Право на прием БВИ,Победителям и призерам,"10, 11 класс",19
Направление подготовки 38.03.04 Государственное и муниципальное управление,12,Управление и аналитика в государственном секторе,Олимпиада школьников Санкт-Петербургского государственного университета,иностранный язык,иностранный язык,иностранный язык,75 и более,Право на 100 баллов,Победителям и призерам,11 класс,19
Направление подготовки 38.03.04 Государственное и муниципальное управление,12,Управление и аналитика в государственном секторе,Турнир им. М.В.Ломоносова,лингвистика,русский язык,русский язык,75 и более,Право на 100 баллов,Победителям и призерам,11 класс,19
Направление подготовки 38.03.04 Государственное и муниципальное управление,12,Управление и аналитика в государственном секторе,Турнир им. М.В.Ломоносова,лингвистика,иностранный язык,иностранный язык,75 и более,Право на 100 баллов,Победителям и призерам,11 класс,19
Направление подготовки 38.03.04 Государственное и муниципальное управление,12,Управление и аналитика в государственном секторе,Всероссийская академическая олимпиада школьников имени В.И. Вернадского,гуманитарные и социальные науки,обществознание,обществознание,75 и более,Право на прием БВИ,Победителям и призерам,"10, 11 класс",19
Направление подготовки 38.03.04 Государственное и муниципальное управление,12,Управление и аналитика в государственном секторе,Олимпиада по экономике в рамках международного экономического фестиваля школьников «Сибириада. Шаг в мечту»,экономика,экономика,математика,75 и более,Право на прием БВИ,Победителям и призерам,"10, 11 класс",19
Направление подготовки 38.03.04 Государственное и муниципальное управление,12,Управление и аналитика в государственном секторе,Межрегиональные предметные олимпиады федерального государственного автономного образовательного учреждения высшего образования «Казанский (Приволжский) федеральный университет»,иностранный язык,иностранный язык,иностранный язык,75 и более,Право на 100 баллов,Победителям и призерам,11 класс,19
Направление подготовки 38.03.04 Государственное и муниципальное управление,12,Управление и аналитика в государственном секторе,Всероссийская Толстовская олимпиада,история,история,история,75 и более,Право на прием БВИ,Победителям и призерам,11 класс,19
Направление подготовки 38.03.04 Государственное и муниципальное управление,12,Управление и аналитика в государственном секторе,Межрегиональная олимпиа да школьниковим. И.Я. Верченко,математика,математика,математика,75 и более,Право на прием БВИ,Победителям,11 класс,19
Направление подготовки 38.03.04 Государственное и муниципальное управление,12,Управление и аналитика в государственном секторе,Межрегиональная олимпиа да школьниковим. И.Я. Верченко,математика,математика,математика,75 и более,Право на 100 баллов,Призерам,11 класс,19
Направление подготовки 39.03.01 Социология,13,Социология и социальная информатика,Всероссийская олимпиада школьников «Высшая проба»,математика,математика,математика,75 и более,Право на прием БВИ,Победителям и призерам,"10, 11 класс",19
Направление подготовки 39.03.01 Социология,13,Социология и социальная информатика,Всероссийская олимпиада школьников «Высшая проба»,обществознание,обществознание,обществознание,75 и более,Право на прием БВИ,Победителям и призерам,"10, 11 класс",19
Направление подготовки 39.03.01 Социология,13,Социология и социальная информатика,Всероссийская олимпиада школьников «Высшая проба»,социология,социология и социальная работа,обществознание,75 и более,Право на прием БВИ,Победителям и призерам,"10, 11 класс",19
Направление подготовки 39.03.01 Социология,13,Социология и социальная информатика,Всероссийская олимпиада школьников «Высшая проба»,информатика,информатика,информатика,75 и более,Право на прием БВИ,Победителям и призерам,11 класс,19
Направление подготовки 39.03.01 Социология,13,Социология и социальная информатика,Всероссийская олимпиада школьников «Высшая проба»,русский язык,русский язык,русский язык,75 и более,Право на 100 баллов,Победителям и призерам,11 класс,19
Направление подготовки 39.03.01 Социология,13,Социология и социальная информатика,Всероссийская олимпиада школьников «Высшая проба»,иностранные языки,иностранный язык,иностранный язык,75 и более,Право на 100 баллов,Победителям и призерам,11 класс,19
Направление подготовки 39.03.01 Социология,13,Социология и социальная информатика,"Межрегиональная олимпиада школьников ""Будущие исследователи -будущее науки""",математика,математика,математика,75 и более,Право на прием БВИ,Победителям и призерам,"10, 11 класс",19
Направление подготовки 39.03.01 Социология,13,Социология и социальная информатика,Международная олимпиада школьников Уральского федерального университета «Изумруд»,математика,математика,математика,75 и более,Право на прием БВИ,Победителям и призерам,"10, 11 класс",19
Направление подготовки 39.03.01 Социология,13,Социология и социальная информатика,Международная олимпиада школьников Уральского федерального университета «Изумруд»,обществознание,обществознание,обществознание,75 и более,Право на прием БВИ,Победителям и призерам,"10, 11 класс",19
Направление подготовки 39.03.01 Социология,13,Социология и социальная информатика,Международная олимпиада школьников Уральского федерального университета «Изумруд»,русский язык,русский язык,русский язык,75 и более,Право на 100 баллов,Победителям и призерам,11 класс,19
Направление подготовки 39.03.01 Социология,13,Социология и социальная информатика,Московская олимпиада школьников,математика,математика,математика,75 и более,Право на прием БВИ,Победителям и призерам,"10, 11 класс",19
Направление подготовки 39.03.01 Социология,13,Социология и социальная информатика,Московская олимпиада школьников,обществознание,обществознание,обществознание,75 и более,Право на прием БВИ,Победителям и призерам,"10, 11 класс",20
Направление подготовки 39.03.01 Социология,13,Социология и социальная информатика,Московская олимпиада школьников,информатика,информатика,информатика,75 и более,Право на прием БВИ,Победителям и призерам,11 класс,20
Направление подготовки 39.03.01 Социология,13,Социология и социальная информатика,Московская олимпиада школьников,лингвистика,иностранный язык,иностранный язык,75 и более,Право на 100 баллов,Победителям и призерам,11 класс,20
Направление подготовки 39.03.01 Социология,13,Социология и социальная информатика,Олимпиада РГГУ для школьников,русский язык,русский язык,русский язык,75 и более,Право на 100 баллов,Победителям и призерам,11 класс,20
Направление подготовки 39.03.01 Социология,13,Социология и социальная информатика,Олимпиада РГГУ для школьников,иностранный язык,иностранный язык,иностранный язык,75 и более,Право на 100 баллов,Победителям и призерам,11 класс,20
Направление подготовки 39.03.01 Социология,13,Социология и социальная информатика,"Олимпиада школьников ""Ломоносов""",математика,математика,математика,75 и более,Право на прием БВИ,Победителям и призерам,"10, 11 класс",20
Направление подготовки 39.03.01 Социология,13,Социология и социальная информатика,"Олимпиада школьников ""Ломоносов""",обществознание,обществознание,обществознание,75 и более,Право на прием БВИ,Победителям и призерам,"10, 11 класс",20
Направление подготовки 39.03.01 Социология,13,Социология и социальная информатика,"Олимпиада школьников ""Ломоносов""",информатика,информатика,информатика,75 и более,Право на прием БВИ,Победителям и призерам,11 класс,20
Направление подготовки 39.03.01 Социология,13,Социология и социальная информатика,"Олимпиада школьников ""Ломоносов""",русский язык,русский язык,русский язык,75 и более,Право на 100 баллов,Победителям и призерам,11 класс,20
Направление подготовки 39.03.01 Социология,13,Социология и социальная информатика,"Олимпиада школьников ""Ломоносов""",иностранный язык,иностранный язык,иностранный язык,75 и более,Право на 100 баллов,Победителям и призерам,11 класс,20
Направление подготовки 39.03.01 Социология,13,Социология и социальная информатика,"Олимпиада школьников ""Покори Воробьёвы горы!""",математика,математика,математика,75 и более,Право на прием БВИ,Победителям и призерам,"10, 11 класс",20
Направление подготовки 39.03.01 Социология,13,Социология и социальная информатика,"Олимпиада школьников ""Покори Воробьёвы горы!""",обществознание,обществознание,обществознание,75 и более,Право на прием БВИ,Победителям и призерам,"10, 11 класс",20
Направление подготовки 39.03.01 Социология,13,Социология и социальная информатика,"Олимпиада школьников ""Покори Воробьёвы горы!""",иностранный язык,иностранный язык,иностранный язык,75 и более,Право на 100 баллов,Победителям и призерам,11 класс,20
Направление подготовки 39.03.01 Социология,13,Социология и социальная информатика,Олимпиада школьников Российской академии народного хозяйства и государственной службы при Президенте Российской Федерации,иностранный язык,иностранный язык,иностранный язык,75 и более,Право на 100 баллов,Победителям и призерам,11 класс,20
Направление подготовки 39.03.01 Социология,13,Социология и социальная информатика,Плехановская олимпиада школьников,русский язык,русский язык,русский язык,75 и более,Право на 100 баллов,Победителям и призерам,11 класс,20
Направление подготовки 39.03.01 Социология,13,Социология и социальная информатика,Плехановская олимпиада школьников,иностранный язык,иностранный язык,иностранный язык,75 и более,Право на 100 баллов,Победителям и призерам,11 класс,20
Направление подготовки 39.03.01 Социология,13,Социология и социальная информатика,Олимпиада школьников Санкт-Петербургского государственного университета,математика,математика,математика,75 и более,Право на прием БВИ,Победителям и призерам,"10, 11 класс",20
Направление подготовки 39.03.01 Социология,13,Социология и социальная информатика,Олимпиада школьников Санкт-Петербургского государственного университета,обществознание,обществознание,обществознание,75 и более,Право на прием БВИ,Победителям и призерам,"10, 11 класс",20
Направление подготовки 39.03.01 Социология,13,Социология и социальная информатика,Олимпиада школьников Санкт-Петербургского государственного университета,информатика,информатика,информатика,75 и более,Право на прием БВИ,Победителям и призерам,11 класс,20
Направление подготовки 39.03.01 Социология,13,Социология и социальная информатика,Олимпиада школьников Санкт-Петербургского государственного университета,иностранный язык,иностранный язык,иностранный язык,75 и более,Право на 100 баллов,Победителям и призерам,11 класс,20
Направление подготовки 39.03.01 Социология,13,Социология и социальная информатика,Турнир им. М.В.Ломоносова,лингвистика,математика,математика,75 и более,Право на 100 баллов,Победителям и призерам,11 класс,20
Направление подготовки 39.03.01 Социология,13,Социология и социальная информатика,Турнир им. М.В.Ломоносова,лингвистика,русский язык,русский язык,75 и более,Право на 100 баллов,Победителям и призерам,11 класс,20
Направление подготовки 39.03.01 Социология,13,Социология и социальная информатика,Турнир им. М.В.Ломоносова,лингвистика,иностранный язык,иностранный язык,75 и более,Право на 100 баллов,Победителям и призерам,11 класс,20
Направление подготовки 39.03.01 Социология,13,Социология и социальная информатика,Турнир городов,математика,математика,математика,75 и более,Право на прием БВИ,Победителям и призерам,"10, 11 класс",20
Направление подготовки 39.03.01 Социология,13,Социология и социальная информатика,Санкт-Петербургская олимпиада школьников,математика,математика,математика,75 и более,Право на прием БВИ,Победителям и призерам,"10, 11 класс",20
Направление подготовки 39.03.01 Социология,13,Социология и социальная информатика,Всесибирская открытая олимпиада школьников,информатика,информатика,информатика,75 и более,Право на прием БВИ,Победителям и призерам,11 класс,20
Направление подготовки 39.03.01 Социология,13,Социология и социальная информатика,Всесибирская открытая олимпиада школьников,математика,математика,математика,75 и более,Право на прием БВИ,Победителям и призерам,"10, 11 класс",20
Направление подготовки 39.03.01 Социология,13,Социология и социальная информатика,Объединённая межвузовская математическая олимпиада школьников,математика,математика,математика,75 и более,Право на прием БВИ,Победителям и призерам,"10, 11 класс",20
Направление подготовки 39.03.01 Социология,13,Социология и социальная информатика,Олимпиада Курчатов,математика,математика,математика,75 и более,Право на прием БВИ,Победителям и призерам,"10, 11 класс",20
Направление подготовки 39.03.01 Социология,13,Социология и социальная информатика,Международная олимпиада «Innopolis Open»,информатика,информатика,информатика,75 и более,Право на прием БВИ,Победителям и призерам,11 класс,21
Направление подготовки 39.03.01 Социология,13,Социология и социальная информатика,Международная олимпиада «Innopolis Open»,математика,математика,математика,75 и более,Право на прием БВИ,Победителям и призерам,"10, 11 класс",21
Направление подготовки 39.03.01 Социология,13,Социология и социальная информатика,"Олимпиада школьников ""Физтех""",математика,математика,математика,75 и более,Право на прием БВИ,Победителям и призерам,"10, 11 класс",21
Направление подготовки 39.03.01 Социология,13,Социология и социальная информатика,"Олимпиада школьников ""Шаг в будущее""",математика,математика,математика,75 и более,Право на прием БВИ,Победителям и призерам,"10, 11 класс",21
Направление подготовки 39.03.01 Социология,13,Социология и социальная информатика,Олимпиада Юношеской математической школы,математика,математика,математика,75 и более,Право на прием БВИ,Победителям и призерам,"10, 11 класс",21
Направление подготовки 39.03.01 Социология,13,Социология и социальная информатика,Открытая олимпиада школьников,математика,математика,математика,75 и более,Право на прием БВИ,Победителям и призерам,"10, 11 класс",21
Направление подготовки 39.03.01 Социология,13,Социология и социальная информатика,"Отраслевая физико-математическая олимпиада школьников ""Росатом""",математика,математика,математика,75 и более,Право на прием БВИ,Победителям и призерам,"10, 11 класс",21
Направление подготовки 39.03.01 Социология,13,Социология и социальная информатика,Герценовская олимпиада школьников,иностранный язык,иностранный язык,иностранные языки,75 и более,Право на 100 баллов,Победителям и призерам,11 класс,21
Направление подготовки 39.03.01 Социология,13,Социология и социальная информатика,Всероссийская академическая олимпиада школьников имени В.И. Вернадского,гуманитарные и социальные науки,обществознание,обществознание,75 и более,Право на прием БВИ,Победителям и призерам,"10, 11 класс",21
Направление подготовки 39.03.01 Социология,13,Социология и социальная информатика,Межрегиональная олимпиа да школьниковим. И.Я. Верченко,математика,математика,математика,75 и более,Право на прием БВИ,Победителям,11 класс,21
Направление подготовки 39.03.01 Социология,13,Социология и социальная информатика,Межрегиональная олимпиа да школьниковим. И.Я. Верченко,математика,математика,математика,75 и более,Право на 100 баллов,Призерам,11 класс,21
Направление подготовки 39.03.01 Социология,13,Социология и социальная информатика,Межрегиональные предметные олимпиады федерального государственного автономного образовательного учреждения высшего образования «Казанский (Приволжский) федеральный университет»,иностранный язык,иностранный язык,иностранный язык,75 и более,Право на 100 баллов,Победителям и призерам,11 класс,21
Направление подготовки 39.03.01 Социология,13,Социология и социальная информатика,"олимпиада «Формула Единства» / ""Третье",математика,математика,математика,75 и более,Право на прием БВИ,Победителям,11 класс,21
Направление подготовки 39.03.01 Социология,13,Социология и социальная информатика,"олимпиада «Формула Единства» / ""Третье",математика,математика,математика,75 и более,Право на 100 баллов,Призерам,11 класс,21
Направление подготовки 39.03.01 Социология,13,Социология и социальная информатика,Олимпиада по экономике в рамках международного экономического фестиваля школьников «Сибириада. Шаг в мечту»,экономика,экономика,математика,75 и более,Право на прием БВИ,Победителям и призерам,11 класс,21
Направление подготовки 40.03.01 Юриспруденция,14,Юриспруденция,"Всероссийская олимпиада школьников ""Высшая проба""",право,право,обществознание,75 и более,Право на прием БВИ,Победителям и призерам,"10, 11 класс",21
Направление подготовки 40.03.01 Юриспруденция,14,Юриспруденция,"Всероссийская олимпиада школьников ""Высшая проба""",обществознание,обществознание,обществознание,75 и более,Право на прием БВИ,Победителям и призерам,"10, 11 класс",21
Направление подготовки 40.03.01 Юриспруденция,14,Юриспруденция,"Всероссийская олимпиада школьников ""Высшая проба""",история,история,история,75 и более,Право на прием БВИ,Победителям и призерам,"10, 11 класс",21
Направление подготовки 40.03.01 Юриспруденция,14,Юриспруденция,"Всероссийская олимпиада школьников ""Высшая проба""",русский язык,русский язык,русский язык,75 и более,Право на прием БВИ,Победителям и призерам,"10, 11 класс",21
Направление подготовки 40.03.01 Юриспруденция,14,Юриспруденция,"Всероссийская олимпиада школьников ""Высшая проба""",иностранные языки,иностранный язык,иностранный язык,75 и более,Право на прием БВИ,Победителям и призерам,"10, 11 класс",21
Направление подготовки 40.03.01 Юриспруденция,14,Юриспруденция,"Всероссийская олимпиада школьников ""Миссия выполнима. Твое призвание - финансист!""",обществознание,обществознание,обществознание,75 и более,Право на прием БВИ,Победителям,11 класс,21
Направление подготовки 40.03.01 Юриспруденция,14,Юриспруденция,"Всероссийская олимпиада школьников ""Миссия выполнима. Твое призвание - финансист!""",обществознание,обществознание,обществознание,75 и более,Право на 100 баллов,Призерам,11 класс,21
Направление подготовки 40.03.01 Юриспруденция,14,Юриспруденция,"Всероссийская олимпиада школьников ""Миссия выполнима. Твое призвание - финансист!""",история,история,история,75 и более,Право на прием БВИ,Победителям,"10, 11 класс",21
Направление подготовки 40.03.01 Юриспруденция,14,Юриспруденция,"Всероссийская олимпиада школьников ""Миссия выполнима. Твое призвание - финансист!""",история,история,история,75 и более,Право на 100 баллов,Призерам,"10, 11 класс",21
Направление подготовки 40.03.01 Юриспруденция,14,Юриспруденция,"Всероссийская олимпиада школьников ""Миссия выполнима. Твое призвание - финансист!""",иностранный язык,иностранный язык,иностранный язык,75 и более,Право на прием БВИ,Победителям,11 класс,21
Направление подготовки 40.03.01 Юриспруденция,14,Юриспруденция,"Всероссийская олимпиада школьников ""Миссия выполнима. Твое призвание - финансист!""",иностранный язык,иностранный язык,иностранный язык,75 и более,Право на 100 баллов,Призерам,11 класс,21
Направление подготовки 40.03.01 Юриспруденция,14,Юриспруденция,Кутафинская олимпиада школьников по праву,право,право,обществознание,75 и более,Право на прием БВИ,Победителям и призерам,"10, 11 класс",21
Направление подготовки 40.03.01 Юриспруденция,14,Юриспруденция,Международная олимпиада школьников Уральского федерального университета «Изумруд»,обществознание,обществознание,обществознание,75 и более,Право на прием БВИ,Победителям,"10, 11 класс",21
Направление подготовки 40.03.01 Юриспруденция,14,Юриспруденция,Международная олимпиада школьников Уральского федерального университета «Изумруд»,обществознание,обществознание,обществознание,75 и более,Право на 100 баллов,Призерам,"10, 11 класс",21
Направление подготовки 40.03.01 Юриспруденция,14,Юриспруденция,Международная олимпиада школьников Уральского федерального университета «Изумруд»,история,история,история,75 и более,Право на прием БВИ,Победителям,"10, 11 класс",21
Направление подготовки 40.03.01 Юриспруденция,14,Юриспруденция,Международная олимпиада школьников Уральского федерального университета «Изумруд»,история,история,история,75 и более,Право на 100 баллов,Призерам,"10, 11 класс",21
Направление подготовки 40.03.01 Юриспруденция,14,Юриспруденция,Международная олимпиада школьников Уральского федерального университета «Изумруд»,русский язык,русский язык,русский язык,75 и более,Право на прием БВИ,Победителям,"10, 11 класс",21
Направление подготовки 40.03.01 Юриспруденция,14,Юриспруденция,Международная олимпиада школьников Уральского федерального университета «Изумруд»,русский язык,русский язык,русский язык,75 и более,Право на 100 баллов,Призерам,"10, 11 класс",21
Направление подготовки 40.03.01 Юриспруденция,14,Юриспруденция,"Олимпиада школьников ""Покори Воробьёвы горы!""",обществознание,обществознание,обществознание,75 и более,Право на прием БВИ,Победителям и призерам,11 класс,22
Направление подготовки 40.03.01 Юриспруденция,14,Юриспруденция,"Олимпиада школьников ""Покори Воробьёвы горы!""",история,история,история,75 и более,Право на прием БВИ,Победителям и призерам,"10, 11 класс",22
Направление подготовки 40.03.01 Юриспруденция,14,Юриспруденция,"Олимпиада школьников ""Покори Воробьёвы горы!""",иностранный язык,иностранный язык,иностранный язык,75 и более,Право на прием БВИ,Победителям и призерам,11 класс,22
Направление подготовки 40.03.01 Юриспруденция,14,Юриспруденция,"Олимпиада школьников ""Ломоносов""",право,юриспруденция,обществознание,75 и более,Право на прием БВИ,Победителям и призерам,11 класс,22
Направление подготовки 40.03.01 Юриспруденция,14,Юриспруденция,"Олимпиада школьников ""Ломоносов""",обществознание,обществознание,обществознание,75 и более,Право на прием БВИ,Победителям и призерам,11 класс,22
Направление подготовки 40.03.01 Юриспруденция,14,Юриспруденция,"Олимпиада школьников ""Ломоносов""",история,история,история,75 и более,Право на прием БВИ,Победителям и призерам,"10, 11 класс",22
Направление подготовки 40.03.01 Юриспруденция,14,Юриспруденция,"Олимпиада школьников ""Ломоносов""",русский язык,русский язык,русский язык,75 и более,Право на прием БВИ,Победителям и призерам,11 класс,22
Направление подготовки 40.03.01 Юриспруденция,14,Юриспруденция,"Олимпиада школьников ""Ломоносов""",иностранный язык,иностранный язык,иностранный язык,75 и более,Право на прием БВИ,Победителям и призерам,11 класс,22
Направление подготовки 40.03.01 Юриспруденция,14,Юриспруденция,Олимпиада школьников Российской академии народного хозяйства и государственной службы при Президенте Российской Федерации,обществознание,обществознание,обществознание,75 и более,Право на прием БВИ,Победителям,11 класс,22
Направление подготовки 40.03.01 Юриспруденция,14,Юриспруденция,Олимпиада школьников Российской академии народного хозяйства и государственной службы при Президенте Российской Федерации,обществознание,обществознание,обществознание,75 и более,Право на 100 баллов,Призерам,11 класс,22
Направление подготовки 40.03.01 Юриспруденция,14,Юриспруденция,Олимпиада школьников Российской академии народного хозяйства и государственной службы при Президенте Российской Федерации,история,история,история,75 и более,Право на 100 баллов,Победителям и призерам,"10, 11 класс",22
Направление подготовки 40.03.01 Юриспруденция,14,Юриспруденция,Олимпиада школьников Российской академии народного хозяйства и государственной службы при Президенте Российской Федерации,иностранный язык,иностранный язык,иностранный язык,75 и более,Право на прием БВИ,Победителям,11 класс,22
Направление подготовки 40.03.01 Юриспруденция,14,Юриспруденция,Олимпиада школьников Российской академии народного хозяйства и государственной службы при Президенте Российской Федерации,иностранный язык,иностранный язык,иностранный язык,75 и более,Право на 100 баллов,Призерам,11 класс,22
Направление подготовки 40.03.01 Юриспруденция,14,Юриспруденция,Олимпиада школьников Санкт-Петербургского государственного университета,право,право,обществознание,75 и более,Право на прием БВИ,Победителям и призерам,"10, 11 класс",22
Направление подготовки 40.03.01 Юриспруденция,14,Юриспруденция,Олимпиада школьников Санкт-Петербургского государственного университета,история,история,история,75 и более,Право на прием БВИ,Победителям и призерам,"10, 11 класс",22
Направление подготовки 40.03.01 Юриспруденция,14,Юриспруденция,Олимпиада школьников Санкт-Петербургского государственного университета,обществознание,обществознание,обществознание,75 и более,Право на прием БВИ,Победителям и призерам,"10, 11 класс",22
Направление подготовки 40.03.01 Юриспруденция,14,Юриспруденция,Олимпиада школьников Санкт-Петербургского государственного университета,иностранный язык,иностранный язык,иностранный язык,75 и более,Право на прием БВИ,Победителям и призерам,"10, 11 класс",22
Направление подготовки 40.03.01 Юриспруденция,14,Юриспруденция,Всероссийская Толстовская олимпиада школьников,история,история,история,75 и более,Право на прием БВИ,Победителям и призерам,"10, 11 класс",22
Направление подготовки 40.03.01 Юриспруденция,14,Юриспруденция,Всероссийская Толстовская олимпиада школьников,право,обществознание,обществознание,75 и более,Право на прием БВИ,Победителям и призерам,11 класс,22
Направление подготовки 40.03.01 Юриспруденция,14,Юриспруденция,Всероссийская олимпиада школьников «Юридические высоты!»,право,юриспруденция,обществознание,75 и более,Право на прием БВИ,Победителям,11 класс,22
Направление подготовки 40.03.01 Юриспруденция,14,Юриспруденция,Всероссийская академическая олимпиада школьников имени В.И. Вернадского,гуманитарные и социальные науки,"история, обществознание",обществознание,75 и более,Право на прием БВИ,Победителям,11 класс,22
Направление подготовки 40.03.01 Юриспруденция,14,Юриспруденция,Всероссийская академическая олимпиада школьников имени В.И. Вернадского,гуманитарные и социальные науки,"история, обществознание",обществознание,75 и более,Право на 100 баллов,Призерам,11 класс,22
Направление подготовки 40.03.01 Юриспруденция,14,Юриспруденция,Всероссийская академическая олимпиада школьников имени В.И. Вернадского,гуманитарные и социальные науки,"история, обществознание",история,75 и более,Право на прием БВИ,Победителям,"10, 11 класс",22
Направление подготовки 40.03.01 Юриспруденция,14,Юриспруденция,Всероссийская академическая олимпиада школьников имени В.И. Вернадского,гуманитарные и социальные науки,"история, обществознание",история,75 и более,Право на 100 баллов,Призерам,"10, 11 класс",22
Направление подготовки 40.03.01 Юриспруденция,14,Юриспруденция,федерального государственного автономного,иностранный язык,иностранный язык,иностранный язык,75 и более,Право на прием БВИ,Победителям,11 класс,22
Направление подготовки 40.03.01 Юриспруденция,14,Юриспруденция,федерального государственного автономного,русский язык,русский язык,русский язык,75 и более,Право на прием БВИ,Победителям,11 класс,22
Направление подготовки 41.03.04 Политология,15,Политология и мировая политика,Всероссийская олимпиада школьников «Высшая проба»,обществознание,обществознание,обществознание,75 и более,Право на прием БВИ,Победителям и призерам,11 класс,22
Направление подготовки 41.03.04 Политология,15,Политология и мировая политика,Всероссийская олимпиада школьников «Высшая проба»,история,история,история,75 и более,Право на прием БВИ,Победителям и призерам,11 класс,22
Направление подготовки 41.03.04 Политология,15,Политология и мировая политика,Всероссийская олимпиада школьников «Высшая проба»,философия,"философия, этика и религиоведение",обществознание,75 и более,Право на прием БВИ,Победителям и призерам,11 класс,22
Направление подготовки 41.03.04 Политология,15,Политология и мировая политика,Всероссийская олимпиада школьников «Высшая проба»,международные отношения,политические науки и регионоведение,история,75 и более,Право на прием БВИ,Победителям и призерам,11 класс,22
Направление подготовки 41.03.04 Политология,15,Политология и мировая политика,Всероссийская олимпиада школьников «Высшая проба»,социология,социология и социальная работа,обществознание,75 и более,Право на прием БВИ,Победителям и призерам,11 класс,22
Направление подготовки 41.03.04 Политология,15,Политология и мировая политика,Всероссийская олимпиада школьников «Высшая проба»,русский язык,русский язык,русский язык,75 и более,Право на 100 баллов,Победителям и призерам,11 класс,22
Направление подготовки 41.03.04 Политология,15,Политология и мировая политика,Всероссийская олимпиада школьников «Высшая проба»,иностранные языки,иностранный язык,иностранный язык,75 и более,Право на прием БВИ,Победителям и призерам,11 класс,23
Направление подготовки 41.03.04 Политология,15,Политология и мировая политика,"Всероссийская олимпиада школьников ""Миссия выполнима. Твое призвание - финансист!""",обществознание,обществознание,обществознание,75 и более,Право на 100 баллов,Победителям и призерам,11 класс,23
Направление подготовки 41.03.04 Политология,15,Политология и мировая политика,"Всероссийская олимпиада школьников ""Миссия выполнима. Твое призвание - финансист!""",история,история,история,75 и более,Право на 100 баллов,Победителям и призерам,11 класс,23
Направление подготовки 41.03.04 Политология,15,Политология и мировая политика,"Всероссийская олимпиада школьников ""Миссия выполнима. Твое призвание - финансист!""",иностранный язык,иностранный язык,иностранный язык,75 и более,Право на прием БВИ,Победителям и призерам,11 класс,23
Направление подготовки 41.03.04 Политология,15,Политология и мировая политика,Всероссийская Толстовская олимпиада,история,история,история,75 и более,Право на 100 баллов,Победителям и призерам,11 класс,23
Направление подготовки 41.03.04 Политология,15,Политология и мировая политика,Всероссийская академическая олимпиада школьников имени В.И. Вернадского,гуманитарные и социальные науки,обществознание,обществознание,75 и более,Право на прием БВИ,Победителям и призерам,11 класс,23
Направление подготовки 41.03.04 Политология,15,Политология и мировая политика,Всероссийская академическая олимпиада школьников имени В.И. Вернадского,гуманитарные и социальные науки,история,история,75 и более,Право на прием БВИ,Победителям и призерам,11 класс,23
Направление подготовки 41.03.04 Политология,15,Политология и мировая политика,"Межрегиональная олимпиада школьников ""Будущие исследователи -будущее науки""",история,история,история,75 и более,Право на прием БВИ,Победителям,11 класс,23
Направление подготовки 41.03.04 Политология,15,Политология и мировая политика,"Межрегиональная олимпиада школьников ""Будущие исследователи -будущее науки""",история,история,история,75 и более,Право на 100 баллов,Призерам,11 класс,23
Направление подготовки 41.03.04 Политология,15,Политология и мировая политика,"Межрегиональная олимпиада школьников ""Будущие исследователи -будущее науки""",русский язык,русский язык,русский язык,75 и более,Право на 100 баллов,Победителям,11 класс,23
Направление подготовки 41.03.04 Политология,15,Политология и мировая политика,"Межрегиональная олимпиада школьников ""Евразийская лингвистическая олимпиада""",иностранный язык,иностранный язык,иностранный язык,75 и более,Право на прием БВИ,Победителям и призерам,11 класс,23
Направление подготовки 41.03.04 Политология,15,Политология и мировая политика,Международная олимпиада школьников Уральского федерального университета «Изумруд»,обществознание,обществознание,обществознание,75 и более,Право на 100 баллов,Победителям и призерам,11 класс,23
Направление подготовки 41.03.04 Политология,15,Политология и мировая политика,Международная олимпиада школьников Уральского федерального университета «Изумруд»,история,история,история,75 и более,Право на 100 баллов,Победителям и призерам,11 класс,23
Направление подготовки 41.03.04 Политология,15,Политология и мировая политика,Международная олимпиада школьников Уральского федерального университета «Изумруд»,русский язык,русский язык,русский язык,75 и более,Право на 100 баллов,Победителям,11 класс,23
Направление подготовки 41.03.04 Политология,15,Политология и мировая политика,Московская олимпиада школьников,обществознание,обществознание,обществознание,75 и более,Право на прием БВИ,Победителям и призерам,11 класс,23
Направление подготовки 41.03.04 Политология,15,Политология и мировая политика,Московская олимпиада школьников,история,история,история,75 и более,Право на прием БВИ,Победителям и призерам,11 класс,23
Направление подготовки 41.03.04 Политология,15,Политология и мировая политика,Московская олимпиада школьников,лингвистика,иностранный язык,иностранный язык,75 и более,Право на прием БВИ,Победителям и призерам,11 класс,23
Направление подготовки 41.03.04 Политология,15,Политология и мировая политика,Океан знаний,обществознание,обществознание,обществознание,75 и более,Право на 100 баллов,Победителям,11 класс,23
Направление подготовки 41.03.04 Политология,15,Политология и мировая политика,Океан знаний,русский язык,русский язык,русский язык,75 и более,Право на 100 баллов,Победителям,11 класс,23
Направление подготовки 41.03.04 Политология,15,Политология и мировая политика,Олимпиада РГГУ для школьников,русский язык,русский язык,русский язык,75 и более,Право на 100 баллов,Победителям,11 класс,23
Направление подготовки 41.03.04 Политология,15,Политология и мировая политика,Олимпиада РГГУ для школьников,иностранный язык,иностранный язык,иностранный язык,75 и более,Право на прием БВИ,Победителям,11 класс,23
Направление подготовки 41.03.04 Политология,15,Политология и мировая политика,Олимпиада РГГУ для школьников,обществознание,обществознание,обществознание,75 и более,Право на 100 баллов,Победителям,11 класс,23
Направление подготовки 41.03.04 Политология,15,Политология и мировая политика,Олимпиада РГГУ для школьников,история,история,история,75 и более,Право на 100 баллов,Победителям,11 класс,23
Направление подготовки 41.03.04 Политология,15,Политология и мировая политика,"Олимпиада школьников ""Ломоносов""",обществознание,обществознание,обществознание,75 и более,Право на прием БВИ,Победителям и призерам,11 класс,23
Направление подготовки 41.03.04 Политология,15,Политология и мировая политика,"Олимпиада школьников ""Ломоносов""",история,история,история,75 и более,Право на прием БВИ,Победителям и призерам,11 класс,23
Направление подготовки 41.03.04 Политология,15,Политология и мировая политика,"Олимпиада школьников ""Ломоносов""",политология,история,история,75 и более,Право на прием БВИ,Победителям и призерам,11 класс,23
Направление подготовки 41.03.04 Политология,15,Политология и мировая политика,"Олимпиада школьников ""Ломоносов""",философия,философия,обществознание,75 и более,Право на 100 баллов,Победителям и призерам,11 класс,23
Направление подготовки 41.03.04 Политология,15,Политология и мировая политика,"Олимпиада школьников ""Ломоносов""",международные отношения и глобалистика,история,история,75 и более,Право на прием БВИ,Победителям и призерам,11 класс,23
Направление подготовки 41.03.04 Политология,15,Политология и мировая политика,"Олимпиада школьников ""Ломоносов""",русский язык,русский язык,русский язык,75 и более,Право на 100 баллов,Победителям и призерам,11 класс,23
Направление подготовки 41.03.04 Политология,15,Политология и мировая политика,"Олимпиада школьников ""Ломоносов""",основы российской государственности,история,история,75 и более,Право на прием БВИ,Победителям и призерам,11 класс,23
Направление подготовки 41.03.04 Политология,15,Политология и мировая политика,"Олимпиада школьников ""Ломоносов""",основы российской государственности,обществознание,обществознание,75 и более,Право на прием БВИ,Победителям и призерам,11 класс,23
Направление подготовки 41.03.04 Политология,15,Политология и мировая политика,"Олимпиада школьников ""Ломоносов""",иностранный язык,иностранный язык,иностранный язык,75 и более,Право на прием БВИ,Победителям и призерам,11 класс,23
Направление подготовки 41.03.04 Политология,15,Политология и мировая политика,"Олимпиада школьников ""Покори Воробьёвы горы!""",обществознание,обществознание,обществознание,75 и более,Право на прием БВИ,Победителям и призерам,11 класс,24
Направление подготовки 41.03.04 Политология,15,Политология и мировая политика,"Олимпиада школьников ""Покори Воробьёвы горы!""",история,история,история,75 и более,Право на прием БВИ,Победителям и призерам,11 класс,24
Направление подготовки 41.03.04 Политология,15,Политология и мировая политика,"Олимпиада школьников ""Покори Воробьёвы горы!""",иностранный язык,иностранный язык,иностранный язык,75 и более,Право на прием БВИ,Победителям и призерам,11 класс,24
Направление подготовки 41.03.04 Политология,15,Политология и мировая политика,Олимпиада школьников Российской академии народного хозяйства и государственной службы при Президенте Российской Федерации,обществознание,обществознание,обществознание,75 и более,Право на прием БВИ,Победителям,11 класс,24
Направление подготовки 41.03.04 Политология,15,Политология и мировая политика,Олимпиада школьников Российской академии народного хозяйства и государственной службы при Президенте Российской Федерации,обществознание,обществознание,обществознание,75 и более,Право на 100 баллов,Призерам,11 класс,24
Направление подготовки 41.03.04 Политология,15,Политология и мировая политика,Олимпиада школьников Российской академии народного хозяйства и государственной службы при Президенте Российской Федерации,история,история,история,75 и более,Право на прием БВИ,Победителям,11 класс,24
Направление подготовки 41.03.04 Политология,15,Политология и мировая политика,Олимпиада школьников Российской академии народного хозяйства и государственной службы при Президенте Российской Федерации,история,история,история,75 и более,Право на 100 баллов,Призерам,11 класс,24
Направление подготовки 41.03.04 Политология,15,Политология и мировая политика,Олимпиада школьников Российской академии народного хозяйства и государственной службы при Президенте Российской Федерации,политология,политология,обществознание,75 и более,Право на прием БВИ,Победителям и призерам,11 класс,24
Направление подготовки 41.03.04 Политология,15,Политология и мировая политика,Олимпиада школьников Российской академии народного хозяйства и государственной службы при Президенте Российской Федерации,иностранный язык,иностранный язык,иностранный язык,75 и более,Право на прием БВИ,Победителям,11 класс,24
Направление подготовки 41.03.04 Политология,15,Политология и мировая политика,Олимпиада школьников Санкт-Петербургского государственного университета,история,история,история,75 и более,Право на прием БВИ,Победителям и призерам,11 класс,24
Направление подготовки 41.03.04 Политология,15,Политология и мировая политика,Олимпиада школьников Санкт-Петербургского государственного университета,обществознание,обществознание,обществознание,75 и более,Право на прием БВИ,Победителям и призерам,11 класс,24
Направление подготовки 41.03.04 Политология,15,Политология и мировая политика,Олимпиада школьников Санкт-Петербургского государственного университета,международные отношения,политические науки и регионоведение,история,75 и более,Право на прием БВИ,Победителям и призерам,11 класс,24
Направление подготовки 41.03.04 Политология,15,Политология и мировая политика,Олимпиада школьников Санкт-Петербургского государственного университета,политология,политические науки и регионоведение,обществознание,75 и более,Право на прием БВИ,Победителям и призерам,11 класс,24
Направление подготовки 41.03.04 Политология,15,Политология и мировая политика,Олимпиада школьников Санкт-Петербургского государственного университета,философия,философия,обществознание,75 и более,Право на 100 баллов,Победителям и призерам,11 класс,24
Направление подготовки 41.03.04 Политология,15,Политология и мировая политика,Олимпиада школьников Санкт-Петербургского государственного университета,иностранный язык,иностранный язык,иностранный язык,75 и более,Право на прием БВИ,Победителям и призерам,11 класс,24
Направление подготовки 41.03.04 Политология,15,Политология и мировая политика,Турнир им. М.В.Ломоносова,история,история,история,75 и более,Право на прием БВИ,Победителям и призерам,11 класс,24
Направление подготовки 41.03.04 Политология,15,Политология и мировая политика,Турнир им. М.В.Ломоносова,лингвистика,русский язык,русский язык,75 и более,Право на 100 баллов,Победителям и призерам,11 класс,24
Направление подготовки 41.03.04 Политология,15,Политология и мировая политика,Турнир им. М.В.Ломоносова,лингвистика,иностранный язык,иностранный язык,75 и более,Право на прием БВИ,Победителям и призерам,11 класс,24
Направление подготовки 41.03.04 Политология,15,Политология и мировая политика,Герценовская олимпиада школьников,иностранный язык,иностранный язык,иностранные языки,75 и более,Право на прием БВИ,Победителям и призерам,11 класс,24
Направление подготовки 41.03.04 Политология,15,Политология и мировая политика,Олимпиада МГИМО МИД России для школьников,гуманитарные и социальные науки,"история, обществознание",история,75 и более,Право на 100 баллов,Победителям и призерам,11 класс,24
Направление подготовки 41.03.04 Политология,15,Политология и мировая политика,Олимпиада МГИМО МИД России для школьников,гуманитарные и социальные науки,"история, обществознание",обществознание,75 и более,Право на 100 баллов,Победителям и призерам,11 класс,24
Направление подготовки 41.03.05 Международные отношения,16,Политология и мировая политика,Всероссийская олимпиада школьников «Высшая проба»,обществознание,обществознание,обществознание,75 и более,Право на 100 баллов,Победителям и призерам,11 класс,24
Направление подготовки 41.03.05 Международные отношения,16,Политология и мировая политика,Всероссийская олимпиада школьников «Высшая проба»,история,история,история,75 и более,Право на прием БВИ,Победителям,11 класс,24
Направление подготовки 41.03.05 Международные отношения,16,Политология и мировая политика,Всероссийская олимпиада школьников «Высшая проба»,история,история,история,75 и более,Право на 100 баллов,Призерам,11 класс,24
Направление подготовки 41.03.05 Международные отношения,16,Политология и мировая политика,Всероссийская олимпиада школьников «Высшая проба»,иностранные языки,иностранный язык,иностранный язык,75 и более,Право на прием БВИ,Победителям и призерам,11 класс,24
Направление подготовки 41.03.05 Международные отношения,16,Политология и мировая политика,Всероссийская олимпиада школьников «Высшая проба»,русский язык,русский язык,русский язык,75 и более,Право на 100 баллов,Победителям и призерам,11 класс,24
Направление подготовки 41.03.05 Международные отношения,16,Политология и мировая политика,Всероссийская олимпиада школьников «Высшая проба»,международные отношения,политические науки и регионоведение,история,75 и более,Право на прием БВИ,Победителям,11 класс,24
Направление подготовки 41.03.05 Международные отношения,16,Политология и мировая политика,Всероссийская олимпиада школьников «Высшая проба»,международные отношения,политические науки и регионоведение,история,75 и более,Право на 100 баллов,Призерам,11 класс,24
Направление подготовки 41.03.05 Международные отношения,16,Политология и мировая политика,Всероссийская олимпиада школьников «Высшая проба»,международные отношения,политические науки и регионоведение,обществознание,75 и более,Право на 100 баллов,Победителям и призерам,11 класс,24
Направление подготовки 41.03.05 Международные отношения,16,Политология и мировая политика,Всероссийская олимпиада школьников «Миссия выполнима. Твое призвание - финансист!»,обществознание,обществознание,обществознание,75 и более,Право на 100 баллов,Победителям и призерам,11 класс,24
Направление подготовки 41.03.05 Международные отношения,16,Политология и мировая политика,Всероссийская Толстовская олимпиада школьников,обществознание,обществознание,обществознание,75 и более,Право на 100 баллов,Победителям и призерам,11 класс,24
Направление подготовки 41.03.05 Международные отношения,16,Политология и мировая политика,Герценовская олимпиада школьников,иностранный язык,иностранный язык,иностранный язык,75 и более,Право на прием БВИ,Победителям и призерам,11 класс,24
Направление подготовки 41.03.05 Международные отношения,16,Политология и мировая политика,Международная олимпиада школьников Уральского федерального университета «Изумруд»,русский язык,русский язык,русский язык,75 и более,Право на 100 баллов,Победителям и призерам,11 класс,25
Направление подготовки 41.03.05 Международные отношения,16,Политология и мировая политика,Международная олимпиада школьников Уральского федерального университета «Изумруд»,обществознание,обществознание,обществознание,75 и более,Право на 100 баллов,Победителям и призерам,11 класс,25
Направление подготовки 41.03.05 Международные отношения,16,Политология и мировая политика,Межрегиональная олимпиада школьников «Будущие исследователи - будущее науки»,русский язык,русский язык,русский язык,75 и более,Право на 100 баллов,Победителям и призерам,11 класс,25
Направление подготовки 41.03.05 Международные отношения,16,Политология и мировая политика,Межрегиональная олимпиада школьников «Евразийская лингвистическая олимпиада»,иностранный язык,иностранный язык,иностранный язык,75 и более,Право на прием БВИ,Победителям и призерам,11 класс,25
Направление подготовки 41.03.05 Международные отношения,16,Политология и мировая политика,Межрегиональная олимпиада школьников на базе ведомственных образовательных организаций,иностранный язык,иностранный язык,иностранный язык,75 и более,Право на прием БВИ,Победителям и призерам,11 класс,25
Направление подготовки 41.03.05 Международные отношения,16,Политология и мировая политика,Межрегиональные предметные олимпиады федерального государственного автономного образовательного учреждения высшего образования «Казанский (Приволжский),русский язык,русский язык,русский язык,75 и более,Право на 100 баллов,Победителям и призерам,11 класс,25
Направление подготовки 41.03.05 Международные отношения,16,Политология и мировая политика,Межрегиональные предметные олимпиады федерального государственного автономного образовательного учреждения высшего образования «Казанский (Приволжский),иностранный язык,иностранный язык,иностранный язык,75 и более,Право на прием БВИ,Победителям и призерам,11 класс,25
Направление подготовки 41.03.05 Международные отношения,16,Политология и мировая политика,Московская олимпиада школьников,обществознание,обществознание,обществознание,75 и более,Право на 100 баллов,Победителям и призерам,11 класс,25
Направление подготовки 41.03.05 Международные отношения,16,Политология и мировая политика,Московская олимпиада школьников,история,история,история,75 и более,Право на 100 баллов,Победителям и призерам,11 класс,25
Направление подготовки 41.03.05 Международные отношения,16,Политология и мировая политика,Московская олимпиада школьников,лингвистика,иностранный язык,иностранный язык,75 и более,Право на 100 баллов,Победителям и призерам,11 класс,25
Направление подготовки 41.03.05 Международные отношения,16,Политология и мировая политика,Московская олимпиада школьников,лингвистика,иностранный язык,русский язык,75 и более,Право на прием БВИ,Победителям и призерам,11 класс,25
Направление подготовки 41.03.05 Международные отношения,16,Политология и мировая политика,Московская олимпиада школьников,география,география,география,75 и более,Право на прием БВИ,Призерам,11 класс,25
Направление подготовки 41.03.05 Международные отношения,16,Политология и мировая политика,Московская олимпиада школьников,география,география,география,75 и более,Право на прием БВИ,Победителям,"10,11 класс",25
Направление подготовки 41.03.05 Международные отношения,16,Политология и мировая политика,Олимпиада школьников Российской академии народного хозяйства и государственной службы при Президенте Российской Федерации,обществознание,обществознание,обществознание,75 и более,Право на 100 баллов,Победителям и призерам,11 класс,25
Направление подготовки 41.03.05 Международные отношения,16,Политология и мировая политика,Олимпиада школьников Российской академии народного хозяйства и государственной службы при Президенте Российской Федерации,политология,политология,обществознание,75 и более,Право на 100 баллов,Победителям и призерам,11 класс,25
Направление подготовки 41.03.05 Международные отношения,16,Политология и мировая политика,Олимпиада школьников Российской академии народного хозяйства и государственной службы при Президенте Российской Федерации,иностранный язык,иностранный язык,иностранный язык,75 и более,Право на прием БВИ,Победителям и призерам,11 класс,25
Направление подготовки 41.03.05 Международные отношения,16,Политология и мировая политика,Олимпиада школьников Санкт-Петербургского государственного университета,обществознание,обществознание,обществознание,75 и более,Право на 100 баллов,Победителям и призерам,11 класс,25
Направление подготовки 41.03.05 Международные отношения,16,Политология и мировая политика,Олимпиада школьников Санкт-Петербургского государственного университета,международные отношения,политические науки и регионоведение,история,75 и более,Право на прием БВИ,Победителям,11 класс,25
Направление подготовки 41.03.05 Международные отношения,16,Политология и мировая политика,Олимпиада школьников Санкт-Петербургского государственного университета,международные отношения,политические науки и регионоведение,обществознание,75 и более,Право на 100 баллов,Призерам,11 класс,25
Направление подготовки 41.03.05 Международные отношения,16,Политология и мировая политика,Олимпиада школьников Санкт-Петербургского государственного университета,история,история,история,75 и более,Право на прием БВИ,Победителям,11 класс,25
Направление подготовки 41.03.05 Международные отношения,16,Политология и мировая политика,Олимпиада школьников Санкт-Петербургского государственного университета,история,история,история,75 и более,Право на 100 баллов,Призерам,11 класс,25
Направление подготовки 41.03.05 Международные отношения,16,Политология и мировая политика,Олимпиада школьников Санкт-Петербургского государственного университета,иностранный язык,иностранный язык,иностранный язык,75 и более,Право на прием БВИ,Победителям и призерам,11 класс,25
Направление подготовки 41.03.05 Международные отношения,16,Политология и мировая политика,Олимпиада школьников Санкт-Петербургского государственного университета,география,география,география,75 и более,Право на прием БВИ,Победителям и призерам,11 класс,25
Направление подготовки 41.03.05 Международные отношения,16,Политология и мировая политика,Открытая региональная межвузовская олимпиада школьников (ОРМО) с международным участием,русский язык,русский язык,русский язык,75 и более,Право на 100 баллов,Победителям и призерам,11 класс,25
Направление подготовки 41.03.05 Международные отношения,16,Политология и мировая политика,Плехановская олимпиада школьников,русский язык,русский язык,русский язык,75 и более,Право на 100 баллов,Победителям и призерам,11 класс,25
Направление подготовки 41.03.05 Международные отношения,16,Политология и мировая политика,Турнир имени М.В. Ломоносова,лингвистика,"русский язык, иностранный язык, математика",русский язык,75 и более,Право на 100 баллов,Победителям и призерам,11 класс,25
Направление подготовки 41.03.05 Международные отношения,16,Политология и мировая политика,"Олимпиада школьников ""Ломоносов""",география,география,география,75 и более,Право на прием БВИ,Победителям и призерам,11 класс,25
Направление подготовки 42.03.05 Медиакоммуникации,17,Медиакоммуникаци и,"Олимпиада школьников ""Ломоносов""",литература,литература,литература,75 и более,Право на 100 баллов,Победителям и призёрам,11 класс,25
Направление подготовки 42.03.05 Медиакоммуникации,17,Медиакоммуникаци и,"Олимпиада школьников ""Ломоносов""",русский язык,русский язык,русский язык,75 и более,Право на 100 баллов,Победителям и призёрам,11 класс,25
Направление подготовки 42.03.05 Медиакоммуникации,17,Медиакоммуникаци и,"Олимпиада школьников ""Ломоносов""",обществознание,обществознание,обществознание,75 и более,Право на 100 баллов,Победителям,11 класс,25
Направление подготовки 42.03.05 Медиакоммуникации,17,Медиакоммуникаци и,"Олимпиада школьников ""Ломоносов""",иностранный язык,иностранный язык,иностранный язык,75 и более,Право на 100 баллов,Победителям,11 класс,25
Направление подготовки 42.03.05 Медиакоммуникации,17,Медиакоммуникаци и,Всероссийская олимпиада школьников «Высшая проба»,филология,литература,литература,75 и более,Право на 100 баллов,Победителям и призёрам,11 класс,26
Направление подготовки 42.03.05 Медиакоммуникации,17,Медиакоммуникаци и,Всероссийская олимпиада школьников «Высшая проба»,русский язык,русский язык,русский язык,75 и более,Право на 100 баллов,Победителям и призёрам,11 класс,26
Направление подготовки 42.03.05 Медиакоммуникации,17,Медиакоммуникаци и,Всероссийская олимпиада школьников «Высшая проба»,история,история,история,75 и более,Право на 100 баллов,Победителям и призёрам,11 класс,26
Направление подготовки 42.03.05 Медиакоммуникации,17,Медиакоммуникаци и,Всероссийская олимпиада школьников «Высшая проба»,обществознание,обществознание,обществознание,75 и более,Право на 100 баллов,Победителям,11 класс,26
Направление подготовки 42.03.05 Медиакоммуникации,17,Медиакоммуникаци и,Всероссийская олимпиада школьников «Высшая проба»,иностранные языки,иностранный язык,иностранный язык,75 и более,Право на 100 баллов,Победителям,11 класс,26
Направление подготовки 42.03.05 Медиакоммуникации,17,Медиакоммуникаци и,"Олимпиада школьников ""Покори Воробьёвы горы!""",литература,литература,литература,75 и более,Право на 100 баллов,Победителям,11 класс,26
Направление подготовки 42.03.05 Медиакоммуникации,17,Медиакоммуникаци и,"Олимпиада школьников ""Покори Воробьёвы горы!""",иностранный язык,иностранный язык,иностранный язык,75 и более,Право на 100 баллов,Победителям,11 класс,26
Направление подготовки 42.03.05 Медиакоммуникации,17,Медиакоммуникаци и,Олимпиада школьников Санкт-Петербургского государственного университета,иностранный язык,иностранный язык,иностранный язык,75 и более,Право на 100 баллов,Победителям,11 класс,26
Направление подготовки 42.03.05 Медиакоммуникации,17,Медиакоммуникаци и,Олимпиада школьников Санкт-Петербургского государственного университета,история,история,история,75 и более,Право на 100 баллов,Победителям,11 класс,26
Направление подготовки 42.03.05 Медиакоммуникации,17,Медиакоммуникаци и,Олимпиада школьников Санкт-Петербургского государственного университета,обществознание,обществознание,обществознание,75 и более,Право на 100 баллов,Победителям,11 класс,26
Направление подготовки 42.03.05 Медиакоммуникации,17,Медиакоммуникаци и,Олимпиада школьников Санкт-Петербургского государственного университета,филология,литература,литература,75 и более,Право на 100 баллов,Победителям,11 класс,26
Направление подготовки 42.03.05 Медиакоммуникации,17,Медиакоммуникаци и,Московская олимпиада школьников,история,история,история,75 и более,Право на 100 баллов,Победителям,11 класс,26
Направление подготовки 42.03.05 Медиакоммуникации,17,Медиакоммуникаци и,Московская олимпиада школьников,обществознание,обществознание,обществознание,75 и более,Право на 100 баллов,Победителям,11 класс,26
Направление подготовки 45.03.01 Филология,18,Филология,Всероссийская олимпиада школьников «Высшая проба»,филология,литература,литература,75 и более,Право на прием БВИ,Победителям и призерам,11 класс,26
Направление подготовки 45.03.01 Филология,18,Филология,Всероссийская олимпиада школьников «Высшая проба»,русский язык,русский язык,русский язык,75 и более,Право на прием БВИ,Победителям и призерам,11 класс,26
Направление подготовки 45.03.01 Филология,18,Филология,Всероссийская олимпиада школьников «Высшая проба»,иностранные языки,иностранный язык,иностранный язык,75 и более,Право на 100 баллов,Победителям и призерам,11 класс,26
Направление подготовки 45.03.01 Филология,18,Филология,"Межрегиональная олимпиада школьников ""Будущие исследователи - будущее науки""",русский язык,русский язык,русский язык,75 и более,Право на 100 баллов,Победителям,11 класс,26
Направление подготовки 45.03.01 Филология,18,Филология,Международная олимпиада школьников Уральского федерального университета «Изумруд»,русский язык,русский язык,русский язык,75 и более,Право на 100 баллов,Победителям,11 класс,26
Направление подготовки 45.03.01 Филология,18,Филология,"Межрегиональная олимпиада школьников ""Евразийская лингвистическая олимпиада""",иностранный язык,иностранный язык,иностранный язык,75 и более,Право на 100 баллов,Победителям и призерам,11 класс,26
Направление подготовки 45.03.01 Филология,18,Филология,Московская олимпиада школьников,лингвистика,иностранный язык,иностранный язык,75 и более,Право на 100 баллов,Победителям и призерам,11 класс,26
Направление подготовки 45.03.01 Филология,18,Филология,Олимпиада РГГУ для школьников,русский язык,русский язык,русский язык,75 и более,Право на 100 баллов,Победителям и призерам,11 класс,26
Направление подготовки 45.03.01 Филология,18,Филология,Олимпиада РГГУ для школьников,иностранный язык,иностранный язык,иностранный язык,75 и более,Право на 100 баллов,Победителям и призерам,11 класс,26
Направление подготовки 45.03.01 Филология,18,Филология,Олимпиада школьников Российской академии народного хозяйства и государственной службы при Президенте Российской Федерации,иностранный язык,иностранный язык,иностранный язык,75 и более,Право на 100 баллов,Победителям и призерам,11 класс,26
Направление подготовки 45.03.01 Филология,18,Филология,"Олимпиада школьников ""Покори Воробьёвы горы!""",литература,литература,литература,75 и более,Право на прием БВИ,Победителям и призерам,11 класс,26
Направление подготовки 45.03.01 Филология,18,Филология,"Олимпиада школьников ""Покори Воробьёвы горы!""",иностранный язык,иностранный язык,иностранный язык,75 и более,Право на 100 баллов,Победителям и призерам,11 класс,26
Направление подготовки 45.03.01 Филология,18,Филология,"Олимпиада школьников ""Ломоносов""",литература,литература,литература,75 и более,Право на прием БВИ,Победителям,11 класс,26
Направление подготовки 45.03.01 Филология,18,Филология,"Олимпиада школьников ""Ломоносов""",литература,литература,литература,75 и более,Право на 100 баллов,Призерам,11 класс,26
Направление подготовки 45.03.01 Филология,18,Филология,"Олимпиада школьников ""Ломоносов""",русский язык,русский язык,русский язык,75 и более,Право на прием БВИ,Победителям и призерам,11 класс,26
Направление подготовки 45.03.01 Филология,18,Филология,"Олимпиада школьников ""Ломоносов""",иностранный язык,иностранный язык,иностранный язык,75 и более,Право на 100 баллов,Победителям и призерам,11 класс,26
Направление подготовки 45.03.01 Филология,18,Филология,Открытая региональная межвузовская олимпиада школьников (ОРМО) с международным участием,литература,литература,литература,75 и более,Право на 100 баллов,Победителям и призерам,11 класс,26
Направление подготовки 45.03.01 Филология,18,Филология,Плехановская олимпиада школьников,русский язык,русский язык,русский язык,75 и более,Право на 100 баллов,Победителям и призерам,11 класс,26
Направление подготовки 45.03.01 Филология,18,Филология,Плехановская олимпиада школьников,иностранный язык,иностранный язык,иностранный язык,75 и более,Право на 100 баллов,Победителям и призерам,11 класс,26
Направление подготовки 45.03.01 Филология,18,Филология,Олимпиада школьников Санкт-Петербургского государственного университета,филология,литература,литература,75 и более,Право на прием БВИ,Победителям и призерам,11 класс,26
Направление подготовки 45.03.01 Филология,18,Филология,Олимпиада школьников Санкт-Петербургского государственного университета,филология,русский язык,русский язык,75 и более,Право на прием БВИ,Победителям,11 класс,27
Направление подготовки 45.03.01 Филология,18,Филология,Олимпиада школьников Санкт-Петербургского государственного университета,филология,русский язык,русский язык,75 и более,Право на 100 баллов,Призерам,11 класс,27
Направление подготовки 45.03.01 Филология,18,Филология,Олимпиада школьников Санкт-Петербургского государственного университета,филология,иностранный язык,иностранный язык,75 и более,Право на 100 баллов,Победителям и призерам,11 класс,27
Направление подготовки 45.03.01 Филология,18,Филология,Олимпиада школьников Санкт-Петербургского государственного университета,иностранный язык,иностранный язык,иностранный язык,75 и более,Право на 100 баллов,Победителям и призерам,11 класс,27
Направление подготовки 45.03.01 Филология,18,Филология,Турнир имени М.В. Ломоносова,литература,литература,литература,75 и более,Право на 100 баллов,Победителям и призерам,11 класс,27
Направление подготовки 45.03.01 Филология,18,Филология,Турнир имени М.В. Ломоносова,лингвистика,русский язык,русский язык,75 и более,Право на 100 баллов,Победителям и призерам,11 класс,27
Направление подготовки 45.03.01 Филология,18,Филология,Турнир имени М.В. Ломоносова,лингвистика,иностранный язык,иностранный язык,75 и более,Право на 100 баллов,Победителям и призерам,11 класс,27
Направление подготовки 45.03.01 Филология,18,Филология,Герценовская олимпиада школьников,иностранный язык,иностранный язык,иностранный язык,75 и более,Право на 100 баллов,Победителям и призерам,11 класс,27
Направление подготовки 45.03.01 Филология,19,"Тексты, языки и цифровые инструменты",Всероссийская олимпиада школьников «Высшая проба»,филология,литература,литература,75 и более,Право на прием БВИ,Победителям,11 класс,27
Направление подготовки 45.03.01 Филология,19,"Тексты, языки и цифровые инструменты",Всероссийская олимпиада школьников «Высшая проба»,филология,литература,литература,75 и более,Право на 100 баллов,Призерам,11 класс,27
Направление подготовки 45.03.01 Филология,19,"Тексты, языки и цифровые инструменты",Всероссийская олимпиада школьников «Высшая проба»,иностранные языки,иностранный язык,иностранный язык,75 и более,Право на прием БВИ,Победителям,11 класс,27
Направление подготовки 45.03.01 Филология,19,"Тексты, языки и цифровые инструменты",Всероссийская олимпиада школьников «Высшая проба»,иностранные языки,иностранный язык,иностранный язык,75 и более,Право на 100 баллов,Призерам,11 класс,27
Направление подготовки 45.03.01 Филология,19,"Тексты, языки и цифровые инструменты",Всероссийская олимпиада школьников «Высшая проба»,русский язык,русский язык,русский язык,75 и более,Право на прием БВИ,Победителям,11 класс,27
Направление подготовки 45.03.01 Филология,19,"Тексты, языки и цифровые инструменты",Всероссийская олимпиада школьников «Высшая проба»,русский язык,русский язык,русский язык,75 и более,Право на 100 баллов,Призерам,11 класс,27
Направление подготовки 45.03.01 Филология,19,"Тексты, языки и цифровые инструменты",Всероссийская олимпиада школьников «Высшая проба»,обществознание,общкствознание,обществознание,75 и более,Право на 100 баллов,Победителям,11 класс,27
Направление подготовки 45.03.01 Филология,19,"Тексты, языки и цифровые инструменты",Герценовская олимпиада школьников,иностранный язык,иностранный язык,иностранный язык,75 и более,Право на прием БВИ,Победителям,11 класс,27
Направление подготовки 45.03.01 Филология,19,"Тексты, языки и цифровые инструменты",Герценовская олимпиада школьников,иностранный язык,иностранный язык,иностранный язык,75 и более,Право на 100 баллов,Призерам,11 класс,27
Направление подготовки 45.03.01 Филология,19,"Тексты, языки и цифровые инструменты",Межрегиональная олимпиада школьников «Евразийская лингвистическая олимпиада»,иностранный язык,иностранный язык,иностранный язык,75 и более,Право на 100 баллов,Победителям,11 класс,27
Направление подготовки 45.03.01 Филология,19,"Тексты, языки и цифровые инструменты",федерального государственного автономного,иностранный язык,иностранный язык,иностранный язык,75 и более,Право на 100 баллов,Победителям,11 класс,27
Направление подготовки 45.03.01 Филология,19,"Тексты, языки и цифровые инструменты",федерального государственного автономного,русский язык,русский язык,русский язык,75 и более,Право на 100 баллов,Победителям,11 класс,27
Направление подготовки 45.03.01 Филология,19,"Тексты, языки и цифровые инструменты",Московская олимпиада школьников,лингвистика,"русский язык, иностранный язык",русский язык,75 и более,Право на 100 баллов,Победителям,11 класс,27
Направление подготовки 45.03.01 Филология,19,"Тексты, языки и цифровые инструменты",Московская олимпиада школьников,лингвистика,иностранный язык,иностранный язык,75 и более,Право на прием БВИ,Победителям,11 класс,27
Направление подготовки 45.03.01 Филология,19,"Тексты, языки и цифровые инструменты",Московская олимпиада школьников,лингвистика,иностранный язык,иностранный язык,75 и более,Право на 100 баллов,Призерам,11 класс,27
Направление подготовки 45.03.01 Филология,19,"Тексты, языки и цифровые инструменты",Олимпиада РГГУ для школьников,литература,литература,литература,75 и более,Право на 100 баллов,Победителям,11 класс,27
Направление подготовки 45.03.01 Филология,19,"Тексты, языки и цифровые инструменты",Олимпиада РГГУ для школьников,иностранный язык,иностранный язык,иностранный язык,75 и более,Право на прием БВИ,Победителям,11 класс,27
Направление подготовки 45.03.01 Филология,19,"Тексты, языки и цифровые инструменты",Олимпиада РГГУ для школьников,иностранный язык,иностранный язык,иностранный язык,75 и более,право на 100 баллов,призерам,11 класс,27
Направление подготовки 45.03.01 Филология,19,"Тексты, языки и цифровые инструменты",Олимпиада РГГУ для школьников,русский язык,русский язык,русский язык,75 и более,Право на 100 баллов,Победителям,11 класс,27
Направление подготовки 45.03.01 Филология,19,"Тексты, языки и цифровые инструменты",Олимпиада школьников «Ломоносов»,литература,литература,литература,75 и более,Право на 100 баллов,Победителям,11 класс,27
Направление подготовки 45.03.01 Филология,19,"Тексты, языки и цифровые инструменты",Олимпиада школьников «Ломоносов»,русский язык,русский язык,русский язык,75 и более,Право на 100 баллов,Победителям,11 класс,27
Направление подготовки 45.03.01 Филология,19,"Тексты, языки и цифровые инструменты",Олимпиада школьников «Ломоносов»,иностранный язык,иностранный язык,иностранный язык,75 и более,Право на прием БВИ,Победителям,11 класс,27
Направление подготовки 45.03.01 Филология,19,"Тексты, языки и цифровые инструменты",Олимпиада школьников «Ломоносов»,иностранный язык,иностранный язык,иностранный язык,75 и более,Право на 100 баллов,Призерам,11 класс,27
Направление подготовки 45.03.01 Филология,19,"Тексты, языки и цифровые инструменты",Олимпиада школьников «Ломоносов»,обществознание,обществознание,обществознание,75 и более,Право на прием БВИ,Победителям,11 класс,27
Направление подготовки 45.03.01 Филология,19,"Тексты, языки и цифровые инструменты",Олимпиада школьников «Ломоносов»,обществознание,обществознание,обществознание,75 и более,Право на 100 баллов,Призерам,11 класс,27
Направление подготовки 45.03.01 Филология,19,"Тексты, языки и цифровые инструменты",Олимпиада школьников Российской академии народного хозяйства и государственной службы при Президенте Российской Федерации,иностранный язык,иностранный язык,иностранный язык,75 и более,Право на 100 баллов,Победителям и призерам,11 класс,27
Направление подготовки 45.03.01 Филология,19,"Тексты, языки и цифровые инструменты",Олимпиада школьников Санкт-Петербургского государственного университета,филология,"иностранный язык, литература, русский язык",литература,75 и более,Право на прием БВИ,Победителям,11 класс,28
Направление подготовки 45.03.01 Филология,19,"Тексты, языки и цифровые инструменты",Олимпиада школьников Санкт-Петербургского государственного университета,филология,"иностранный язык, литература, русский язык",литература,75 и более,Право на 100 баллов,Призерам,11 класс,28
Направление подготовки 45.03.01 Филология,19,"Тексты, языки и цифровые инструменты",Олимпиада школьников Санкт-Петербургского государственного университета,иностранный язык,иностранный язык,иностранный язык,75 и более,Право на прием БВИ,Победителям,11 класс,28
Направление подготовки 45.03.01 Филология,19,"Тексты, языки и цифровые инструменты",Олимпиада школьников Санкт-Петербургского государственного университета,иностранный язык,иностранный язык,иностранный язык,75 и более,Право на 100 баллов,Призерам,11 класс,28
Направление подготовки 45.03.01 Филология,19,"Тексты, языки и цифровые инструменты",Олимпиада школьников Санкт-Петербургского государственного университета,обществознание,общесвознание,обществознание,75 и более,Право на 100 баллов,победителям,11 класс,28
Направление подготовки 45.03.01 Филология,19,"Тексты, языки и цифровые инструменты",Олимпиада школьников «Покори Воробьевы горы!»,литература,литература,литература,75 и более,Право на 100 баллов,Победителям,11 класс,28
Направление подготовки 45.03.01 Филология,19,"Тексты, языки и цифровые инструменты",Олимпиада школьников «Покори Воробьевы горы!»,иностранный язык,иностранный язык,иностранный язык,75 и более,Право на прием БВИ,Победителям,11 класс,28
Направление подготовки 45.03.01 Филология,19,"Тексты, языки и цифровые инструменты",Олимпиада школьников «Покори Воробьевы горы!»,иностранный язык,иностранный язык,иностранный язык,75 и более,Право на 100 баллов,Призерам,11 класс,28
Направление подготовки 45.03.01 Филология,19,"Тексты, языки и цифровые инструменты",Плехановская олимпиада школьников,русский язык,русский язык,русский язык,75 и более,Право на 100 баллов,Победителям,11 класс,28
Направление подготовки 45.03.01 Филология,19,"Тексты, языки и цифровые инструменты",Плехановская олимпиада школьников,иностранный язык,иностранный язык,иностранный язык,75 и более,Право на прием БВИ,Победителям,11 класс,28
Направление подготовки 45.03.01 Филология,19,"Тексты, языки и цифровые инструменты",Плехановская олимпиада школьников,иностранный язык,иностранный язык,иностранный язык,75 и более,Право на 100 баллов,Призерам,11 класс,28
Направление подготовки 45.03.01 Филология,19,"Тексты, языки и цифровые инструменты",Турнир имени М.В. Ломоносова,лингвистика,"русский язык, иностранный язык, математика",русский язык,75 и более,Право на 100 баллов,Победителям,11 класс,28
Направление подготовки 45.03.01 Филология,19,"Тексты, языки и цифровые инструменты",Турнир имени М.В. Ломоносова,лингвистика,"русский язык, иностранный язык, математика",иностранный язык,75 и более,Право на 100 баллов,Победителям,11 класс,28
Направление подготовки 46.03.01 История,20,История,Всероссийская олимпиада школьников «Высшая проба»,история,история,история,75 и более,Право на прием БВИ,Победителям и призерам,"10, 11 класс",28
Направление подготовки 46.03.01 История,20,История,Всероссийская олимпиада школьников «Высшая проба»,русский язык,русский язык,русский язык,75 и более,Право на 100 баллов,Победителям и призерам,11 класс,28
Направление подготовки 46.03.01 История,20,История,Всероссийская олимпиада школьников «Высшая проба»,иностранные языки,иностранный язык,иностранный язык,75 и более,Право на 100 баллов,Победителям и призерам,11 класс,28
Направление подготовки 46.03.01 История,20,История,Всероссийская Толстовская олимпиада,история,история,история,75 и более,Право на прием БВИ,Победителям и призерам,"10, 11 класс",28
Направление подготовки 46.03.01 История,20,История,"Межрегиональная олимпиада школьников ""Будущие исследователи -будущее науки""",история,история,история,75 и более,Право на прием БВИ,Победителям и призерам,"10, 11 класс",28
Направление подготовки 46.03.01 История,20,История,"Межрегиональная олимпиада школьников ""Будущие исследователи -будущее науки""",русский язык,русский язык,русский язык,75 и более,Право на 100 баллов,Победителям и призерам,11 класс,28
Направление подготовки 46.03.01 История,20,История,"Межрегиональная олимпиада школьников ""Евразийская лингвистическая олимпиада""",иностранный язык,иностранный язык,иностранный язык,75 и более,Право на 100 баллов,Победителям и призерам,11 класс,28
Направление подготовки 46.03.01 История,20,История,Международная олимпиада школьников Уральского федерального университета «Изумруд»,история,история,история,75 и более,Право на прием БВИ,Победителям,11 класс,28
Направление подготовки 46.03.01 История,20,История,Международная олимпиада школьников Уральского федерального университета «Изумруд»,история,история,история,75 и более,Право на 100 баллов,Призерам,11 класс,28
Направление подготовки 46.03.01 История,20,История,Международная олимпиада школьников Уральского федерального университета «Изумруд»,русский язык,русский язык,русский язык,75 и более,Право на 100 баллов,Победителям и призерам,11 класс,28
Направление подготовки 46.03.01 История,20,История,Московская олимпиада школьников,история,история,история,75 и более,Право на прием БВИ,Победителям,11 класс,28
Направление подготовки 46.03.01 История,20,История,Московская олимпиада школьников,история,история,история,75 и более,Право на 100 баллов,Призерам,11 класс,28
Направление подготовки 46.03.01 История,20,История,Московская олимпиада школьников,лингвистика,иностранный язык,иностранный язык,75 и более,Право на 100 баллов,Победителям и призерам,11 класс,28
Направление подготовки 46.03.01 История,20,История,Океан знаний,русский язык,русский язык,русский язык,75 и более,Право на 100 баллов,Победителям и призерам,11 класс,28
Направление подготовки 46.03.01 История,20,История,Олимпиада РГГУ для школьников,русский язык,русский язык,русский язык,75 и более,Право на 100 баллов,Победителям и призерам,11 класс,28
Направление подготовки 46.03.01 История,20,История,Олимпиада РГГУ для школьников,иностранный язык,иностранный язык,иностранный язык,75 и более,Право на 100 баллов,Победителям и призерам,11 класс,28
Направление подготовки 46.03.01 История,20,История,"Олимпиада школьников ""Ломоносов""",история,история,история,75 и более,Право на прием БВИ,Победителям и призерам,"10, 11 класс",28
Направление подготовки 46.03.01 История,20,История,"Олимпиада школьников ""Ломоносов""",международные отношения и глобалистика,история,история,75 и более,Право на прием БВИ,Победителям и призерам,"10, 11 класс",28
Направление подготовки 46.03.01 История,20,История,"Олимпиада школьников ""Ломоносов""",русский язык,русский язык,русский язык,75 и более,Право на 100 баллов,Победителям и призерам,11 класс,28
Направление подготовки 46.03.01 История,20,История,"Олимпиада школьников ""Ломоносов""",иностранный язык,иностранный язык,иностранный язык,75 и более,Право на 100 баллов,Победителям и призерам,11 класс,28
Направление подготовки 46.03.01 История,20,История,"Олимпиада школьников ""Покори Воробьёвы горы!""",история,история,история,75 и более,Право на прием БВИ,Победителям и призерам,"10, 11 класс",29
Направление подготовки 46.03.01 История,20,История,"Олимпиада школьников ""Покори Воробьёвы горы!""",иностранный язык,иностранный язык,иностранный язык,75 и более,Право на 100 баллов,Победителям и призерам,11 класс,29
Направление подготовки 46.03.01 История,20,История,Олимпиада школьников Российской академии народного хозяйства и государственной службы при Президенте Российской Федерации,история,история,история,75 и более,Право на прием БВИ,Победителям и призерам,11 класс,29
Направление подготовки 46.03.01 История,20,История,Олимпиада школьников Российской академии народного хозяйства и государственной службы при Президенте Российской Федерации,иностранный язык,иностранный язык,иностранный язык,75 и более,Право на 100 баллов,Победителям и призерам,11 класс,29
Направление подготовки 46.03.01 История,20,История,Открытая региональная межвузовская олимпиада школьников (ОРМО) с международным участием,русский язык,русский язык,русский язык,75 и более,Право на 100 баллов,Победителям и призерам,11 класс,29
Направление подготовки 46.03.01 История,20,История,Плехановская олимпиада школьников,русский язык,русский язык,русский язык,75 и более,Право на 100 баллов,Победителям и призерам,11 класс,29
Направление подготовки 46.03.01 История,20,История,Плехановская олимпиада школьников,иностранный язык,иностранный язык,иностранный язык,75 и более,Право на 100 баллов,Победителям и призерам,11 класс,29
Направление подготовки 46.03.01 История,20,История,Олимпиада школьников Санкт-Петербургского государственного университета,история,история,история,75 и более,Право на прием БВИ,Победителям и призерам,"10, 11 класс",29
Направление подготовки 46.03.01 История,20,История,Олимпиада школьников Санкт-Петербургского государственного университета,иностранный язык,иностранный язык,иностранный язык,75 и более,Право на 100 баллов,Победителям и призерам,11 класс,29
Направление подготовки 46.03.01 История,20,История,Турнир имени М.В. Ломоносова,история,история,история,75 и более,Право на прием БВИ,Победителям и призерам,11 класс,29
Направление подготовки 46.03.01 История,20,История,Турнир имени М.В. Ломоносова,лингвистика,русский язык,русский язык,75 и более,Право на 100 баллов,Победителям и призерам,11 класс,29
Направление подготовки 46.03.01 История,20,История,Турнир имени М.В. Ломоносова,лингвистика,иностранный язык,иностранный язык,75 и более,Право на 100 баллов,Победителям и призерам,11 класс,29
Направление подготовки 46.03.01 История,20,История,Всероссийская академическая олимпиада школьников имени В.И. Вернадского,гуманитарные и социальные науки,история,история,75 и более,Право на прием БВИ,Победителям и призерам,11 класс,29
Направление подготовки 46.03.01 История,20,История,Герценовская олимпиада школьников,иностранный язык,иностранный язык,иностранный язык,75 и более,Право на 100 баллов,Победителям и призерам,11 класс,29
Направление подготовки 54.03.01 Дизайн,21,Дизайн,"Всероссийская олимпиада школьников ""Высшая проба""",дизайн,изобразительное и прикладные виды искусств,нет,нет,Право на прием БВИ,Победителям,11 класс,29
Направление подготовки 54.03.01 Дизайн,21,Дизайн,"Всероссийская олимпиада школьников ""Высшая проба""",филология,литература,литература,75 и более,Право на 100 баллов,Победителям и призерам,11 класс,29
Направление подготовки 54.03.01 Дизайн,21,Дизайн,"Всероссийская олимпиада школьников ""Высшая проба""",русский язык,русский язык,русский язык,75 и более,Право на 100 баллов,Победителям и призерам,11 класс,29
Направление подготовки 54.03.01 Дизайн,21,Дизайн,"Олимпиада школьников ""Покори Воробьёвы горы!""",литература,литература,литература,75 и более,Право на 100 баллов,Победителям и призерам,11 класс,29
Направление подготовки 54.03.01 Дизайн,21,Дизайн,"Олимпиада школьников ""Ломоносов""",литература,литература,литература,75 и более,Право на 100 баллов,Победителям и призерам,11 класс,29
Направление подготовки 54.03.01 Дизайн,21,Дизайн,"Олимпиада школьников ""Ломоносов""",русский язык,русский язык,русский язык,75 и более,Право на 100 баллов,Победителям и призерам,11 класс,29
Направление подготовки 54.03.01 Дизайн,21,Дизайн,Открытая региональная межвузовская олимпиада школьников (ОРМО) с международным участием,литература,литература,литература,75 и более,Право на 100 баллов,Победителям и призерам,11 класс,29
Направление подготовки 54.03.01 Дизайн,21,Дизайн,"Межрегиональная олимпиада школьников ""Будущие исследователи -будущее науки""",русский язык,русский язык,русский язык,75 и более,Право на 100 баллов,Победителям и призерам,11 класс,29
Направление подготовки 54.03.01 Дизайн,21,Дизайн,Плехановская олимпиада школьников,русский язык,русский язык,русский язык,75 и более,Право на 100 баллов,Победителям и призерам,11 класс,29
Направление подготовки 54.03.01 Дизайн,21,Дизайн,Международная олимпиада школьников Уральского федерального университета «Изумруд»,русский язык,русский язык,русский язык,75 и более,Право на 100 баллов,Победителям и призерам,11 класс,29
Направление подготовки 54.03.01 Дизайн,21,Дизайн,Олимпиада РГГУ для школьников,русский язык,русский язык,русский язык,75 и более,Право на 100 баллов,Победителям и призерам,11 класс,29
Направление подготовки 54.03.01 Дизайн,21,Дизайн,Турнир имени М.В. Ломоносова,литература,литература,литература,75 и более,Право на 100 баллов,Победителям и призерам,11 класс,29
Направление подготовки 54.03.01 Дизайн,21,Дизайн,Турнир имени М.В. Ломоносова,лингвистика,русский язык,русский язык,75 и более,Право на 100 баллов,Победителям и призерам,11 класс,29
Направление подготовки 58.03.01 Востоковедение и африканистика,22,Востоковедение,Всероссийская олимпиада школьников «Высшая проба»,востоковедение,востоковедение и африканистика,история,75 и более,Право на прием БВИ,Победителям и призерам,11 класс,30
Направление подготовки 58.03.01 Востоковедение и африканистика,22,Востоковедение,Всероссийская олимпиада школьников «Высшая проба»,восточные языки,иностранный язык,иностранный язык,75 и более,Право на прием БВИ,Победителям и призерам,11 класс,30
Направление подготовки 58.03.01 Востоковедение и африканистика,22,Востоковедение,Всероссийская олимпиада школьников «Высшая проба»,история,история,история,75 и более,Право на прием БВИ,Победителям и призерам,11 класс,30
Направление подготовки 58.03.01 Востоковедение и африканистика,22,Востоковедение,Всероссийская олимпиада школьников «Высшая проба»,русский язык,русский язык,русский язык,75 и более,Право на 100 баллов,Победителям и призерам,11 класс,30
Направление подготовки 58.03.01 Востоковедение и африканистика,22,Востоковедение,Всероссийская олимпиада школьников «Высшая проба»,международные отношения,политические науки и регионоведение,история,75 и более,Право на прием БВИ,Победителям и призерам,11 класс,30
Направление подготовки 58.03.01 Востоковедение и африканистика,22,Востоковедение,Всероссийская олимпиада школьников «Высшая проба»,философия,"философия, этика и религиоведение",история,75 и более,Право на прием БВИ,Победителям,11 класс,30
Направление подготовки 58.03.01 Востоковедение и африканистика,22,Востоковедение,Всероссийская олимпиада школьников «Высшая проба»,философия,"философия, этика и религиоведение",история,75 и более,Право на 100 баллов,призерам,11 класс,30
Направление подготовки 58.03.01 Востоковедение и африканистика,22,Востоковедение,Всероссийская олимпиада школьников «Высшая проба»,социология,социология и социальная работа,история,75 и более,Право на прием БВИ,Победителям,11 класс,30
Направление подготовки 58.03.01 Востоковедение и африканистика,22,Востоковедение,Всероссийская олимпиада школьников «Высшая проба»,социология,социология и социальная работа,история,75 и более,Право на 100 баллов,призерам,11 класс,30
Направление подготовки 58.03.01 Востоковедение и африканистика,22,Востоковедение,Всероссийская олимпиада школьников «Высшая проба»,иностранные языки,иностранный язык,иностранный язык,75 и более,Право на БВИ,Победителям,11 класс,30
Направление подготовки 58.03.01 Востоковедение и африканистика,22,Востоковедение,Всероссийская олимпиада школьников «Высшая проба»,иностранные языки,иностранный язык,иностранный язык,75 и более,Право на 100 баллов,призерам,11 класс,30
Направление подготовки 58.03.01 Востоковедение и африканистика,22,Востоковедение,Всероссийская Толстовская олимпиада,история,история,история,75 и более,Право на БВИ,Победителям,11 класс,30
Направление подготовки 58.03.01 Востоковедение и африканистика,22,Востоковедение,Всероссийская Толстовская олимпиада,история,история,история,75 и более,Право на 100 баллов,Призерам,11 класс,30
Направление подготовки 58.03.01 Востоковедение и африканистика,22,Востоковедение,"Межрегиональная олимпиада школьников ""Будущие исследователи -будущее науки""",история,история,история,75 и более,Право на прием БВИ,Победителям,11 класс,30
Направление подготовки 58.03.01 Востоковедение и африканистика,22,Востоковедение,"Межрегиональная олимпиада школьников ""Будущие исследователи -будущее науки""",история,история,история,75 и более,Право на 100 баллов,Призерам,11 класс,30
Направление подготовки 58.03.01 Востоковедение и африканистика,22,Востоковедение,Московская олимпиада школьников,история,история,история,75 и более,Право на прием БВИ,Победителям,11 класс,30
Направление подготовки 58.03.01 Востоковедение и африканистика,22,Востоковедение,Московская олимпиада школьников,история,история,история,75 и более,Право на 100 баллов,Призерам,11 класс,30
Направление подготовки 58.03.01 Востоковедение и африканистика,22,Востоковедение,Московская олимпиада школьников,лингвистика,иностранный язык,иностранный язык,75 и более,Право на 100 баллов,Победителям и призерам,11 класс,30
Направление подготовки 58.03.01 Востоковедение и африканистика,22,Востоковедение,Московская олимпиада школьников,иностранный язык,иностранный язык,иностранный язык,75 и более,Право на 100 баллов,Победителям,11 класс,30
Направление подготовки 58.03.01 Востоковедение и африканистика,22,Востоковедение,"Олимпиада школьников ""Ломоносов""",история,история,история,75 и более,Право на прием БВИ,Победителям и призерам,11 класс,30
Направление подготовки 58.03.01 Востоковедение и африканистика,22,Востоковедение,"Олимпиада школьников ""Ломоносов""",русский язык,русский язык,русский язык,75 и более,Право на 100 баллов,Победителям и призерам,11 класс,30
Направление подготовки 58.03.01 Востоковедение и африканистика,22,Востоковедение,"Олимпиада школьников ""Ломоносов""",иностранный язык,иностранный язык,иностранный язык,75 и более,Право на БВИ,Победителям и призерам,11 класс,30
Направление подготовки 58.03.01 Востоковедение и африканистика,22,Востоковедение,"Олимпиада школьников ""Ломоносов""",международные отношения и глобалистика,международные отношения и глобалистика,история,75 и более,Право на БВИ,Победителям и призерам,11 класс,30
Направление подготовки 58.03.01 Востоковедение и африканистика,22,Востоковедение,"Олимпиада школьников ""Покори Воробьёвы горы!""",история,история,история,75 и более,Право на 100 баллов,Победителям и призерам,11 класс,30
Направление подготовки 58.03.01 Востоковедение и африканистика,22,Востоковедение,Олимпиада школьников Российской академии народного хозяйства и государственной службы при Президенте Российской Федерации,история,история,история,75 и более,Право на прием БВИ,Победителям,11 класс,30
Направление подготовки 58.03.01 Востоковедение и африканистика,22,Востоковедение,Олимпиада школьников Российской академии народного хозяйства и государственной службы при Президенте Российской Федерации,история,история,история,75 и более,Право на 100 баллов,Призеры,11 класс,30
Направление подготовки 58.03.01 Востоковедение и африканистика,22,Востоковедение,Олимпиада школьников Российской академии народного хозяйства и государственной службы при Президенте Российской Федерации,иностранный язык,иностранный язык,иностранный язык,75 и более,Право на БВИ,Победителям,11 класс,30
Направление подготовки 58.03.01 Востоковедение и африканистика,22,Востоковедение,Олимпиада школьников Российской академии народного хозяйства и государственной службы при Президенте Российской Федерации,иностранный язык,иностранный язык,иностранный язык,75 и более,Право на 100 баллов,Призерам,11 класс,30
Направление подготовки 58.03.01 Востоковедение и африканистика,22,Востоковедение,Открытая региональная межвузовская олимпиада школьников (ОРМО) с международным участием,русский язык,русский язык,русский язык,75 и более,Право на 100 баллов,Победителям,11 класс,30
Направление подготовки 58.03.01 Востоковедение и африканистика,22,Востоковедение,Олимпиада школьников Санкт-Петербургского государственного университета,история,история,история,75 и более,Право на прием БВИ,Победителям и призерам,11 класс,30
Направление подготовки 58.03.01 Востоковедение и африканистика,22,Востоковедение,Олимпиада школьников Санкт-Петербургского государственного университета,иностранный язык,иностранный язык,иностранный язык,75 и более,Право на прием БВИ,Победителям и призерам,11 класс,30
Направление подготовки 58.03.01 Востоковедение и африканистика,22,Востоковедение,Олимпиада школьников Санкт-Петербургского государственного университета,международные отношения,политические науки и регионоведение,история,75 и более,Право на прием БВИ,Победителям и призерам,11 класс,30
Направление подготовки 58.03.01 Востоковедение и африканистика,22,Востоковедение,Турнир им. М.В.Ломоносова,история,история,история,75 и более,Право на 100 баллов,Победителям и призерам,11 класс,30
Направление подготовки 58.03.01 Востоковедение и африканистика,22,Востоковедение,Герценовская олимпиада школьников,иностранный язык,иностранный язык,иностранные языки,75 и более,Право на БВИ,Победителям,11 класс,30
Направление подготовки 58.03.01 Востоковедение и африканистика,22,Востоковедение,Герценовская олимпиада школьников,иностранный язык,иностранный язык,иностранные языки,75 и более,Право на 100 баллов,Призерам,11 класс,30
