"№","Образовательная программа","Олимпиада","Профиль","Предмет олимпиады","Предмет(ы) для подтверждения","Баллы","Вид права","Предмет 100 баллов","Кому","Класс"
"1","Направление подготовки 38.03.01","«Финатлон для старшеклассников» - Всероссийская олимпиада по финансовой грамотности, устойчивому развитию и защите прав потребителей финансовых услуг","","","","","Право на прием БВИ","","Победителям и призерам",""
"2","Направление подготовки 38.03.02","«Финатлон для старшеклассников» - Всероссийская олимпиада по финансовой грамотности, устойчивому развитию и защите прав потребителей финансовых услуг","","","","","Право на прием БВИ","","Победителям и призерам",""
"3","Направление подготовки 38.03.05","«Финатлон для старшеклассников» - Всероссийская олимпиада по финансовой грамотности, устойчивому развитию и защите прав потребителей финансовых услуг","","","","","Право на прием БВИ","","Победителям и призерам",""
"4","Направление подготовки 38.05.01","«Финатлон для старшеклассников» - Всероссийская олимпиада по финансовой грамотности, устойчивому развитию и защите прав потребителей финансовых услуг","","","","","Право на прием БВИ","","Победителям и призерам",""
"5","Направление подготовки 41.03.05","«Финатлон для старшеклассников» - Всероссийская олимпиада по финансовой грамотности, устойчивому развитию и защите прав потребителей финансовых услуг","","","","","Право на 100 баллов","","Победителям и призерам",""
"6","Направление подготовки 12.03.04","Всероссийская олимпиада школьников «Высшая проба»","","","","","Право на прием БВИ","","Победителям и призерам",""
"7","Направление подготовки 18.03.01","Всероссийская олимпиада школьников «Высшая проба»","","","","","Право на прием БВИ","","Победителям и призерам",""
"8","Направление подготовки 22.03.01","Всероссийская олимпиада школьников «Высшая проба»","","","","","Право на прием БВИ","","Победителям и призерам",""
"9","Направление подготовки 31.05.01","Всероссийская олимпиада школьников «Высшая проба»","","","","","Право на прием БВИ","","Победителям и призерам",""
"10","Направление подготовки 38.03.01","Всероссийская олимпиада школьников «Высшая проба»","","","","","Право на прием БВИ","","Победителям и призерам",""
"11","Направление подготовки 38.03.02","Всероссийская олимпиада школьников «Высшая проба»","","","","","Право на прием БВИ","","Победителям и призерам",""
"12","Направление подготовки 38.03.05","Всероссийская олимпиада школьников «Высшая проба»","","","","","Право на прием БВИ","","Победителям и призерам",""
"13","Направление подготовки 38.05.01","Всероссийская олимпиада школьников «Высшая проба»","","","","","Право на прием БВИ","","Победителям и призерам",""
"14","Направление подготовки 41.03.05","Всероссийская олимпиада школьников «Высшая проба»","","","","","Право на прием БВИ","","Победителям и призерам",""
"15","Направление подготовки 41.03.05","Всероссийская олимпиада школьников «Высшая проба»","","","","","Право на прием БВИ","","Победителям и призерам",""
"16","Направление подготовки 01.03.02","Всероссийская олимпиада школьников «Высшая проба»","","","","","Право на прием БВИ","","Победителям и призерам",""
"17","Направление подготовки 03.03.02","Всероссийская олимпиада школьников «Высшая проба»","","","","","Право на прием БВИ","","Победителям и призерам",""
"18","Направление подготовки 03.05.02","Всероссийская олимпиада школьников «Высшая проба»","","","","","Право на прием БВИ","","Победителям и призерам",""
"19","Направление подготовки 09.03.01","Всероссийская олимпиада школьников «Высшая проба»","","","","","Право на прием БВИ","","Победителям и призерам",""
"20","Направление подготовки 09.03.03","Всероссийская олимпиада школьников «Высшая проба»","","","","","Право на прием БВИ","","Победителям и призерам",""
"21","Направление подготовки 09.03.04","Всероссийская олимпиада школьников «Высшая проба»","","","","","Право на прием БВИ","","Победителям и призерам",""
"22","Направление подготовки 10.03.01","Всероссийская олимпиада школьников «Высшая проба»","","","","","Право на прием БВИ","","Победителям и призерам",""
"23","Направление подготовки 10.05.04","Всероссийская олимпиада школьников «Высшая проба»","","","","","Право на прием БВИ","","Победителям и призерам",""
"24","Направление подготовки 10.05.05","Всероссийская олимпиада школьников «Высшая проба»","","","","","Право на прием БВИ","","Победителям и призерам",""
"25","Направление подготовки 11.03.04","Всероссийская олимпиада школьников «Высшая проба»","","","","","Право на прием БВИ","","Победителям и призерам",""
"26","Направление подготовки 12.03.01","Всероссийская олимпиада школьников «Высшая проба»","","","","","Право на прием БВИ","","Победителям и призерам",""
"27","Направление подготовки 12.03.04","Всероссийская олимпиада школьников «Высшая проба»","","","","","Право на прием БВИ","","Победителям и призерам",""
"28","Направление подготовки 14.05.04","Всероссийская олимпиада школьников «Высшая проба»","","","","","Право на прием БВИ","","Победителям и призерам",""
"29","Направление подготовки 15.03.06","Всероссийская олимпиада школьников «Высшая проба»","","","","","Право на прием БВИ","","Победителям и призерам",""
"30","Направление подготовки 18.03.01","Всероссийская олимпиада школьников «Высшая проба»","","","","","Право на прием БВИ","","Победителям и призерам",""
"31","Направление подготовки 27.03.03","Всероссийская олимпиада школьников «Высшая проба»","","","","","Право на прием БВИ","","Победителям и призерам",""
"32","Направление подготовки 38.03.01","Всероссийская олимпиада школьников «Высшая проба»","","","","","Право на прием БВИ","","Победителям и призерам",""
"33","Направление подготовки 38.03.02","Всероссийская олимпиада школьников «Высшая проба»","","","","","Право на прием БВИ","","Победителям и призерам",""
"34","Направление подготовки 38.03.05","Всероссийская олимпиада школьников «Высшая проба»","","","","","Право на прием БВИ","","Победителям и призерам",""
"35","Направление подготовки 38.05.01","Всероссийская олимпиада школьников «Высшая проба»","","","","","Право на прием БВИ","","Победителям и призерам",""
"36","Направление подготовки 41.03.05","Всероссийская олимпиада школьников «Высшая проба»","","","","","Право на прием БВИ","","Победителям и призерам",""
"37","Направление подготовки 01.03.02","Всероссийская олимпиада школьников «Высшая проба»","","","","","Право на прием БВИ","","Победителям и призерам",""
"38","Направление подготовки 03.03.02","Всероссийская олимпиада школьников «Высшая проба»","","","","","Право на прием БВИ","","Победителям и призерам",""
"39","Направление подготовки 03.05.02","Всероссийская олимпиада школьников «Высшая проба»","","","","","Право на прием БВИ","","Победителям и призерам",""
"40","Направление подготовки 09.03.01","Всероссийская олимпиада школьников «Высшая проба»","","","","","Право на прием БВИ","","Победителям и призерам",""
"41","Направление подготовки 09.03.03","Всероссийская олимпиада школьников «Высшая проба»","","","","","Право на прием БВИ","","Победителям и призерам",""
"42","Направление подготовки 09.03.04","Всероссийская олимпиада школьников «Высшая проба»","","","","","Право на прием БВИ","","Победителям и призерам",""
"43","Направление подготовки 10.03.01","Всероссийская олимпиада школьников «Высшая проба»","","","","","Право на прием БВИ","","Победителям и призерам",""
"44","Направление подготовки 10.05.04","Всероссийская олимпиада школьников «Высшая проба»","","","","","Право на прием БВИ","","Победителям и призерам",""
"45","Направление подготовки 10.05.05","Всероссийская олимпиада школьников «Высшая проба»","","","","","Право на прием БВИ","","Победителям и призерам",""
"46","Направление подготовки 11.03.04","Всероссийская олимпиада школьников «Высшая проба»","","","","","Право на прием БВИ","","Победителям и призерам",""
"47","Направление подготовки 12.03.01","Всероссийская олимпиада школьников «Высшая проба»","","","","","Право на прием БВИ","","Победителям и призерам",""
"48","Направление подготовки 12.03.04","Всероссийская олимпиада школьников «Высшая проба»","","","","","Право на прием БВИ","","Победителям и призерам",""
"49","Направление подготовки 14.05.04","Всероссийская олимпиада школьников «Высшая проба»","","","","","Право на прием БВИ","","Победителям и призерам",""
"50","Направление подготовки 15.03.06","Всероссийская олимпиада школьников «Высшая проба»","","","","","Право на прием БВИ","","Победителям и призерам",""
"51","Направление подготовки 18.03.01","Всероссийская олимпиада школьников «Высшая проба»","","","","","Право на прием БВИ","","Победителям и призерам",""
"52","Направление подготовки 27.03.03","Всероссийская олимпиада школьников «Высшая проба»","","","","","Право на прием БВИ","","Победителям и призерам",""
"53","Направление подготовки 38.03.01","Всероссийская олимпиада школьников «Высшая проба»","","","","","Право на прием БВИ","","Победителям и призерам",""
"54","Направление подготовки 38.03.02","Всероссийская олимпиада школьников «Высшая проба»","","","","","Право на прием БВИ","","Победителям и призерам",""
"55","Направление подготовки 38.03.05","Всероссийская олимпиада школьников «Высшая проба»","","","","","Право на прием БВИ","","Победителям и призерам",""
"56","Направление подготовки 38.05.01","Всероссийская олимпиада школьников «Высшая проба»","","","","","Право на прием БВИ","","Победителям и призерам",""
"57","Направление подготовки 38.03.01","Всероссийская олимпиада школьников «Высшая проба»","","","","","Право на прием БВИ","","Победителям и призерам",""
"58","Направление подготовки 38.03.02","Всероссийская олимпиада школьников «Высшая проба»","","","","","Право на прием БВИ","","Победителям и призерам",""
"59","Направление подготовки 38.03.05","Всероссийская олимпиада школьников «Высшая проба»","","","","","Право на прием БВИ","","Победителям и призерам",""
"60","Направление подготовки 38.05.01","Всероссийская олимпиада школьников «Высшая проба»","","","","","Право на прием БВИ","","Победителям и призерам",""
"61","Направление подготовки 41.03.05","Всероссийская олимпиада школьников «Высшая проба»","","","","","Право на прием БВИ","","Победителям и призерам",""
"62","Направление подготовки 38.03.01","Всероссийская олимпиада школьников «Высшая проба»","","","","","Право на прием БВИ","","Победителям и призерам",""
"63","Направление подготовки 38.03.02","Всероссийская олимпиада школьников «Высшая проба»","","","","","Право на прием БВИ","","Победителям и призерам",""
"64","Направление подготовки 38.03.05","Всероссийская олимпиада школьников «Высшая проба»","","","","","Право на прием БВИ","","Победителям и призерам",""
"65","Направление подготовки 38.05.01","Всероссийская олимпиада школьников «Высшая проба»","","","","","Право на прием БВИ","","Победителям и призерам",""
"66","Направление подготовки 41.03.05","Всероссийская олимпиада школьников «Высшая проба»","","","","","Право на прием БВИ","","Победителям и призерам",""
"67","Направление подготовки все, кроме 41.03.05","Всероссийская олимпиада школьников «Высшая проба»","","","","","Право на прием БВИ","","Победителям и призерам",""
"68","Направление подготовки 38.03.01","Всероссийская олимпиада школьников «Высшая проба»","","","","","Право на прием БВИ","","Победителям и призерам",""
"69","Направление подготовки 38.03.02","Всероссийская олимпиада школьников «Высшая проба»","","","","","Право на прием БВИ","","Победителям и призерам",""
"70","Направление подготовки 38.03.05","Всероссийская олимпиада школьников «Высшая проба»","","","","","Право на прием БВИ","","Победителям и призерам",""
"71","Направление подготовки 38.05.01","Всероссийская олимпиада школьников «Высшая проба»","","","","","Право на прием БВИ","","Победителям и призерам",""
"72","Направление подготовки 41.03.05","Всероссийская олимпиада школьников «Высшая проба»","","","","","Право на прием БВИ","","Победителям и призерам",""
"73","Направление подготовки 38.03.01","Всероссийская олимпиада школьников «Высшая проба»","","","","","Право на прием БВИ","","Победителям и призерам",""
"74","Направление подготовки 38.03.02","Всероссийская олимпиада школьников «Высшая проба»","","","","","Право на прием БВИ","","Победителям и призерам",""
"75","Направление подготовки 38.03.05","Всероссийская олимпиада школьников «Высшая проба»","","","","","Право на прием БВИ","","Победителям и призерам",""
"76","Направление подготовки 38.05.01","Всероссийская олимпиада школьников «Высшая проба»","","","","","Право на прием БВИ","","Победителям и призерам",""
"77","Направление подготовки 41.03.05","Всероссийская олимпиада школьников «Высшая проба»","","","","","Право на прием БВИ","","Победителям и призерам",""
"78","Направление подготовки все","Всероссийская олимпиада школьников «Высшая проба»","","","","","Право на 100 баллов","","Победителям и призерам",""
"79","Направление подготовки 01.03.02","Всероссийская олимпиада школьников «Высшая проба»","","","","","Право на прием БВИ","","Победителям и призерам",""
"80","Направление подготовки 03.03.02","Всероссийская олимпиада школьников «Высшая проба»","","","","","Право на прием БВИ","","Победителям и призерам",""
"81","Направление подготовки 03.05.02","Всероссийская олимпиада школьников «Высшая проба»","","","","","Право на прием БВИ","","Победителям и призерам",""
"82","Направление подготовки 09.03.01","Всероссийская олимпиада школьников «Высшая проба»","","","","","Право на прием БВИ","","Победителям и призерам",""
"83","Направление подготовки 09.03.03","Всероссийская олимпиада школьников «Высшая проба»","","","","","Право на прием БВИ","","Победителям и призерам",""
"84","Направление подготовки 09.03.04","Всероссийская олимпиада школьников «Высшая проба»","","","","","Право на прием БВИ","","Победителям и призерам",""
"85","Направление подготовки 10.03.01","Всероссийская олимпиада школьников «Высшая проба»","","","","","Право на прием БВИ","","Победителям и призерам",""
"86","Направление подготовки 10.05.04","Всероссийская олимпиада школьников «Высшая проба»","","","","","Право на прием БВИ","","Победителям и призерам",""
"87","Направление подготовки 10.05.05","Всероссийская олимпиада школьников «Высшая проба»","","","","","Право на прием БВИ","","Победителям и призерам",""
"88","Направление подготовки 11.03.04","Всероссийская олимпиада школьников «Высшая проба»","","","","","Право на прием БВИ","","Победителям и призерам",""
"89","Направление подготовки 12.03.01","Всероссийская олимпиада школьников «Высшая проба»","","","","","Право на прием БВИ","","Победителям и призерам",""
"90","Направление подготовки 12.03.04","Всероссийская олимпиада школьников «Высшая проба»","","","","","Право на прием БВИ","","Победителям и призерам",""
"91","Направление подготовки 14.05.04","Всероссийская олимпиада школьников «Высшая проба»","","","","","Право на прием БВИ","","Победителям и призерам",""
"92","Направление подготовки 15.03.06","Всероссийская олимпиада школьников «Высшая проба»","","","","","Право на прием БВИ","","Победителям и призерам",""
"93","Направление подготовки 18.03.01","Всероссийская олимпиада школьников «Высшая проба»","","","","","Право на прием БВИ","","Победителям и призерам",""
"94","Направление подготовки 27.03.03","Всероссийская олимпиада школьников «Высшая проба»","","","","","Право на прием БВИ","","Победителям и призерам",""
"95","Направление подготовки 38.03.01","Всероссийская олимпиада школьников «Высшая проба»","","","","","Право на прием БВИ","","Победителям и призерам",""
"96","Направление подготовки 38.03.02","Всероссийская олимпиада школьников «Высшая проба»","","","","","Право на прием БВИ","","Победителям и призерам",""
"97","Направление подготовки 38.03.05","Всероссийская олимпиада школьников «Высшая проба»","","","","","Право на прием БВИ","","Победителям и призерам",""
"98","Направление подготовки 38.05.01","Всероссийская олимпиада школьников «Высшая проба»","","","","","Право на прием БВИ","","Победителям и призерам",""
"99","Направление подготовки все","Всероссийская олимпиада школьников «Высшая проба»","","","","","Право на прием БВИ","","Победителям и призерам",""
"100","Направление подготовки кроме 41.03.05","Всероссийская олимпиада школьников «Высшая проба»","","","","","Право на прием БВИ","","Победителям и призерам",""
"101","Направление подготовки все, кроме 31.05.01, 38.03.01, 38.03.02, 38.03.05, 38.05.01, 41.03.05","Всероссийская олимпиада школьников «Высшая проба»","","","","","Право на прием БВИ","","Победителям и призерам",""
"102","Направление подготовки 38.03.01","Всероссийская олимпиада школьников «Высшая проба»","","","","","Право на прием БВИ","","Победителям и призерам",""
"103","Направление подготовки 38.03.02","Всероссийская олимпиада школьников «Высшая проба»","","","","","Право на прием БВИ","","Победителям и призерам",""
"104","Направление подготовки 38.03.05","Всероссийская олимпиада школьников «Высшая проба»","","","","","Право на прием БВИ","","Победителям и призерам",""
"105","Направление подготовки 38.05.01","Всероссийская олимпиада школьников «Высшая проба»","","","","","Право на прием БВИ","","Победителям и призерам",""
"106","Направление подготовки 41.03.05","Всероссийская олимпиада школьников «Высшая проба»","","","","","Право на прием БВИ","","Победителям и призерам",""
"107","Направление подготовки все","Всероссийская олимпиада школьников «Высшая проба»","","","","","Право на прием БВИ","","Победителям и призерам",""
"108","Направление подготовки кроме 41.03.05","Всероссийская олимпиада школьников «Высшая проба»","","","","","Право на прием БВИ","","Победителям и призерам",""
"109","Направление подготовки 38.03.01","Всероссийская олимпиада школьников «Высшая проба»","","","","","Право на прием БВИ","","Победителям и призерам",""
"110","Направление подготовки 38.03.02","Всероссийская олимпиада школьников «Высшая проба»","","","","","Право на прием БВИ","","Победителям и призерам",""
"111","Направление подготовки 38.03.05","Всероссийская олимпиада школьников «Высшая проба»","","","","","Право на прием БВИ","","Победителям и призерам",""
"112","Направление подготовки 38.05.01","Всероссийская олимпиада школьников «Высшая проба»","","","","","Право на прием БВИ","","Победителям и призерам",""
"113","Направление подготовки 41.03.05","Всероссийская олимпиада школьников «Высшая проба»","","","","","Право на прием БВИ","","Победителям и призерам",""
"114","Направление подготовки все","Всероссийская олимпиада школьников «Высшая проба»","","","","","Право на прием БВИ","","Победителям и призерам",""
"115","Направление подготовки кроме 41.03.05","Всероссийская олимпиада школьников «Высшая проба»","","","","","Право на прием БВИ","","Победителям и призерам",""
"116","Направление подготовки 41.03.05","Всероссийская олимпиада школьников «Миссия выполнима. Твое призвание-финансист!»","","","","","Право на 100 баллов","","Победителям и призерам",""
"117","Направление подготовки 38.03.01","Всероссийская олимпиада школьников «Миссия выполнима. Твое призвание-финансист!»","","","","","Право на 100 баллов","","Победителям и призерам",""
"118","Направление подготовки 38.03.02","Всероссийская олимпиада школьников «Миссия выполнима. Твое призвание-финансист!»","","","","","Право на 100 баллов","","Победителям и призерам",""
"119","Направление подготовки 38.03.05","Всероссийская олимпиада школьников «Миссия выполнима. Твое призвание-финансист!»","","","","","Право на 100 баллов","","Победителям и призерам",""
"120","Направление подготовки 38.05.01","Всероссийская олимпиада школьников «Миссия выполнима. Твое призвание-финансист!»","","","","","Право на 100 баллов","","Победителям и призерам",""
"121","Направление подготовки 41.03.05","Всероссийская олимпиада школьников «Миссия выполнима. Твое призвание-финансист!»","","","","","Право на 100 баллов","","Победителям и призерам",""
"122","Направление подготовки 38.03.01","Всероссийская олимпиада школьников «Миссия выполнима. Твое призвание-финансист!»","","","","","Право на 100 баллов","","Победителям и призерам",""
"123","Направление подготовки 38.03.02","Всероссийская олимпиада школьников «Миссия выполнима. Твое призвание-финансист!»","","","","","Право на 100 баллов","","Победителям и призерам",""
"124","Направление подготовки 38.03.05","Всероссийская олимпиада школьников «Миссия выполнима. Твое призвание-финансист!»","","","","","Право на 100 баллов","","Победителям и призерам",""
"125","Направление подготовки 38.05.01","Всероссийская олимпиада школьников «Миссия выполнима. Твое призвание-финансист!»","","","","","Право на 100 баллов","","Победителям и призерам",""
"126","Направление подготовки 41.03.05","Всероссийская олимпиада школьников «Миссия выполнима. Твое призвание-финансист!»","","","","","Право на 100 баллов","","Победителям и призерам",""
"127","Направление подготовки 38.03.01","Всероссийская олимпиада школьников «Миссия выполнима. Твое призвание-финансист!»","","","","","Право на прием БВИ","","Победителям и призерам",""
"128","Направление подготовки 38.03.02","Всероссийская олимпиада школьников «Миссия выполнима. Твое призвание-финансист!»","","","","","Право на прием БВИ","","Победителям и призерам",""
"129","Направление подготовки 38.03.05","Всероссийская олимпиада школьников «Миссия выполнима. Твое призвание-финансист!»","","","","","Право на прием БВИ","","Победителям и призерам",""
"130","Направление подготовки 38.05.01","Всероссийская олимпиада школьников «Миссия выполнима. Твое призвание-финансист!»","","","","","Право на прием БВИ","","Победителям и призерам",""
"131","Направление подготовки 41.03.05","Всероссийская олимпиада школьников «Миссия выполнима. Твое призвание-финансист!»","","","","","Право на прием БВИ","","Победителям и призерам",""
"132","Направление подготовки все","Всероссийская олимпиада школьников «Миссия выполнима. Твое призвание-финансист!»","","","","","Право на прием БВИ","","Победителям и призерам",""
"133","Направление подготовки кроме 41.03.05","Всероссийская олимпиада школьников «Миссия выполнима. Твое призвание-финансист!»","","","","","Право на прием БВИ","","Победителям и призерам",""
"134","Направление подготовки 38.03.01","Всероссийская олимпиада школьников «Миссия выполнима. Твое призвание-финансист!»","","","","","Право на прием БВИ","","Победителям и призерам",""
"135","Направление подготовки 38.03.02","Всероссийская олимпиада школьников «Миссия выполнима. Твое призвание-финансист!»","","","","","Право на прием БВИ","","Победителям и призерам",""
"136","Направление подготовки 38.03.05","Всероссийская олимпиада школьников «Миссия выполнима. Твое призвание-финансист!»","","","","","Право на прием БВИ","","Победителям и призерам",""
"137","Направление подготовки 38.05.01","Всероссийская олимпиада школьников «Миссия выполнима. Твое призвание-финансист!»","","","","","Право на прием БВИ","","Победителям и призерам",""
"138","Направление подготовки 41.03.05","Всероссийская олимпиада школьников «Миссия выполнима. Твое призвание-финансист!»","","","","","Право на прием БВИ","","Победителям и призерам",""
"139","Направление подготовки все","Всероссийская олимпиада школьников «Миссия выполнима. Твое призвание-финансист!»","","","","","Право на прием БВИ","","Победителям и призерам",""
"140","Направление подготовки кроме 41.03.05","Всероссийская олимпиада школьников «Миссия выполнима. Твое призвание-финансист!»","","","","","Право на прием БВИ","","Победителям и призерам",""
"141","Направление подготовки 12.03.04","Всероссийская Сеченовская олимпиада школьников","","","","","Право на прием БВИ","","Победителям и призерам",""
"142","Направление подготовки 31.05.01","Всероссийская Сеченовская олимпиада школьников","","","","","Право на прием БВИ","","Победителям и призерам",""
"143","Направление подготовки 12.03.04","Всероссийская Сеченовская олимпиада школьников","","","","","Право на прием БВИ","","Победителям и призерам",""
"144","Направление подготовки 18.03.01","Всероссийская Сеченовская олимпиада школьников","","","","","Право на прием БВИ","","Победителям и призерам",""
"145","Направление подготовки 22.03.01","Всероссийская Сеченовская олимпиада школьников","","","","","Право на прием БВИ","","Победителям и призерам",""
"146","Направление подготовки 31.05.01","Всероссийская Сеченовская олимпиада школьников","","","","","Право на прием БВИ","","Победителям и призерам",""
"147","Направление подготовки 38.03.01","Всероссийская Толстовская олимпиада школьников","","","","","Право на 100 баллов","","Победителям и призерам",""
"148","Направление подготовки 38.03.02","Всероссийская Толстовская олимпиада школьников","","","","","Право на 100 баллов","","Победителям и призерам",""
"149","Направление подготовки 38.03.05","Всероссийская Толстовская олимпиада школьников","","","","","Право на 100 баллов","","Победителям и призерам",""
"150","Направление подготовки 38.05.01","Всероссийская Толстовская олимпиада школьников","","","","","Право на 100 баллов","","Победителям и призерам",""
"151","Направление подготовки 41.03.05","Всероссийская Толстовская олимпиада школьников","","","","","Право на 100 баллов","","Победителям и призерам",""
"152","Направление подготовки 38.03.01","Всероссийская Толстовская олимпиада школьников","","","","","Право на 100 баллов","","Победителям и призерам",""
"153","Направление подготовки 38.03.02","Всероссийская Толстовская олимпиада школьников","","","","","Право на 100 баллов","","Победителям и призерам",""
"154","Направление подготовки 38.03.05","Всероссийская Толстовская олимпиада школьников","","","","","Право на 100 баллов","","Победителям и призерам",""
"155","Направление подготовки 38.05.01","Всероссийская Толстовская олимпиада школьников","","","","","Право на 100 баллов","","Победителям и призерам",""
"156","Направление подготовки 41.03.05","Всероссийская Толстовская олимпиада школьников","","","","","Право на 100 баллов","","Победителям и призерам",""
"157","Направление подготовки все, кроме 31.05.01, 38.03.01, 38.03.02, 38.03.05, 38.05.01, 41.03.05 01.03.02, 03.03.02, 03.05.02, 09.03.01, 09.03.03, 09.03.04, 10.03.01, 10.05.04, 10.05.05, 11.03.04, 12.03.01, 12.03.04, 14.05.04, 15.03.06, 18.03.01, 27.03.03, 38.03.01, 38.03.02, 38.03.05, 38.05.01 все, кроме 41.03.05","Всероссийский конкурс научных работ школьников «Юниор»","","","","","Право на прием БВИ","","Победителям и призерам",""
"158","Направление подготовки все, кроме 31.05.01, 38.03.01, 38.03.02, 38.03.05, 38.05.01, 41.03.05 01.03.02, 03.03.02, 03.05.02, 09.03.01, 09.03.03, 09.03.04, 10.03.01, 10.05.04, 10.05.05, 11.03.04, 12.03.01, 12.03.04, 14.05.04, 15.03.06, 18.03.01, 27.03.03, 38.03.01, 38.03.02, 38.03.05, 38.05.01 все, кроме 41.03.05","Всероссийский конкурс научных работ школьников «Юниор»","","","","","Право на прием БВИ","","Победителям и призерам",""
"159","Направление подготовки 12.03.04","Всесибирская открытая олимпиада школьников","","","","","Право на прием БВИ","","Победителям и призерам",""
"160","Направление подготовки 18.03.01","Всесибирская открытая олимпиада школьников","","","","","Право на прием БВИ","","Победителям и призерам",""
"161","Направление подготовки 22.03.01","Всесибирская открытая олимпиада школьников","","","","","Право на прием БВИ","","Победителям и призерам",""
"162","Направление подготовки 31.05.01","Всесибирская открытая олимпиада школьников","","","","","Право на прием БВИ","","Победителям и призерам",""
"163","Направление подготовки 01.03.02","Всесибирская открытая олимпиада школьников","","","","","Право на прием БВИ","","Победителям и призерам",""
"164","Направление подготовки 03.03.02","Всесибирская открытая олимпиада школьников","","","","","Право на прием БВИ","","Победителям и призерам",""
"165","Направление подготовки 03.05.02","Всесибирская открытая олимпиада школьников","","","","","Право на прием БВИ","","Победителям и призерам",""
"166","Направление подготовки 09.03.01","Всесибирская открытая олимпиада школьников","","","","","Право на прием БВИ","","Победителям и призерам",""
"167","Направление подготовки 09.03.03","Всесибирская открытая олимпиада школьников","","","","","Право на прием БВИ","","Победителям и призерам",""
"168","Направление подготовки 09.03.04","Всесибирская открытая олимпиада школьников","","","","","Право на прием БВИ","","Победителям и призерам",""
"169","Направление подготовки 10.03.01","Всесибирская открытая олимпиада школьников","","","","","Право на прием БВИ","","Победителям и призерам",""
"170","Направление подготовки 10.05.04","Всесибирская открытая олимпиада школьников","","","","","Право на прием БВИ","","Победителям и призерам",""
"171","Направление подготовки 10.05.05","Всесибирская открытая олимпиада школьников","","","","","Право на прием БВИ","","Победителям и призерам",""
"172","Направление подготовки 11.03.04","Всесибирская открытая олимпиада школьников","","","","","Право на прием БВИ","","Победителям и призерам",""
"173","Направление подготовки 12.03.01","Всесибирская открытая олимпиада школьников","","","","","Право на прием БВИ","","Победителям и призерам",""
"174","Направление подготовки 12.03.04","Всесибирская открытая олимпиада школьников","","","","","Право на прием БВИ","","Победителям и призерам",""
"175","Направление подготовки 14.05.04","Всесибирская открытая олимпиада школьников","","","","","Право на прием БВИ","","Победителям и призерам",""
"176","Направление подготовки 15.03.06","Всесибирская открытая олимпиада школьников","","","","","Право на прием БВИ","","Победителям и призерам",""
"177","Направление подготовки 18.03.01","Всесибирская открытая олимпиада школьников","","","","","Право на прием БВИ","","Победителям и призерам",""
"178","Направление подготовки 27.03.03","Всесибирская открытая олимпиада школьников","","","","","Право на прием БВИ","","Победителям и призерам",""
"179","Направление подготовки 38.03.01","Всесибирская открытая олимпиада школьников","","","","","Право на прием БВИ","","Победителям и призерам",""
"180","Направление подготовки 38.03.02","Всесибирская открытая олимпиада школьников","","","","","Право на прием БВИ","","Победителям и призерам",""
"181","Направление подготовки 38.03.05","Всесибирская открытая олимпиада школьников","","","","","Право на прием БВИ","","Победителям и призерам",""
"182","Направление подготовки 38.05.01","Всесибирская открытая олимпиада школьников","","","","","Право на прием БВИ","","Победителям и призерам",""
"183","Направление подготовки все, кроме 41.03.05","Всесибирская открытая олимпиада школьников","","","","","Право на прием БВИ","","Победителям и призерам",""
"184","Направление подготовки 12.03.04","Всесибирская открытая олимпиада школьников","","","","","Право на прием БВИ","","Победителям и призерам",""
"185","Направление подготовки 31.05.01","Всесибирская открытая олимпиада школьников","","","","","Право на прием БВИ","","Победителям и призерам",""
"186","Направление подготовки все, кроме 31.05.01, 38.03.01, 38.03.02, 38.03.05, 38.05.01, 41.03.05","Всесибирская открытая олимпиада школьников","","","","","Право на прием БВИ","","Победителям и призерам",""
"187","Направление подготовки 01.03.02","Вузовско-академическая олимпиада по информатике","","","","","Право на прием БВИ","","Победителям и призерам",""
"188","Направление подготовки 03.03.02","Вузовско-академическая олимпиада по информатике","","","","","Право на прием БВИ","","Победителям и призерам",""
"189","Направление подготовки 03.05.02","Вузовско-академическая олимпиада по информатике","","","","","Право на прием БВИ","","Победителям и призерам",""
"190","Направление подготовки 09.03.01","Вузовско-академическая олимпиада по информатике","","","","","Право на прием БВИ","","Победителям и призерам",""
"191","Направление подготовки 09.03.03","Вузовско-академическая олимпиада по информатике","","","","","Право на прием БВИ","","Победителям и призерам",""
"192","Направление подготовки 09.03.04","Вузовско-академическая олимпиада по информатике","","","","","Право на прием БВИ","","Победителям и призерам",""
"193","Направление подготовки 10.03.01","Вузовско-академическая олимпиада по информатике","","","","","Право на прием БВИ","","Победителям и призерам",""
"194","Направление подготовки 10.05.04","Вузовско-академическая олимпиада по информатике","","","","","Право на прием БВИ","","Победителям и призерам",""
"195","Направление подготовки 10.05.05","Вузовско-академическая олимпиада по информатике","","","","","Право на прием БВИ","","Победителям и призерам",""
"196","Направление подготовки 11.03.04","Вузовско-академическая олимпиада по информатике","","","","","Право на прием БВИ","","Победителям и призерам",""
"197","Направление подготовки 12.03.01","Вузовско-академическая олимпиада по информатике","","","","","Право на прием БВИ","","Победителям и призерам",""
"198","Направление подготовки 12.03.04","Вузовско-академическая олимпиада по информатике","","","","","Право на прием БВИ","","Победителям и призерам",""
"199","Направление подготовки 14.05.04","Вузовско-академическая олимпиада по информатике","","","","","Право на прием БВИ","","Победителям и призерам",""
"200","Направление подготовки 15.03.06","Вузовско-академическая олимпиада по информатике","","","","","Право на прием БВИ","","Победителям и призерам",""
"201","Направление подготовки 18.03.01","Вузовско-академическая олимпиада по информатике","","","","","Право на прием БВИ","","Победителям и призерам",""
"202","Направление подготовки 27.03.03","Вузовско-академическая олимпиада по информатике","","","","","Право на прием БВИ","","Победителям и призерам",""
"203","Направление подготовки 38.03.01","Вузовско-академическая олимпиада по информатике","","","","","Право на прием БВИ","","Победителям и призерам",""
"204","Направление подготовки 38.03.02","Вузовско-академическая олимпиада по информатике","","","","","Право на прием БВИ","","Победителям и призерам",""
"205","Направление подготовки 38.03.05","Вузовско-академическая олимпиада по информатике","","","","","Право на прием БВИ","","Победителям и призерам",""
"206","Направление подготовки 38.05.01","Вузовско-академическая олимпиада по информатике","","","","","Право на прием БВИ","","Победителям и призерам",""
"207","Направление подготовки 41.03.05","Герценовская олимпиада школьников","","","","","Право на прием БВИ","","Победителям и призерам",""
"208","Направление подготовки все, кроме 31.05.01, 38.03.01, 38.03.02, 38.03.05, 38.05.01, 41.03.05","Городская открытая олимпиада школьников по физике","","","","","Право на прием БВИ","","Победителям и призерам",""
"209","Направление подготовки все, кроме 31.05.01, 38.03.01, 38.03.02, 38.03.05, 38.05.01, 41.03.05","Инженерная олимпиада школьников","","","","","Право на прием БВИ","","Победителям и призерам",""
"210","Направление подготовки все, кроме 31.05.01, 38.03.01, 38.03.02, 38.03.05, 38.05.01, 41.03.05","Интернет-олимпиада школьников по физике","","","","","Право на прием БВИ","","Победителям и призерам",""
"211","Направление подготовки 38.03.01","Кутафинская олимпиада школьников по праву","","","","","Право на прием БВИ","","Победителям и призерам",""
"212","Направление подготовки 38.03.02","Кутафинская олимпиада школьников по праву","","","","","Право на прием БВИ","","Победителям и призерам",""
"213","Направление подготовки 38.03.05","Кутафинская олимпиада школьников по праву","","","","","Право на прием БВИ","","Победителям и призерам",""
"214","Направление подготовки 38.05.01","Кутафинская олимпиада школьников по праву","","","","","Право на прием БВИ","","Победителям и призерам",""
"215","Направление подготовки 41.03.05","Кутафинская олимпиада школьников по праву","","","","","Право на прием БВИ","","Победителям и призерам",""
"216","Направление подготовки 38.03.01","Всероссийская академическая олимпиада школьников имени В.И. Вернадского","","","","","Право на прием БВИ","","Победителям и призерам",""
"217","Направление подготовки 38.03.02","Всероссийская академическая олимпиада школьников имени В.И. Вернадского","","","","","Право на прием БВИ","","Победителям и призерам",""
"218","Направление подготовки 38.03.05","Всероссийская академическая олимпиада школьников имени В.И. Вернадского","","","","","Право на прием БВИ","","Победителям и призерам",""
"219","Направление подготовки 38.05.01","Всероссийская академическая олимпиада школьников имени В.И. Вернадского","","","","","Право на прием БВИ","","Победителям и призерам",""
"220","Направление подготовки 41.03.05","Всероссийская академическая олимпиада школьников имени В.И. Вернадского","","","","","Право на прием БВИ","","Победителям и призерам",""
"221","Направление подготовки 38.03.01","Международная олимпиада школьников Уральского федерального университета «Изумруд»","","","","","Право на 100 баллов","","Победителям и призерам",""
"222","Направление подготовки 38.03.02","Международная олимпиада школьников Уральского федерального университета «Изумруд»","","","","","Право на 100 баллов","","Победителям и призерам",""
"223","Направление подготовки 38.03.05","Международная олимпиада школьников Уральского федерального университета «Изумруд»","","","","","Право на 100 баллов","","Победителям и призерам",""
"224","Направление подготовки 38.05.01","Международная олимпиада школьников Уральского федерального университета «Изумруд»","","","","","Право на 100 баллов","","Победителям и призерам",""
"225","Направление подготовки 41.03.05","Международная олимпиада школьников Уральского федерального университета «Изумруд»","","","","","Право на 100 баллов","","Победителям и призерам",""
"226","Направление подготовки все, кроме 41.03.05","Международная олимпиада школьников Уральского федерального университета «Изумруд»","","","","","Право на 100 баллов","","Победителям и призерам",""
"227","Направление подготовки 38.03.01","Международная олимпиада школьников Уральского федерального университета «Изумруд»","","","","","Право на 100 баллов","","Победителям и призерам",""
"228","Направление подготовки 38.03.02","Международная олимпиада школьников Уральского федерального университета «Изумруд»","","","","","Право на 100 баллов","","Победителям и призерам",""
"229","Направление подготовки 38.03.05","Международная олимпиада школьников Уральского федерального университета «Изумруд»","","","","","Право на 100 баллов","","Победителям и призерам",""
"230","Направление подготовки 38.05.01","Международная олимпиада школьников Уральского федерального университета «Изумруд»","","","","","Право на 100 баллов","","Победителям и призерам",""
"231","Направление подготовки 41.03.05","Международная олимпиада школьников Уральского федерального университета «Изумруд»","","","","","Право на 100 баллов","","Победителям и призерам",""
"232","Направление подготовки 12.03.04","Международная олимпиада школьников Уральского федерального университета «Изумруд»","","","","","Право на 100 баллов","","Победителям и призерам",""
"233","Направление подготовки 18.03.01","Международная олимпиада школьников Уральского федерального университета «Изумруд»","","","","","Право на 100 баллов","","Победителям и призерам",""
"234","Направление подготовки 22.03.01","Международная олимпиада школьников Уральского федерального университета «Изумруд»","","","","","Право на 100 баллов","","Победителям и призерам",""
"235","Направление подготовки 31.05.01","Международная олимпиада школьников Уральского федерального университета «Изумруд»","","","","","Право на 100 баллов","","Победителям и призерам",""
"236","Направление подготовки все","Международная олимпиада школьников Уральского федерального университета «Изумруд»","","","","","Право на 100 баллов","","Победителям и призерам",""
"237","Направление подготовки 38.03.01","Межрегиональная олимпиада по праву «ФЕМИДА»","","","","","Право на прием БВИ","","Победителям и призерам",""
"238","Направление подготовки 38.03.02","Межрегиональная олимпиада по праву «ФЕМИДА»","","","","","Право на прием БВИ","","Победителям и призерам",""
"239","Направление подготовки 38.03.05","Межрегиональная олимпиада по праву «ФЕМИДА»","","","","","Право на прием БВИ","","Победителям и призерам",""
"240","Направление подготовки 38.05.01","Межрегиональная олимпиада по праву «ФЕМИДА»","","","","","Право на прием БВИ","","Победителям и призерам",""
"241","Направление подготовки 41.03.05","Межрегиональная олимпиада по праву «ФЕМИДА»","","","","","Право на прием БВИ","","Победителям и призерам",""
"242","Направление подготовки 12.03.04","Межрегиональная олимпиада школьников «Будущие исследователи - будущее науки»","","","","","Право на прием БВИ","","Победителям и призерам",""
"243","Направление подготовки 18.03.01","Межрегиональная олимпиада школьников «Будущие исследователи - будущее науки»","","","","","Право на прием БВИ","","Победителям и призерам",""
"244","Направление подготовки 22.03.01","Межрегиональная олимпиада школьников «Будущие исследователи - будущее науки»","","","","","Право на прием БВИ","","Победителям и призерам",""
"245","Направление подготовки 31.05.01","Межрегиональная олимпиада школьников «Будущие исследователи - будущее науки»","","","","","Право на прием БВИ","","Победителям и призерам",""
"246","Направление подготовки 38.03.01","Межрегиональная олимпиада школьников «Будущие исследователи - будущее науки»","","","","","Право на прием БВИ","","Победителям и призерам",""
"247","Направление подготовки 38.03.02","Межрегиональная олимпиада школьников «Будущие исследователи - будущее науки»","","","","","Право на прием БВИ","","Победителям и призерам",""
"248","Направление подготовки 38.03.05","Межрегиональная олимпиада школьников «Будущие исследователи - будущее науки»","","","","","Право на прием БВИ","","Победителям и призерам",""
"249","Направление подготовки 38.05.01","Межрегиональная олимпиада школьников «Будущие исследователи - будущее науки»","","","","","Право на прием БВИ","","Победителям и призерам",""
"250","Направление подготовки 41.03.05","Межрегиональная олимпиада школьников «Будущие исследователи - будущее науки»","","","","","Право на прием БВИ","","Победителям и призерам",""
"251","Направление подготовки все, кроме 41.03.05/01.03.02, 03.03.02, 03.05.02, 09.03.01, 09.03.03, 09.03.04, 10.03.01, 10.05.04, 10.05.05, 11.03.04, 12.03.01, 12.03.04, 14.05.04, 15.03.06, 18.03.01, 27.03.03, 38.03.01, 38.03.02, 38.03.05, 38.05.01","Межрегиональная олимпиада школьников «Будущие исследователи - будущее науки»","","","","","Право на 100 баллов","","Победителям и призерам",""
"252","Направление подготовки все","Межрегиональная олимпиада школьников «Будущие исследователи - будущее науки»","","","","","Право на 100 баллов","","Победителям и призерам",""
"253","Направление подготовки 12.03.04","Межрегиональная олимпиада школьников «Будущие исследователи - будущее науки»","","","","","Право на прием БВИ","","Победителям и призерам",""
"254","Направление подготовки 31.05.01","Межрегиональная олимпиада школьников «Будущие исследователи - будущее науки»","","","","","Право на прием БВИ","","Победителям и призерам",""
"255","Направление подготовки все, кроме 31.05.01, 38.03.01, 38.03.02, 38.03.05, 38.05.01, 41.03.05","Межрегиональная олимпиада школьников «Будущие исследователи - будущее науки»","","","","","Право на 100 баллов","","Победителям и призерам",""
"256","Направление подготовки 41.03.05","Международная олимпиада школьников «Евразийская лингвистическая олимпиада»","","","","","Право на прием БВИ","","Победителям и призерам",""
"257","Направление подготовки 01.03.02","Межрегиональная олимпиада школьников имени И.Я. Верченко","","","","","Право на прием БВИ","","Победителям и призерам",""
"258","Направление подготовки 03.03.02","Межрегиональная олимпиада школьников имени И.Я. Верченко","","","","","Право на прием БВИ","","Победителям и призерам",""
"259","Направление подготовки 03.05.02","Межрегиональная олимпиада школьников имени И.Я. Верченко","","","","","Право на прием БВИ","","Победителям и призерам",""
"260","Направление подготовки 09.03.01","Межрегиональная олимпиада школьников имени И.Я. Верченко","","","","","Право на прием БВИ","","Победителям и призерам",""
"261","Направление подготовки 09.03.03","Межрегиональная олимпиада школьников имени И.Я. Верченко","","","","","Право на прием БВИ","","Победителям и призерам",""
"262","Направление подготовки 09.03.04","Межрегиональная олимпиада школьников имени И.Я. Верченко","","","","","Право на прием БВИ","","Победителям и призерам",""
"263","Направление подготовки 10.03.01","Межрегиональная олимпиада школьников имени И.Я. Верченко","","","","","Право на прием БВИ","","Победителям и призерам",""
"264","Направление подготовки 10.05.04","Межрегиональная олимпиада школьников имени И.Я. Верченко","","","","","Право на прием БВИ","","Победителям и призерам",""
"265","Направление подготовки 10.05.05","Межрегиональная олимпиада школьников имени И.Я. Верченко","","","","","Право на прием БВИ","","Победителям и призерам",""
"266","Направление подготовки 11.03.04","Межрегиональная олимпиада школьников имени И.Я. Верченко","","","","","Право на прием БВИ","","Победителям и призерам",""
"267","Направление подготовки 12.03.01","Межрегиональная олимпиада школьников имени И.Я. Верченко","","","","","Право на прием БВИ","","Победителям и призерам",""
"268","Направление подготовки 12.03.04","Межрегиональная олимпиада школьников имени И.Я. Верченко","","","","","Право на прием БВИ","","Победителям и призерам",""
"269","Направление подготовки 14.05.04","Межрегиональная олимпиада школьников имени И.Я. Верченко","","","","","Право на прием БВИ","","Победителям и призерам",""
"270","Направление подготовки 15.03.06","Межрегиональная олимпиада школьников имени И.Я. Верченко","","","","","Право на прием БВИ","","Победителям и призерам",""
"271","Направление подготовки 18.03.01","Межрегиональная олимпиада школьников имени И.Я. Верченко","","","","","Право на прием БВИ","","Победителям и призерам",""
"272","Направление подготовки 27.03.03","Межрегиональная олимпиада школьников имени И.Я. Верченко","","","","","Право на прием БВИ","","Победителям и призерам",""
"273","Направление подготовки 38.03.01","Межрегиональная олимпиада школьников имени И.Я. Верченко","","","","","Право на прием БВИ","","Победителям и призерам",""
"274","Направление подготовки 38.03.02","Межрегиональная олимпиада школьников имени И.Я. Верченко","","","","","Право на прием БВИ","","Победителям и призерам",""
"275","Направление подготовки 38.03.05","Межрегиональная олимпиада школьников имени И.Я. Верченко","","","","","Право на прием БВИ","","Победителям и призерам",""
"276","Направление подготовки 38.05.01","Межрегиональная олимпиада школьников имени И.Я. Верченко","","","","","Право на прием БВИ","","Победителям и призерам",""
"277","Направление подготовки все, кроме 41.03.05","Межрегиональная олимпиада школьников имени И.Я. Верченко","","","","","Право на прием БВИ","","Победителям и призерам",""
"278","Направление подготовки все, кроме 31.05.01, 38.03.01, 38.03.02, 38.03.05, 38.05.01, 41.03.05","Межрегиональная олимпиада школьников на базе ведомственных образовательных организаций","","","","","Право на прием БВИ","","Победителям и призерам",""
"279","Направление подготовки 41.03.05","Межрегиональная олимпиада школьников на базе ведомственных образовательных организаций","","","","","Право на прием БВИ","","Победителям и призерам",""
"280","Направление подготовки 12.03.04","Межрегиональная химическая олимпиада школьников имени академика П.Д. Саркисова","","","","","Право на 100 баллов","","Победителям и призерам",""
"281","Направление подготовки 18.03.01","Межрегиональная химическая олимпиада школьников имени академика П.Д. Саркисова","","","","","Право на 100 баллов","","Победителям и призерам",""
"282","Направление подготовки 22.03.01","Межрегиональная химическая олимпиада школьников имени академика П.Д. Саркисова","","","","","Право на 100 баллов","","Победителям и призерам",""
"283","Направление подготовки 31.05.01","Межрегиональная химическая олимпиада школьников имени академика П.Д. Саркисова","","","","","Право на 100 баллов","","Победителям и призерам",""
"284","Направление подготовки 41.03.05","Межрегиональные предметные олимпиады федерального государственного автономного образовательного учреждения высшего образования «Казанский (Приволжский) федеральный","","","","","Право на прием БВИ","","Победителям и призерам",""
"285","Направление подготовки все","Межрегиональные предметные олимпиады федерального государственного автономного образовательного учреждения высшего образования «Казанский (Приволжский) федеральный","","","","","Право на 100 баллов","","Победителям и призерам",""
"286","Направление подготовки 12.03.04","Межрегиональные предметные олимпиады федерального государственного автономного образовательного учреждения высшего образования «Казанский (Приволжский) федеральный","","","","","Право на прием БВИ","","Победителям и призерам",""
"287","Направление подготовки 18.03.01","Межрегиональные предметные олимпиады федерального государственного автономного образовательного учреждения высшего образования «Казанский (Приволжский) федеральный","","","","","Право на прием БВИ","","Победителям и призерам",""
"288","Направление подготовки 22.03.01","Межрегиональные предметные олимпиады федерального государственного автономного образовательного учреждения высшего образования «Казанский (Приволжский) федеральный","","","","","Право на прием БВИ","","Победителям и призерам",""
"289","Направление подготовки 31.05.01","Межрегиональные предметные олимпиады федерального государственного автономного образовательного учреждения высшего образования «Казанский (Приволжский) федеральный","","","","","Право на прием БВИ","","Победителям и призерам",""
"290","Направление подготовки все, кроме 31.05.01, 38.03.01, 38.03.02, 38.03.05, 38.05.01, 41.03.05","Межрегиональные предметные олимпиады федерального государственного автономного образовательного учреждения высшего образования «Казанский (Приволжский) федеральный","","","","","Право на 100 баллов","","Победителям и призерам",""
"291","Направление подготовки 12.03.04","Многопредметная олимпиада «Юные таланты»","","","","","Право на прием БВИ","","Победителям и призерам",""
"292","Направление подготовки 18.03.01","Многопредметная олимпиада «Юные таланты»","","","","","Право на прием БВИ","","Победителям и призерам",""
"293","Направление подготовки 22.03.01","Многопредметная олимпиада «Юные таланты»","","","","","Право на прием БВИ","","Победителям и призерам",""
"294","Направление подготовки 31.05.01","Многопредметная олимпиада «Юные таланты»","","","","","Право на прием БВИ","","Победителям и призерам",""
"295","Направление подготовки все, кроме 31.05.01, 38.03.01, 38.03.02, 38.03.05, 38.05.01, 41.03.05","Многопрофильная инженерная олимпиада «Звезда»","","","","","Право на прием БВИ","","Победителям и призерам",""
"296","Направление подготовки 12.03.04","Московская олимпиада школьников","","","","","Право на прием БВИ","","Победителям и призерам",""
"297","Направление подготовки 18.03.01","Московская олимпиада школьников","","","","","Право на прием БВИ","","Победителям и призерам",""
"298","Направление подготовки 22.03.01","Московская олимпиада школьников","","","","","Право на прием БВИ","","Победителям и призерам",""
"299","Направление подготовки 31.05.01","Московская олимпиада школьников","","","","","Право на прием БВИ","","Победителям и призерам",""
"300","Направление подготовки все, кроме 31.05.01, 38.03.01, 38.03.02, 38.03.05, 38.05.01, 41.03.05","Московская олимпиада школьников","","","","","Право на прием БВИ","","Победителям и призерам",""
"301","Направление подготовки 01.03.02","Московская олимпиада школьников","","","","","Право на прием БВИ","","Победителям и призерам",""
"302","Направление подготовки 03.03.02","Московская олимпиада школьников","","","","","Право на прием БВИ","","Победителям и призерам",""
"303","Направление подготовки 03.05.02","Московская олимпиада школьников","","","","","Право на прием БВИ","","Победителям и призерам",""
"304","Направление подготовки 09.03.01","Московская олимпиада школьников","","","","","Право на прием БВИ","","Победителям и призерам",""
"305","Направление подготовки 09.03.03","Московская олимпиада школьников","","","","","Право на прием БВИ","","Победителям и призерам",""
"306","Направление подготовки 09.03.04","Московская олимпиада школьников","","","","","Право на прием БВИ","","Победителям и призерам",""
"307","Направление подготовки 10.03.01","Московская олимпиада школьников","","","","","Право на прием БВИ","","Победителям и призерам",""
"308","Направление подготовки 10.05.04","Московская олимпиада школьников","","","","","Право на прием БВИ","","Победителям и призерам",""
"309","Направление подготовки 10.05.05","Московская олимпиада школьников","","","","","Право на прием БВИ","","Победителям и призерам",""
"310","Направление подготовки 11.03.04","Московская олимпиада школьников","","","","","Право на прием БВИ","","Победителям и призерам",""
"311","Направление подготовки 12.03.01","Московская олимпиада школьников","","","","","Право на прием БВИ","","Победителям и призерам",""
"312","Направление подготовки 12.03.04","Московская олимпиада школьников","","","","","Право на прием БВИ","","Победителям и призерам",""
"313","Направление подготовки 14.05.04","Московская олимпиада школьников","","","","","Право на прием БВИ","","Победителям и призерам",""
"314","Направление подготовки 15.03.06","Московская олимпиада школьников","","","","","Право на прием БВИ","","Победителям и призерам",""
"315","Направление подготовки 18.03.01","Московская олимпиада школьников","","","","","Право на прием БВИ","","Победителям и призерам",""
"316","Направление подготовки 27.03.03","Московская олимпиада школьников","","","","","Право на прием БВИ","","Победителям и призерам",""
"317","Направление подготовки 38.03.01","Московская олимпиада школьников","","","","","Право на прием БВИ","","Победителям и призерам",""
"318","Направление подготовки 38.03.02","Московская олимпиада школьников","","","","","Право на прием БВИ","","Победителям и призерам",""
"319","Направление подготовки 38.03.05","Московская олимпиада школьников","","","","","Право на прием БВИ","","Победителям и призерам",""
"320","Направление подготовки 38.05.01","Московская олимпиада школьников","","","","","Право на прием БВИ","","Победителям и призерам",""
"321","Направление подготовки 38.03.01","Московская олимпиада школьников","","","","","Право на прием БВИ","","Победителям и призерам",""
"322","Направление подготовки 38.03.02","Московская олимпиада школьников","","","","","Право на прием БВИ","","Победителям и призерам",""
"323","Направление подготовки 38.03.05","Московская олимпиада школьников","","","","","Право на прием БВИ","","Победителям и призерам",""
"324","Направление подготовки 38.05.01","Московская олимпиада школьников","","","","","Право на прием БВИ","","Победителям и призерам",""
"325","Направление подготовки 41.03.05","Московская олимпиада школьников","","","","","Право на прием БВИ","","Победителям и призерам",""
"326","Направление подготовки все","Московская олимпиада школьников","","","","","Право на 100 баллов","","Победителям и призерам",""
"327","Направление подготовки все, кроме 41.03.05","Московская олимпиада школьников","","","","","Право на прием БВИ","","Победителям и призерам",""
"328","Направление подготовки все, кроме 41.03.05","Московская олимпиада школьников","","","","","Право на прием БВИ","","Победителям и призерам",""
"329","Направление подготовки 38.03.01","Московская олимпиада школьников","","","","","Право на прием БВИ","","Победителям и призерам",""
"330","Направление подготовки 38.03.02","Московская олимпиада школьников","","","","","Право на прием БВИ","","Победителям и призерам",""
"331","Направление подготовки 38.03.05","Московская олимпиада школьников","","","","","Право на прием БВИ","","Победителям и призерам",""
"332","Направление подготовки 38.05.01","Московская олимпиада школьников","","","","","Право на прием БВИ","","Победителям и призерам",""
"333","Направление подготовки 41.03.05","Московская олимпиада школьников","","","","","Право на прием БВИ","","Победителям и призерам",""
"334","Направление подготовки все, кроме 41.03.05 все, кроме 31.05.01, 38.03.01, 38.03.02, 38.03.05, 38.05.01, 41.03.05 01.03.02, 03.03.02, 03.05.02, 09.03.01, 09.03.03, 09.03.04, 10.03.01, 10.05.04, 10.05.05, 11.03.04, 12.03.01, 12.03.04, 14.05.04, 15.03.06, 18.03.01, 27.03.03, 38.03.01, 38.03.02, 38.03.05, 38.05.01","Московская олимпиада школьников","","","","","Право на прием БВИ","","Победителям и призерам",""
"335","Направление подготовки 01.03.02","Московская олимпиада школьников","","","","","Право на прием БВИ","","Победителям и призерам",""
"336","Направление подготовки 03.03.02","Московская олимпиада школьников","","","","","Право на прием БВИ","","Победителям и призерам",""
"337","Направление подготовки 03.05.02","Московская олимпиада школьников","","","","","Право на прием БВИ","","Победителям и призерам",""
"338","Направление подготовки 09.03.01","Московская олимпиада школьников","","","","","Право на прием БВИ","","Победителям и призерам",""
"339","Направление подготовки 09.03.03","Московская олимпиада школьников","","","","","Право на прием БВИ","","Победителям и призерам",""
"340","Направление подготовки 09.03.04","Московская олимпиада школьников","","","","","Право на прием БВИ","","Победителям и призерам",""
"341","Направление подготовки 10.03.01","Московская олимпиада школьников","","","","","Право на прием БВИ","","Победителям и призерам",""
"342","Направление подготовки 10.05.04","Московская олимпиада школьников","","","","","Право на прием БВИ","","Победителям и призерам",""
"343","Направление подготовки 10.05.05","Московская олимпиада школьников","","","","","Право на прием БВИ","","Победителям и призерам",""
"344","Направление подготовки 11.03.04","Московская олимпиада школьников","","","","","Право на прием БВИ","","Победителям и призерам",""
"345","Направление подготовки 12.03.01","Московская олимпиада школьников","","","","","Право на прием БВИ","","Победителям и призерам",""
"346","Направление подготовки 12.03.04","Московская олимпиада школьников","","","","","Право на прием БВИ","","Победителям и призерам",""
"347","Направление подготовки 14.05.04","Московская олимпиада школьников","","","","","Право на прием БВИ","","Победителям и призерам",""
"348","Направление подготовки 15.03.06","Московская олимпиада школьников","","","","","Право на прием БВИ","","Победителям и призерам",""
"349","Направление подготовки 18.03.01","Московская олимпиада школьников","","","","","Право на прием БВИ","","Победителям и призерам",""
"350","Направление подготовки 27.03.03","Московская олимпиада школьников","","","","","Право на прием БВИ","","Победителям и призерам",""
"351","Направление подготовки 38.03.01","Московская олимпиада школьников","","","","","Право на прием БВИ","","Победителям и призерам",""
"352","Направление подготовки 38.03.02","Московская олимпиада школьников","","","","","Право на прием БВИ","","Победителям и призерам",""
"353","Направление подготовки 38.03.05","Московская олимпиада школьников","","","","","Право на прием БВИ","","Победителям и призерам",""
"354","Направление подготовки 38.05.01","Московская олимпиада школьников","","","","","Право на прием БВИ","","Победителям и призерам",""
"355","Направление подготовки все, кроме 31.05.01, 38.03.01, 38.03.02, 38.03.05, 38.05.01, 41.03.05","Московская олимпиада школьников","","","","","Право на прием БВИ","","Победителям и призерам",""
"356","Направление подготовки все","Московская олимпиада школьников","","","","","Право на 100 баллов","","Победителям и призерам",""
"357","Направление подготовки 38.03.01","Московская олимпиада школьников","","","","","Право на прием БВИ","","Победителям и призерам",""
"358","Направление подготовки 38.03.05","Московская олимпиада школьников","","","","","Право на прием БВИ","","Победителям и призерам",""
"359","Направление подготовки 38.05.01","Московская олимпиада школьников","","","","","Право на прием БВИ","","Победителям и призерам",""
"360","Направление подготовки 41.03.05","Московская олимпиада школьников","","","","","Право на прием БВИ","","Победителям и призерам",""
"361","Направление подготовки 41.03.05","Московская олимпиада школьников","","","","","Право на 100 баллов","","Победителям и призерам",""
"362","Направление подготовки 38.03.01","Московская олимпиада школьников","","","","","Право на прием БВИ","","Победителям и призерам",""
"363","Направление подготовки 38.03.05","Московская олимпиада школьников","","","","","Право на прием БВИ","","Победителям и призерам",""
"364","Направление подготовки 38.05.01","Московская олимпиада школьников","","","","","Право на прием БВИ","","Победителям и призерам",""
"365","Направление подготовки 41.03.05","Московская олимпиада школьников","","","","","Право на прием БВИ","","Победителям и призерам",""
"366","Направление подготовки 01.03.02","Оборонно-техническая олимпиада","","","","","Право на 100 баллов","","Победителям и призерам",""
"367","Направление подготовки 03.03.02","Оборонно-техническая олимпиада","","","","","Право на 100 баллов","","Победителям и призерам",""
"368","Направление подготовки 03.05.02","Оборонно-техническая олимпиада","","","","","Право на 100 баллов","","Победителям и призерам",""
"369","Направление подготовки 09.03.01","Оборонно-техническая олимпиада","","","","","Право на 100 баллов","","Победителям и призерам",""
"370","Направление подготовки 09.03.03","Оборонно-техническая олимпиада","","","","","Право на 100 баллов","","Победителям и призерам",""
"371","Направление подготовки 09.03.04","Оборонно-техническая олимпиада","","","","","Право на 100 баллов","","Победителям и призерам",""
"372","Направление подготовки 10.03.01","Оборонно-техническая олимпиада","","","","","Право на 100 баллов","","Победителям и призерам",""
"373","Направление подготовки 10.05.04","Оборонно-техническая олимпиада","","","","","Право на 100 баллов","","Победителям и призерам",""
"374","Направление подготовки 10.05.05","Оборонно-техническая олимпиада","","","","","Право на 100 баллов","","Победителям и призерам",""
"375","Направление подготовки 11.03.04","Оборонно-техническая олимпиада","","","","","Право на 100 баллов","","Победителям и призерам",""
"376","Направление подготовки 12.03.01","Оборонно-техническая олимпиада","","","","","Право на 100 баллов","","Победителям и призерам",""
"377","Направление подготовки 12.03.04","Оборонно-техническая олимпиада","","","","","Право на 100 баллов","","Победителям и призерам",""
"378","Направление подготовки 14.05.04","Оборонно-техническая олимпиада","","","","","Право на 100 баллов","","Победителям и призерам",""
"379","Направление подготовки 15.03.06","Оборонно-техническая олимпиада","","","","","Право на 100 баллов","","Победителям и призерам",""
"380","Направление подготовки 18.03.01","Оборонно-техническая олимпиада","","","","","Право на 100 баллов","","Победителям и призерам",""
"381","Направление подготовки 27.03.03","Оборонно-техническая олимпиада","","","","","Право на 100 баллов","","Победителям и призерам",""
"382","Направление подготовки 38.03.01","Оборонно-техническая олимпиада","","","","","Право на 100 баллов","","Победителям и призерам",""
"383","Направление подготовки 38.03.02","Оборонно-техническая олимпиада","","","","","Право на 100 баллов","","Победителям и призерам",""
"384","Направление подготовки 38.03.05","Оборонно-техническая олимпиада","","","","","Право на 100 баллов","","Победителям и призерам",""
"385","Направление подготовки 38.05.01","Оборонно-техническая олимпиада","","","","","Право на 100 баллов","","Победителям и призерам",""
"386","Направление подготовки все кроме 31.05.01","Оборонно-техническая олимпиада","","","","","Право на 100 баллов","","Победителям и призерам",""
"387","Направление подготовки 38.03.01","Оборонно-техническая олимпиада","","","","","Право на 100 баллов","","Победителям и призерам",""
"388","Направление подготовки 38.03.02","Оборонно-техническая олимпиада","","","","","Право на 100 баллов","","Победителям и призерам",""
"389","Направление подготовки 38.03.05","Оборонно-техническая олимпиада","","","","","Право на 100 баллов","","Победителям и призерам",""
"390","Направление подготовки 38.05.01","Оборонно-техническая олимпиада","","","","","Право на 100 баллов","","Победителям и призерам",""
"391","Направление подготовки 41.03.05","Оборонно-техническая олимпиада","","","","","Право на 100 баллов","","Победителям и призерам",""
"392","Направление подготовки 38.03.01","Общероссийская олимпиада школьников «Основы православной культуры»","","","","","Право на 100 баллов","","Победителям и призерам",""
"393","Направление подготовки 38.03.05","Общероссийская олимпиада школьников «Основы православной культуры»","","","","","Право на 100 баллов","","Победителям и призерам",""
"394","Направление подготовки 38.05.01","Общероссийская олимпиада школьников «Основы православной культуры»","","","","","Право на 100 баллов","","Победителям и призерам",""
"395","Направление подготовки 41.03.05","Общероссийская олимпиада школьников «Основы православной культуры»","","","","","Право на 100 баллов","","Победителям и призерам",""
"396","Направление подготовки все, кроме 31.05.01, 38.03.01, 38.03.02, 38.03.05, 38.05.01, 41.03.05","Объединённая межвузовская олимпиада школьников","","","","","Право на 100 баллов","","Победителям и призерам",""
"397","Направление подготовки все, кроме 41.03.05","Объединённая межвузовская олимпиада школьников","","","","","Право на прием БВИ","","Победителям и призерам",""
"398","Направление подготовки все, кроме 41.03.05","«Формула Единства»/«Третье тысячелетие»","","","","","Право на прием БВИ","","Победителям и призерам",""
"399","Направление подготовки 38.03.01","Океан знаний","","","","","Право на 100 баллов","","Победителям и призерам",""
"400","Направление подготовки 38.03.02","Океан знаний","","","","","Право на 100 баллов","","Победителям и призерам",""
"401","Направление подготовки 38.03.05","Океан знаний","","","","","Право на 100 баллов","","Победителям и призерам",""
"402","Направление подготовки 38.05.01","Океан знаний","","","","","Право на 100 баллов","","Победителям и призерам",""
"403","Направление подготовки 41.03.05","Океан знаний","","","","","Право на 100 баллов","","Победителям и призерам",""
"404","Направление подготовки все","Океан знаний","","","","","Право на 100 баллов","","Победителям и призерам",""
"405","Направление подготовки все, кроме 41.03.05 / 01.03.02, 03.03.02, 03.05.02, 09.03.01, 09.03.03, 09.03.04, 10.03.01, 10.05.04, 10.05.05, 11.03.04, 12.03.01, 12.03.04, 14.05.04, 15.03.06, 18.03.01, 27.03.03, 38.03.01, 38.03.02, 38.03.05, 38.05.01","Всероссийская междисциплинарная олимпиада школьников 8-11 классов ""Национальная технологическая олимпиада""","","","","","Право на прием БВИ","","Победителям и призерам",""
"406","Направление подготовки 01.03.02","Всероссийская междисциплинарная олимпиада школьников 8-11 классов ""Национальная технологическая олимпиада""","","","","","Право на прием БВИ","","Победителям и призерам",""
"407","Направление подготовки 03.03.02","Всероссийская междисциплинарная олимпиада школьников 8-11 классов ""Национальная технологическая олимпиада""","","","","","Право на прием БВИ","","Победителям и призерам",""
"408","Направление подготовки 03.05.02","Всероссийская междисциплинарная олимпиада школьников 8-11 классов ""Национальная технологическая олимпиада""","","","","","Право на прием БВИ","","Победителям и призерам",""
"409","Направление подготовки 09.03.01","Всероссийская междисциплинарная олимпиада школьников 8-11 классов ""Национальная технологическая олимпиада""","","","","","Право на прием БВИ","","Победителям и призерам",""
"410","Направление подготовки 09.03.03","Всероссийская междисциплинарная олимпиада школьников 8-11 классов ""Национальная технологическая олимпиада""","","","","","Право на прием БВИ","","Победителям и призерам",""
"411","Направление подготовки 09.03.04","Всероссийская междисциплинарная олимпиада школьников 8-11 классов ""Национальная технологическая олимпиада""","","","","","Право на прием БВИ","","Победителям и призерам",""
"412","Направление подготовки 10.03.01","Всероссийская междисциплинарная олимпиада школьников 8-11 классов ""Национальная технологическая олимпиада""","","","","","Право на прием БВИ","","Победителям и призерам",""
"413","Направление подготовки 10.05.04","Всероссийская междисциплинарная олимпиада школьников 8-11 классов ""Национальная технологическая олимпиада""","","","","","Право на прием БВИ","","Победителям и призерам",""
"414","Направление подготовки 10.05.05","Всероссийская междисциплинарная олимпиада школьников 8-11 классов ""Национальная технологическая олимпиада""","","","","","Право на прием БВИ","","Победителям и призерам",""
"415","Направление подготовки 11.03.04","Всероссийская междисциплинарная олимпиада школьников 8-11 классов ""Национальная технологическая олимпиада""","","","","","Право на прием БВИ","","Победителям и призерам",""
"416","Направление подготовки 12.03.01","Всероссийская междисциплинарная олимпиада школьников 8-11 классов ""Национальная технологическая олимпиада""","","","","","Право на прием БВИ","","Победителям и призерам",""
"417","Направление подготовки 12.03.04","Всероссийская междисциплинарная олимпиада школьников 8-11 классов ""Национальная технологическая олимпиада""","","","","","Право на прием БВИ","","Победителям и призерам",""
"418","Направление подготовки 14.05.04","Всероссийская междисциплинарная олимпиада школьников 8-11 классов ""Национальная технологическая олимпиада""","","","","","Право на прием БВИ","","Победителям и призерам",""
"419","Направление подготовки 15.03.06","Всероссийская междисциплинарная олимпиада школьников 8-11 классов ""Национальная технологическая олимпиада""","","","","","Право на прием БВИ","","Победителям и призерам",""
"420","Направление подготовки 18.03.01","Всероссийская междисциплинарная олимпиада школьников 8-11 классов ""Национальная технологическая олимпиада""","","","","","Право на прием БВИ","","Победителям и призерам",""
"421","Направление подготовки 27.03.03","Всероссийская междисциплинарная олимпиада школьников 8-11 классов ""Национальная технологическая олимпиада""","","","","","Право на прием БВИ","","Победителям и призерам",""
"422","Направление подготовки 38.03.01","Всероссийская междисциплинарная олимпиада школьников 8-11 классов ""Национальная технологическая олимпиада""","","","","","Право на прием БВИ","","Победителям и призерам",""
"423","Направление подготовки 38.03.02","Всероссийская междисциплинарная олимпиада школьников 8-11 классов ""Национальная технологическая олимпиада""","","","","","Право на прием БВИ","","Победителям и призерам",""
"424","Направление подготовки 38.03.05","Всероссийская междисциплинарная олимпиада школьников 8-11 классов ""Национальная технологическая олимпиада""","","","","","Право на прием БВИ","","Победителям и призерам",""
"425","Направление подготовки 38.05.01","Всероссийская междисциплинарная олимпиада школьников 8-11 классов ""Национальная технологическая олимпиада""","","","","","Право на прием БВИ","","Победителям и призерам",""
"426","Направление подготовки все","Всероссийская междисциплинарная олимпиада школьников 8-11 классов ""Национальная технологическая олимпиада""","","","","","Право на прием БВИ","","Победителям и призерам",""
"427","Направление подготовки кроме 31.05.01","Всероссийская междисциплинарная олимпиада школьников 8-11 классов ""Национальная технологическая олимпиада""","","","","","Право на прием БВИ","","Победителям и призерам",""
"428","Направление подготовки 38.03.01","Всероссийская междисциплинарная олимпиада школьников 8-11 классов ""Национальная технологическая олимпиада""","","","","","Право на прием БВИ","","Победителям и призерам",""
"429","Направление подготовки 38.03.02","Всероссийская междисциплинарная олимпиада школьников 8-11 классов ""Национальная технологическая олимпиада""","","","","","Право на прием БВИ","","Победителям и призерам",""
"430","Направление подготовки 38.03.05","Всероссийская междисциплинарная олимпиада школьников 8-11 классов ""Национальная технологическая олимпиада""","","","","","Право на прием БВИ","","Победителям и призерам",""
"431","Направление подготовки 38.05.01","Всероссийская междисциплинарная олимпиада школьников 8-11 классов ""Национальная технологическая олимпиада""","","","","","Право на прием БВИ","","Победителям и призерам",""
"432","Направление подготовки 41.03.05","Всероссийская междисциплинарная олимпиада школьников 8-11 классов ""Национальная технологическая олимпиада""","","","","","Право на прием БВИ","","Победителям и призерам",""
"433","Направление подготовки 01.03.02","Всероссийская междисциплинарная олимпиада школьников 8-11 классов ""Национальная технологическая олимпиада""","","","","","Право на прием БВИ","","Победителям и призерам",""
"434","Направление подготовки 03.03.02","Всероссийская междисциплинарная олимпиада школьников 8-11 классов ""Национальная технологическая олимпиада""","","","","","Право на прием БВИ","","Победителям и призерам",""
"435","Направление подготовки 03.05.02","Всероссийская междисциплинарная олимпиада школьников 8-11 классов ""Национальная технологическая олимпиада""","","","","","Право на прием БВИ","","Победителям и призерам",""
"436","Направление подготовки 09.03.01","Всероссийская междисциплинарная олимпиада школьников 8-11 классов ""Национальная технологическая олимпиада""","","","","","Право на прием БВИ","","Победителям и призерам",""
"437","Направление подготовки 09.03.03","Всероссийская междисциплинарная олимпиада школьников 8-11 классов ""Национальная технологическая олимпиада""","","","","","Право на прием БВИ","","Победителям и призерам",""
"438","Направление подготовки 09.03.04","Всероссийская междисциплинарная олимпиада школьников 8-11 классов ""Национальная технологическая олимпиада""","","","","","Право на прием БВИ","","Победителям и призерам",""
"439","Направление подготовки 10.03.01","Всероссийская междисциплинарная олимпиада школьников 8-11 классов ""Национальная технологическая олимпиада""","","","","","Право на прием БВИ","","Победителям и призерам",""
"440","Направление подготовки 10.05.04","Всероссийская междисциплинарная олимпиада школьников 8-11 классов ""Национальная технологическая олимпиада""","","","","","Право на прием БВИ","","Победителям и призерам",""
"441","Направление подготовки 10.05.05","Всероссийская междисциплинарная олимпиада школьников 8-11 классов ""Национальная технологическая олимпиада""","","","","","Право на прием БВИ","","Победителям и призерам",""
"442","Направление подготовки 11.03.04","Всероссийская междисциплинарная олимпиада школьников 8-11 классов ""Национальная технологическая олимпиада""","","","","","Право на прием БВИ","","Победителям и призерам",""
"443","Направление подготовки 12.03.01","Всероссийская междисциплинарная олимпиада школьников 8-11 классов ""Национальная технологическая олимпиада""","","","","","Право на прием БВИ","","Победителям и призерам",""
"444","Направление подготовки 12.03.04","Всероссийская междисциплинарная олимпиада школьников 8-11 классов ""Национальная технологическая олимпиада""","","","","","Право на прием БВИ","","Победителям и призерам",""
"445","Направление подготовки 14.05.04","Всероссийская междисциплинарная олимпиада школьников 8-11 классов ""Национальная технологическая олимпиада""","","","","","Право на прием БВИ","","Победителям и призерам",""
"446","Направление подготовки 15.03.06","Всероссийская междисциплинарная олимпиада школьников 8-11 классов ""Национальная технологическая олимпиада""","","","","","Право на прием БВИ","","Победителям и призерам",""
"447","Направление подготовки 18.03.01","Всероссийская междисциплинарная олимпиада школьников 8-11 классов ""Национальная технологическая олимпиада""","","","","","Право на прием БВИ","","Победителям и призерам",""
"448","Направление подготовки 27.03.03","Всероссийская междисциплинарная олимпиада школьников 8-11 классов ""Национальная технологическая олимпиада""","","","","","Право на прием БВИ","","Победителям и призерам",""
"449","Направление подготовки 38.03.01","Всероссийская междисциплинарная олимпиада школьников 8-11 классов ""Национальная технологическая олимпиада""","","","","","Право на прием БВИ","","Победителям и призерам",""
"450","Направление подготовки 38.03.02","Всероссийская междисциплинарная олимпиада школьников 8-11 классов ""Национальная технологическая олимпиада""","","","","","Право на прием БВИ","","Победителям и призерам",""
"451","Направление подготовки 38.03.05","Всероссийская междисциплинарная олимпиада школьников 8-11 классов ""Национальная технологическая олимпиада""","","","","","Право на прием БВИ","","Победителям и призерам",""
"452","Направление подготовки 38.05.01","Всероссийская междисциплинарная олимпиада школьников 8-11 классов ""Национальная технологическая олимпиада""","","","","","Право на прием БВИ","","Победителям и призерам",""
"453","Направление подготовки все","Всероссийская междисциплинарная олимпиада школьников 8-11 классов ""Национальная технологическая олимпиада""","","","","","Право на прием БВИ","","Победителям и призерам",""
"454","Направление подготовки кроме 31.05.01","Всероссийская междисциплинарная олимпиада школьников 8-11 классов ""Национальная технологическая олимпиада""","","","","","Право на прием БВИ","","Победителям и призерам",""
"455","Направление подготовки 38.03.01","Всероссийская междисциплинарная олимпиада школьников 8-11 классов ""Национальная технологическая олимпиада""","","","","","Право на прием БВИ","","Победителям и призерам",""
"456","Направление подготовки 38.03.02","Всероссийская междисциплинарная олимпиада школьников 8-11 классов ""Национальная технологическая олимпиада""","","","","","Право на прием БВИ","","Победителям и призерам",""
"457","Направление подготовки 38.03.05","Всероссийская междисциплинарная олимпиада школьников 8-11 классов ""Национальная технологическая олимпиада""","","","","","Право на прием БВИ","","Победителям и призерам",""
"458","Направление подготовки 38.05.01","Всероссийская междисциплинарная олимпиада школьников 8-11 классов ""Национальная технологическая олимпиада""","","","","","Право на прием БВИ","","Победителям и призерам",""
"459","Направление подготовки 41.03.05","Всероссийская междисциплинарная олимпиада школьников 8-11 классов ""Национальная технологическая олимпиада""","","","","","Право на прием БВИ","","Победителям и призерам",""
"460","Направление подготовки все","Всероссийская междисциплинарная олимпиада школьников 8-11 классов ""Национальная технологическая олимпиада""","","","","","Право на прием БВИ","","Победителям и призерам",""
"461","Направление подготовки кроме 41.03.05","Всероссийская междисциплинарная олимпиада школьников 8-11 классов ""Национальная технологическая олимпиада""","","","","","Право на прием БВИ","","Победителям и призерам",""
"462","Направление подготовки 01.03.02","Всероссийская междисциплинарная олимпиада школьников 8-11 классов ""Национальная технологическая олимпиада""","","","","","Право на прием БВИ","","Победителям и призерам",""
"463","Направление подготовки 03.03.02","Всероссийская междисциплинарная олимпиада школьников 8-11 классов ""Национальная технологическая олимпиада""","","","","","Право на прием БВИ","","Победителям и призерам",""
"464","Направление подготовки 03.05.02","Всероссийская междисциплинарная олимпиада школьников 8-11 классов ""Национальная технологическая олимпиада""","","","","","Право на прием БВИ","","Победителям и призерам",""
"465","Направление подготовки 09.03.01","Всероссийская междисциплинарная олимпиада школьников 8-11 классов ""Национальная технологическая олимпиада""","","","","","Право на прием БВИ","","Победителям и призерам",""
"466","Направление подготовки 09.03.03","Всероссийская междисциплинарная олимпиада школьников 8-11 классов ""Национальная технологическая олимпиада""","","","","","Право на прием БВИ","","Победителям и призерам",""
"467","Направление подготовки 09.03.04","Всероссийская междисциплинарная олимпиада школьников 8-11 классов ""Национальная технологическая олимпиада""","","","","","Право на прием БВИ","","Победителям и призерам",""
"468","Направление подготовки 10.03.01","Всероссийская междисциплинарная олимпиада школьников 8-11 классов ""Национальная технологическая олимпиада""","","","","","Право на прием БВИ","","Победителям и призерам",""
"469","Направление подготовки 10.05.04","Всероссийская междисциплинарная олимпиада школьников 8-11 классов ""Национальная технологическая олимпиада""","","","","","Право на прием БВИ","","Победителям и призерам",""
"470","Направление подготовки 10.05.05","Всероссийская междисциплинарная олимпиада школьников 8-11 классов ""Национальная технологическая олимпиада""","","","","","Право на прием БВИ","","Победителям и призерам",""
"471","Направление подготовки 11.03.04","Всероссийская междисциплинарная олимпиада школьников 8-11 классов ""Национальная технологическая олимпиада""","","","","","Право на прием БВИ","","Победителям и призерам",""
"472","Направление подготовки 12.03.01","Всероссийская междисциплинарная олимпиада школьников 8-11 классов ""Национальная технологическая олимпиада""","","","","","Право на прием БВИ","","Победителям и призерам",""
"473","Направление подготовки 12.03.04","Всероссийская междисциплинарная олимпиада школьников 8-11 классов ""Национальная технологическая олимпиада""","","","","","Право на прием БВИ","","Победителям и призерам",""
"474","Направление подготовки 14.05.04","Всероссийская междисциплинарная олимпиада школьников 8-11 классов ""Национальная технологическая олимпиада""","","","","","Право на прием БВИ","","Победителям и призерам",""
"475","Направление подготовки 15.03.06","Всероссийская междисциплинарная олимпиада школьников 8-11 классов ""Национальная технологическая олимпиада""","","","","","Право на прием БВИ","","Победителям и призерам",""
"476","Направление подготовки 18.03.01","Всероссийская междисциплинарная олимпиада школьников 8-11 классов ""Национальная технологическая олимпиада""","","","","","Право на прием БВИ","","Победителям и призерам",""
"477","Направление подготовки 27.03.03","Всероссийская междисциплинарная олимпиада школьников 8-11 классов ""Национальная технологическая олимпиада""","","","","","Право на прием БВИ","","Победителям и призерам",""
"478","Направление подготовки 38.03.01","Всероссийская междисциплинарная олимпиада школьников 8-11 классов ""Национальная технологическая олимпиада""","","","","","Право на прием БВИ","","Победителям и призерам",""
"479","Направление подготовки 38.03.02","Всероссийская междисциплинарная олимпиада школьников 8-11 классов ""Национальная технологическая олимпиада""","","","","","Право на прием БВИ","","Победителям и призерам",""
"480","Направление подготовки 38.03.05","Всероссийская междисциплинарная олимпиада школьников 8-11 классов ""Национальная технологическая олимпиада""","","","","","Право на прием БВИ","","Победителям и призерам",""
"481","Направление подготовки 38.05.01","Всероссийская междисциплинарная олимпиада школьников 8-11 классов ""Национальная технологическая олимпиада""","","","","","Право на прием БВИ","","Победителям и призерам",""
"482","Направление подготовки все","Всероссийская междисциплинарная олимпиада школьников 8-11 классов ""Национальная технологическая олимпиада""","","","","","Право на прием БВИ","","Победителям и призерам",""
"483","Направление подготовки кроме 31.05.01","Всероссийская междисциплинарная олимпиада школьников 8-11 классов ""Национальная технологическая олимпиада""","","","","","Право на прием БВИ","","Победителям и призерам",""
"484","Направление подготовки 38.03.01","Всероссийская междисциплинарная олимпиада школьников 8-11 классов ""Национальная технологическая олимпиада""","","","","","Право на прием БВИ","","Победителям и призерам",""
"485","Направление подготовки 38.03.02","Всероссийская междисциплинарная олимпиада школьников 8-11 классов ""Национальная технологическая олимпиада""","","","","","Право на прием БВИ","","Победителям и призерам",""
"486","Направление подготовки 38.03.05","Всероссийская междисциплинарная олимпиада школьников 8-11 классов ""Национальная технологическая олимпиада""","","","","","Право на прием БВИ","","Победителям и призерам",""
"487","Направление подготовки 38.05.01","Всероссийская междисциплинарная олимпиада школьников 8-11 классов ""Национальная технологическая олимпиада""","","","","","Право на прием БВИ","","Победителям и призерам",""
"488","Направление подготовки 41.03.05","Всероссийская междисциплинарная олимпиада школьников 8-11 классов ""Национальная технологическая олимпиада""","","","","","Право на прием БВИ","","Победителям и призерам",""
"489","Направление подготовки все","Всероссийская междисциплинарная олимпиада школьников 8-11 классов ""Национальная технологическая олимпиада""","","","","","Право на прием БВИ","","Победителям и призерам",""
"490","Направление подготовки кроме 41.03.05","Всероссийская междисциплинарная олимпиада школьников 8-11 классов ""Национальная технологическая олимпиада""","","","","","Право на прием БВИ","","Победителям и призерам",""
"491","Направление подготовки все, кроме 41.03.05/01.03.02, 03.03.02, 03.05.02, 09.03.01, 09.03.03, 09.03.04, 10.03.01, 10.05.04, 10.05.05, 11.03.04, 12.03.01, 12.03.04, 14.05.04, 15.03.06, 18.03.01, 27.03.03, 38.03.01, 38.03.02, 38.03.05, 38.05.01","Всероссийская междисциплинарная олимпиада школьников 8-11 классов ""Национальная технологическая олимпиада""","","","","","Право на прием БВИ","","Победителям и призерам",""
"492","Направление подготовки все, кроме 41.03.05/01.03.02, 03.03.02, 03.05.02, 09.03.01, 09.03.03, 09.03.04, 10.03.01, 10.05.04, 10.05.05, 11.03.04, 12.03.01, 12.03.04, 14.05.04, 15.03.06, 18.03.01, 27.03.03, 38.03.01, 38.03.02, 38.03.05, 38.05.01 /все, кроме 31.05.01, 38.03.01, 38.03.02, 38.03.05, 38.05.01, 41.03.05","Всероссийская междисциплинарная олимпиада школьников 8-11 классов ""Национальная технологическая олимпиада""","","","","","Право на прием БВИ","","Победителям и призерам",""
"493","Направление подготовки Все, кроме 31.05.01, 38.03.01, 38.03.02, 38.03.05, 38.05.01, 41.03.05","Всероссийская междисциплинарная олимпиада школьников 8-11 классов ""Национальная технологическая олимпиада""","","","","","Право на прием БВИ","","Победителям и призерам",""
"494","Направление подготовки 01.03.02","Всероссийская междисциплинарная олимпиада школьников 8-11 классов ""Национальная технологическая олимпиада""","","","","","Право на прием БВИ","","Победителям и призерам",""
"495","Направление подготовки 03.03.02","Всероссийская междисциплинарная олимпиада школьников 8-11 классов ""Национальная технологическая олимпиада""","","","","","Право на прием БВИ","","Победителям и призерам",""
"496","Направление подготовки 03.05.02","Всероссийская междисциплинарная олимпиада школьников 8-11 классов ""Национальная технологическая олимпиада""","","","","","Право на прием БВИ","","Победителям и призерам",""
"497","Направление подготовки 09.03.01","Всероссийская междисциплинарная олимпиада школьников 8-11 классов ""Национальная технологическая олимпиада""","","","","","Право на прием БВИ","","Победителям и призерам",""
"498","Направление подготовки 09.03.03","Всероссийская междисциплинарная олимпиада школьников 8-11 классов ""Национальная технологическая олимпиада""","","","","","Право на прием БВИ","","Победителям и призерам",""
"499","Направление подготовки 09.03.04","Всероссийская междисциплинарная олимпиада школьников 8-11 классов ""Национальная технологическая олимпиада""","","","","","Право на прием БВИ","","Победителям и призерам",""
"500","Направление подготовки 10.03.01","Всероссийская междисциплинарная олимпиада школьников 8-11 классов ""Национальная технологическая олимпиада""","","","","","Право на прием БВИ","","Победителям и призерам",""
"501","Направление подготовки 10.05.04","Всероссийская междисциплинарная олимпиада школьников 8-11 классов ""Национальная технологическая олимпиада""","","","","","Право на прием БВИ","","Победителям и призерам",""
"502","Направление подготовки 10.05.05","Всероссийская междисциплинарная олимпиада школьников 8-11 классов ""Национальная технологическая олимпиада""","","","","","Право на прием БВИ","","Победителям и призерам",""
"503","Направление подготовки 11.03.04","Всероссийская междисциплинарная олимпиада школьников 8-11 классов ""Национальная технологическая олимпиада""","","","","","Право на прием БВИ","","Победителям и призерам",""
"504","Направление подготовки 12.03.01","Всероссийская междисциплинарная олимпиада школьников 8-11 классов ""Национальная технологическая олимпиада""","","","","","Право на прием БВИ","","Победителям и призерам",""
"505","Направление подготовки 12.03.04","Всероссийская междисциплинарная олимпиада школьников 8-11 классов ""Национальная технологическая олимпиада""","","","","","Право на прием БВИ","","Победителям и призерам",""
"506","Направление подготовки 14.05.04","Всероссийская междисциплинарная олимпиада школьников 8-11 классов ""Национальная технологическая олимпиада""","","","","","Право на прием БВИ","","Победителям и призерам",""
"507","Направление подготовки 15.03.06","Всероссийская междисциплинарная олимпиада школьников 8-11 классов ""Национальная технологическая олимпиада""","","","","","Право на прием БВИ","","Победителям и призерам",""
"508","Направление подготовки 18.03.01","Всероссийская междисциплинарная олимпиада школьников 8-11 классов ""Национальная технологическая олимпиада""","","","","","Право на прием БВИ","","Победителям и призерам",""
"509","Направление подготовки 27.03.03","Всероссийская междисциплинарная олимпиада школьников 8-11 классов ""Национальная технологическая олимпиада""","","","","","Право на прием БВИ","","Победителям и призерам",""
"510","Направление подготовки 38.03.01","Всероссийская междисциплинарная олимпиада школьников 8-11 классов ""Национальная технологическая олимпиада""","","","","","Право на прием БВИ","","Победителям и призерам",""
"511","Направление подготовки 38.03.05","Всероссийская междисциплинарная олимпиада школьников 8-11 классов ""Национальная технологическая олимпиада""","","","","","Право на прием БВИ","","Победителям и призерам",""
"512","Направление подготовки 38.05.01","Всероссийская междисциплинарная олимпиада школьников 8-11 классов ""Национальная технологическая олимпиада""","","","","","Право на прием БВИ","","Победителям и призерам",""
"513","Направление подготовки все","Всероссийская междисциплинарная олимпиада школьников 8-11 классов ""Национальная технологическая олимпиада""","","","","","Право на прием БВИ","","Победителям и призерам",""
"514","Направление подготовки кроме 31.05.01","Всероссийская междисциплинарная олимпиада школьников 8-11 классов ""Национальная технологическая олимпиада""","","","","","Право на прием БВИ","","Победителям и призерам",""
"515","Направление подготовки 38.03.01","Всероссийская междисциплинарная олимпиада школьников 8-11 классов ""Национальная технологическая олимпиада""","","","","","Право на прием БВИ","","Победителям и призерам",""
"516","Направление подготовки 38.03.05","Всероссийская междисциплинарная олимпиада школьников 8-11 классов ""Национальная технологическая олимпиада""","","","","","Право на прием БВИ","","Победителям и призерам",""
"517","Направление подготовки 38.05.01","Всероссийская междисциплинарная олимпиада школьников 8-11 классов ""Национальная технологическая олимпиада""","","","","","Право на прием БВИ","","Победителям и призерам",""
"518","Направление подготовки 41.03.05","Всероссийская междисциплинарная олимпиада школьников 8-11 классов ""Национальная технологическая олимпиада""","","","","","Право на прием БВИ","","Победителям и призерам",""
"519","Направление подготовки все","Всероссийская междисциплинарная олимпиада школьников 8-11 классов ""Национальная технологическая олимпиада""","","","","","Право на прием БВИ","","Победителям и призерам",""
"520","Направление подготовки кроме 41.03.05","Всероссийская междисциплинарная олимпиада школьников 8-11 классов ""Национальная технологическая олимпиада""","","","","","Право на прием БВИ","","Победителям и призерам",""
"521","Направление подготовки 01.03.02","Всероссийская междисциплинарная олимпиада школьников 8-11 классов ""Национальная технологическая олимпиада""","","","","","Право на прием БВИ","","Победителям и призерам",""
"522","Направление подготовки 03.03.02","Всероссийская междисциплинарная олимпиада школьников 8-11 классов ""Национальная технологическая олимпиада""","","","","","Право на прием БВИ","","Победителям и призерам",""
"523","Направление подготовки 03.05.02","Всероссийская междисциплинарная олимпиада школьников 8-11 классов ""Национальная технологическая олимпиада""","","","","","Право на прием БВИ","","Победителям и призерам",""
"524","Направление подготовки 09.03.01","Всероссийская междисциплинарная олимпиада школьников 8-11 классов ""Национальная технологическая олимпиада""","","","","","Право на прием БВИ","","Победителям и призерам",""
"525","Направление подготовки 09.03.03","Всероссийская междисциплинарная олимпиада школьников 8-11 классов ""Национальная технологическая олимпиада""","","","","","Право на прием БВИ","","Победителям и призерам",""
"526","Направление подготовки 09.03.04","Всероссийская междисциплинарная олимпиада школьников 8-11 классов ""Национальная технологическая олимпиада""","","","","","Право на прием БВИ","","Победителям и призерам",""
"527","Направление подготовки 10.03.01","Всероссийская междисциплинарная олимпиада школьников 8-11 классов ""Национальная технологическая олимпиада""","","","","","Право на прием БВИ","","Победителям и призерам",""
"528","Направление подготовки 10.05.04","Всероссийская междисциплинарная олимпиада школьников 8-11 классов ""Национальная технологическая олимпиада""","","","","","Право на прием БВИ","","Победителям и призерам",""
"529","Направление подготовки 10.05.05","Всероссийская междисциплинарная олимпиада школьников 8-11 классов ""Национальная технологическая олимпиада""","","","","","Право на прием БВИ","","Победителям и призерам",""
"530","Направление подготовки 11.03.04","Всероссийская междисциплинарная олимпиада школьников 8-11 классов ""Национальная технологическая олимпиада""","","","","","Право на прием БВИ","","Победителям и призерам",""
"531","Направление подготовки 12.03.01","Всероссийская междисциплинарная олимпиада школьников 8-11 классов ""Национальная технологическая олимпиада""","","","","","Право на прием БВИ","","Победителям и призерам",""
"532","Направление подготовки 12.03.04","Всероссийская междисциплинарная олимпиада школьников 8-11 классов ""Национальная технологическая олимпиада""","","","","","Право на прием БВИ","","Победителям и призерам",""
"533","Направление подготовки 14.05.04","Всероссийская междисциплинарная олимпиада школьников 8-11 классов ""Национальная технологическая олимпиада""","","","","","Право на прием БВИ","","Победителям и призерам",""
"534","Направление подготовки 15.03.06","Всероссийская междисциплинарная олимпиада школьников 8-11 классов ""Национальная технологическая олимпиада""","","","","","Право на прием БВИ","","Победителям и призерам",""
"535","Направление подготовки 18.03.01","Всероссийская междисциплинарная олимпиада школьников 8-11 классов ""Национальная технологическая олимпиада""","","","","","Право на прием БВИ","","Победителям и призерам",""
"536","Направление подготовки 27.03.03","Всероссийская междисциплинарная олимпиада школьников 8-11 классов ""Национальная технологическая олимпиада""","","","","","Право на прием БВИ","","Победителям и призерам",""
"537","Направление подготовки 38.03.01","Всероссийская междисциплинарная олимпиада школьников 8-11 классов ""Национальная технологическая олимпиада""","","","","","Право на прием БВИ","","Победителям и призерам",""
"538","Направление подготовки 38.03.02","Всероссийская междисциплинарная олимпиада школьников 8-11 классов ""Национальная технологическая олимпиада""","","","","","Право на прием БВИ","","Победителям и призерам",""
"539","Направление подготовки 38.03.05","Всероссийская междисциплинарная олимпиада школьников 8-11 классов ""Национальная технологическая олимпиада""","","","","","Право на прием БВИ","","Победителям и призерам",""
"540","Направление подготовки 38.05.01","Всероссийская междисциплинарная олимпиада школьников 8-11 классов ""Национальная технологическая олимпиада""","","","","","Право на прием БВИ","","Победителям и призерам",""
"541","Направление подготовки все","Всероссийская междисциплинарная олимпиада школьников 8-11 классов ""Национальная технологическая олимпиада""","","","","","Право на прием БВИ","","Победителям и призерам",""
"542","Направление подготовки кроме 31.05.01","Всероссийская междисциплинарная олимпиада школьников 8-11 классов ""Национальная технологическая олимпиада""","","","","","Право на прием БВИ","","Победителям и призерам",""
"543","Направление подготовки 38.03.01","Всероссийская междисциплинарная олимпиада школьников 8-11 классов ""Национальная технологическая олимпиада""","","","","","Право на прием БВИ","","Победителям и призерам",""
"544","Направление подготовки 38.03.02","Всероссийская междисциплинарная олимпиада школьников 8-11 классов ""Национальная технологическая олимпиада""","","","","","Право на прием БВИ","","Победителям и призерам",""
"545","Направление подготовки 38.03.05","Всероссийская междисциплинарная олимпиада школьников 8-11 классов ""Национальная технологическая олимпиада""","","","","","Право на прием БВИ","","Победителям и призерам",""
"546","Направление подготовки 38.05.01","Всероссийская междисциплинарная олимпиада школьников 8-11 классов ""Национальная технологическая олимпиада""","","","","","Право на прием БВИ","","Победителям и призерам",""
"547","Направление подготовки 41.03.05","Всероссийская междисциплинарная олимпиада школьников 8-11 классов ""Национальная технологическая олимпиада""","","","","","Право на прием БВИ","","Победителям и призерам",""
"548","Направление подготовки все","Всероссийская междисциплинарная олимпиада школьников 8-11 классов ""Национальная технологическая олимпиада""","","","","","Право на прием БВИ","","Победителям и призерам",""
"549","Направление подготовки кроме 41.03.05","Всероссийская междисциплинарная олимпиада школьников 8-11 классов ""Национальная технологическая олимпиада""","","","","","Право на прием БВИ","","Победителям и призерам",""
"550","Направление подготовки все, кроме 41.03.05/01.03.02, 03.03.02, 03.05.02, 09.03.01, 09.03.03, 09.03.04, 10.03.01, 10.05.04, 10.05.05, 11.03.04, 12.03.01, 12.03.04, 14.05.04, 15.03.06, 18.03.01, 27.03.03, 38.03.01, 38.03.02, 38.03.05, 38.05.01","Всероссийская междисциплинарная олимпиада школьников 8-11 классов ""Национальная технологическая олимпиада""","","","","","Право на прием БВИ","","Победителям и призерам",""
"551","Направление подготовки все, кроме 41.03.05/01.03.02, 03.03.02, 03.05.02, 09.03.01, 09.03.03, 09.03.04, 10.03.01, 10.05.04, 10.05.05, 11.03.04, 12.03.01, 12.03.04, 14.05.04, 15.03.06, 18.03.01, 27.03.03, 38.03.01, 38.03.02, 38.03.05, 38.05.01","Всероссийская междисциплинарная олимпиада школьников 8-11 классов ""Национальная технологическая олимпиада""","","","","","Право на прием БВИ","","Победителям и призерам",""
"552","Направление подготовки все, кроме 31.05.01, 38.03.01, 38.03.02, 38.03.05, 38.05.01, 41.03.05/12.03.04, 18.03.01, 22.03.01, 31.05.01","Всероссийская междисциплинарная олимпиада школьников 8-11 классов ""Национальная технологическая олимпиада""","","","","","Право на прием БВИ","","Победителям и призерам",""
"553","Направление подготовки 01.03.02","Всероссийская междисциплинарная олимпиада школьников 8-11 классов ""Национальная технологическая олимпиада""","","","","","Право на прием БВИ","","Победителям и призерам",""
"554","Направление подготовки 03.03.02","Всероссийская междисциплинарная олимпиада школьников 8-11 классов ""Национальная технологическая олимпиада""","","","","","Право на прием БВИ","","Победителям и призерам",""
"555","Направление подготовки 03.05.02","Всероссийская междисциплинарная олимпиада школьников 8-11 классов ""Национальная технологическая олимпиада""","","","","","Право на прием БВИ","","Победителям и призерам",""
"556","Направление подготовки 09.03.01","Всероссийская междисциплинарная олимпиада школьников 8-11 классов ""Национальная технологическая олимпиада""","","","","","Право на прием БВИ","","Победителям и призерам",""
"557","Направление подготовки 09.03.03","Всероссийская междисциплинарная олимпиада школьников 8-11 классов ""Национальная технологическая олимпиада""","","","","","Право на прием БВИ","","Победителям и призерам",""
"558","Направление подготовки 09.03.04","Всероссийская междисциплинарная олимпиада школьников 8-11 классов ""Национальная технологическая олимпиада""","","","","","Право на прием БВИ","","Победителям и призерам",""
"559","Направление подготовки 10.03.01","Всероссийская междисциплинарная олимпиада школьников 8-11 классов ""Национальная технологическая олимпиада""","","","","","Право на прием БВИ","","Победителям и призерам",""
"560","Направление подготовки 10.05.04","Всероссийская междисциплинарная олимпиада школьников 8-11 классов ""Национальная технологическая олимпиада""","","","","","Право на прием БВИ","","Победителям и призерам",""
"561","Направление подготовки 10.05.05","Всероссийская междисциплинарная олимпиада школьников 8-11 классов ""Национальная технологическая олимпиада""","","","","","Право на прием БВИ","","Победителям и призерам",""
"562","Направление подготовки 11.03.04","Всероссийская междисциплинарная олимпиада школьников 8-11 классов ""Национальная технологическая олимпиада""","","","","","Право на прием БВИ","","Победителям и призерам",""
"563","Направление подготовки 12.03.01","Всероссийская междисциплинарная олимпиада школьников 8-11 классов ""Национальная технологическая олимпиада""","","","","","Право на прием БВИ","","Победителям и призерам",""
"564","Направление подготовки 12.03.04","Всероссийская междисциплинарная олимпиада школьников 8-11 классов ""Национальная технологическая олимпиада""","","","","","Право на прием БВИ","","Победителям и призерам",""
"565","Направление подготовки 14.05.04","Всероссийская междисциплинарная олимпиада школьников 8-11 классов ""Национальная технологическая олимпиада""","","","","","Право на прием БВИ","","Победителям и призерам",""
"566","Направление подготовки 15.03.06","Всероссийская междисциплинарная олимпиада школьников 8-11 классов ""Национальная технологическая олимпиада""","","","","","Право на прием БВИ","","Победителям и призерам",""
"567","Направление подготовки 18.03.01","Всероссийская междисциплинарная олимпиада школьников 8-11 классов ""Национальная технологическая олимпиада""","","","","","Право на прием БВИ","","Победителям и призерам",""
"568","Направление подготовки 27.03.03","Всероссийская междисциплинарная олимпиада школьников 8-11 классов ""Национальная технологическая олимпиада""","","","","","Право на прием БВИ","","Победителям и призерам",""
"569","Направление подготовки 38.03.01","Всероссийская междисциплинарная олимпиада школьников 8-11 классов ""Национальная технологическая олимпиада""","","","","","Право на прием БВИ","","Победителям и призерам",""
"570","Направление подготовки 38.03.02","Всероссийская междисциплинарная олимпиада школьников 8-11 классов ""Национальная технологическая олимпиада""","","","","","Право на прием БВИ","","Победителям и призерам",""
"571","Направление подготовки 38.03.05","Всероссийская междисциплинарная олимпиада школьников 8-11 классов ""Национальная технологическая олимпиада""","","","","","Право на прием БВИ","","Победителям и призерам",""
"572","Направление подготовки 38.05.01","Всероссийская междисциплинарная олимпиада школьников 8-11 классов ""Национальная технологическая олимпиада""","","","","","Право на прием БВИ","","Победителям и призерам",""
"573","Направление подготовки все","Всероссийская междисциплинарная олимпиада школьников 8-11 классов ""Национальная технологическая олимпиада""","","","","","Право на прием БВИ","","Победителям и призерам",""
"574","Направление подготовки кроме 31.05.01","Всероссийская междисциплинарная олимпиада школьников 8-11 классов ""Национальная технологическая олимпиада""","","","","","Право на прием БВИ","","Победителям и призерам",""
"575","Направление подготовки 38.03.01","Всероссийская междисциплинарная олимпиада школьников 8-11 классов ""Национальная технологическая олимпиада""","","","","","Право на прием БВИ","","Победителям и призерам",""
"576","Направление подготовки 38.03.02","Всероссийская междисциплинарная олимпиада школьников 8-11 классов ""Национальная технологическая олимпиада""","","","","","Право на прием БВИ","","Победителям и призерам",""
"577","Направление подготовки 38.03.05","Всероссийская междисциплинарная олимпиада школьников 8-11 классов ""Национальная технологическая олимпиада""","","","","","Право на прием БВИ","","Победителям и призерам",""
"578","Направление подготовки 38.05.01","Всероссийская междисциплинарная олимпиада школьников 8-11 классов ""Национальная технологическая олимпиада""","","","","","Право на прием БВИ","","Победителям и призерам",""
"579","Направление подготовки 41.03.05","Всероссийская междисциплинарная олимпиада школьников 8-11 классов ""Национальная технологическая олимпиада""","","","","","Право на прием БВИ","","Победителям и призерам",""
"580","Направление подготовки все","Всероссийская междисциплинарная олимпиада школьников 8-11 классов ""Национальная технологическая олимпиада""","","","","","Право на прием БВИ","","Победителям и призерам",""
"581","Направление подготовки кроме 41.03.05","Всероссийская междисциплинарная олимпиада школьников 8-11 классов ""Национальная технологическая олимпиада""","","","","","Право на прием БВИ","","Победителям и призерам",""
"582","Направление подготовки все, кроме 41.03.05/01.03.02, 03.03.02, 03.05.02, 09.03.01, 09.03.03, 09.03.04, 10.03.01, 10.05.04, 10.05.05, 11.03.04, 12.03.01, 12.03.04, 14.05.04, 15.03.06, 18.03.01, 27.03.03, 38.03.01, 38.03.02, 38.03.05, 38.05.01 /все, кроме 31.05.01, 38.03.01, 38.03.02, 38.03.05, 38.05.01, 41.03.05","Всероссийская междисциплинарная олимпиада школьников 8-11 классов ""Национальная технологическая олимпиада""","","","","","Право на прием БВИ","","Победителям и призерам",""
"583","Направление подготовки все, кроме 41.03.05/все, кроме 31.05.01, 38.03.01, 38.03.02, 38.03.05, 38.05.01, 41.03.05","Всероссийская междисциплинарная олимпиада школьников 8-11 классов ""Национальная технологическая олимпиада""","","","","","Право на прием БВИ","","Победителям и призерам",""
"584","Направление подготовки 01.03.02","Всероссийская междисциплинарная олимпиада школьников 8-11 классов ""Национальная технологическая олимпиада""","","","","","Право на прием БВИ","","Победителям и призерам",""
"585","Направление подготовки 03.03.02","Всероссийская междисциплинарная олимпиада школьников 8-11 классов ""Национальная технологическая олимпиада""","","","","","Право на прием БВИ","","Победителям и призерам",""
"586","Направление подготовки 03.05.02","Всероссийская междисциплинарная олимпиада школьников 8-11 классов ""Национальная технологическая олимпиада""","","","","","Право на прием БВИ","","Победителям и призерам",""
"587","Направление подготовки 09.03.01","Всероссийская междисциплинарная олимпиада школьников 8-11 классов ""Национальная технологическая олимпиада""","","","","","Право на прием БВИ","","Победителям и призерам",""
"588","Направление подготовки 09.03.03","Всероссийская междисциплинарная олимпиада школьников 8-11 классов ""Национальная технологическая олимпиада""","","","","","Право на прием БВИ","","Победителям и призерам",""
"589","Направление подготовки 09.03.04","Всероссийская междисциплинарная олимпиада школьников 8-11 классов ""Национальная технологическая олимпиада""","","","","","Право на прием БВИ","","Победителям и призерам",""
"590","Направление подготовки 10.03.01","Всероссийская междисциплинарная олимпиада школьников 8-11 классов ""Национальная технологическая олимпиада""","","","","","Право на прием БВИ","","Победителям и призерам",""
"591","Направление подготовки 10.05.04","Всероссийская междисциплинарная олимпиада школьников 8-11 классов ""Национальная технологическая олимпиада""","","","","","Право на прием БВИ","","Победителям и призерам",""
"592","Направление подготовки 10.05.05","Всероссийская междисциплинарная олимпиада школьников 8-11 классов ""Национальная технологическая олимпиада""","","","","","Право на прием БВИ","","Победителям и призерам",""
"593","Направление подготовки 11.03.04","Всероссийская междисциплинарная олимпиада школьников 8-11 классов ""Национальная технологическая олимпиада""","","","","","Право на прием БВИ","","Победителям и призерам",""
"594","Направление подготовки 12.03.01","Всероссийская междисциплинарная олимпиада школьников 8-11 классов ""Национальная технологическая олимпиада""","","","","","Право на прием БВИ","","Победителям и призерам",""
"595","Направление подготовки 12.03.04","Всероссийская междисциплинарная олимпиада школьников 8-11 классов ""Национальная технологическая олимпиада""","","","","","Право на прием БВИ","","Победителям и призерам",""
"596","Направление подготовки 14.05.04","Всероссийская междисциплинарная олимпиада школьников 8-11 классов ""Национальная технологическая олимпиада""","","","","","Право на прием БВИ","","Победителям и призерам",""
"597","Направление подготовки 15.03.06","Всероссийская междисциплинарная олимпиада школьников 8-11 классов ""Национальная технологическая олимпиада""","","","","","Право на прием БВИ","","Победителям и призерам",""
"598","Направление подготовки 18.03.01","Всероссийская междисциплинарная олимпиада школьников 8-11 классов ""Национальная технологическая олимпиада""","","","","","Право на прием БВИ","","Победителям и призерам",""
"599","Направление подготовки 27.03.03","Всероссийская междисциплинарная олимпиада школьников 8-11 классов ""Национальная технологическая олимпиада""","","","","","Право на прием БВИ","","Победителям и призерам",""
"600","Направление подготовки 38.03.01","Всероссийская междисциплинарная олимпиада школьников 8-11 классов ""Национальная технологическая олимпиада""","","","","","Право на прием БВИ","","Победителям и призерам",""
"601","Направление подготовки 38.03.02","Всероссийская междисциплинарная олимпиада школьников 8-11 классов ""Национальная технологическая олимпиада""","","","","","Право на прием БВИ","","Победителям и призерам",""
"602","Направление подготовки 38.03.05","Всероссийская междисциплинарная олимпиада школьников 8-11 классов ""Национальная технологическая олимпиада""","","","","","Право на прием БВИ","","Победителям и призерам",""
"603","Направление подготовки 38.05.01","Всероссийская междисциплинарная олимпиада школьников 8-11 классов ""Национальная технологическая олимпиада""","","","","","Право на прием БВИ","","Победителям и призерам",""
"604","Направление подготовки все","Всероссийская междисциплинарная олимпиада школьников 8-11 классов ""Национальная технологическая олимпиада""","","","","","Право на прием БВИ","","Победителям и призерам",""
"605","Направление подготовки кроме 41.03.05","Всероссийская междисциплинарная олимпиада школьников 8-11 классов ""Национальная технологическая олимпиада""","","","","","Право на прием БВИ","","Победителям и призерам",""
"606","Направление подготовки 01.03.02","Всероссийская междисциплинарная олимпиада школьников 8-11 классов ""Национальная технологическая олимпиада""","","","","","Право на прием БВИ","","Победителям и призерам",""
"607","Направление подготовки 03.03.02","Всероссийская междисциплинарная олимпиада школьников 8-11 классов ""Национальная технологическая олимпиада""","","","","","Право на прием БВИ","","Победителям и призерам",""
"608","Направление подготовки 03.05.02","Всероссийская междисциплинарная олимпиада школьников 8-11 классов ""Национальная технологическая олимпиада""","","","","","Право на прием БВИ","","Победителям и призерам",""
"609","Направление подготовки 09.03.01","Всероссийская междисциплинарная олимпиада школьников 8-11 классов ""Национальная технологическая олимпиада""","","","","","Право на прием БВИ","","Победителям и призерам",""
"610","Направление подготовки 09.03.03","Всероссийская междисциплинарная олимпиада школьников 8-11 классов ""Национальная технологическая олимпиада""","","","","","Право на прием БВИ","","Победителям и призерам",""
"611","Направление подготовки 09.03.04","Всероссийская междисциплинарная олимпиада школьников 8-11 классов ""Национальная технологическая олимпиада""","","","","","Право на прием БВИ","","Победителям и призерам",""
"612","Направление подготовки 10.03.01","Всероссийская междисциплинарная олимпиада школьников 8-11 классов ""Национальная технологическая олимпиада""","","","","","Право на прием БВИ","","Победителям и призерам",""
"613","Направление подготовки 10.05.04","Всероссийская междисциплинарная олимпиада школьников 8-11 классов ""Национальная технологическая олимпиада""","","","","","Право на прием БВИ","","Победителям и призерам",""
"614","Направление подготовки 10.05.05","Всероссийская междисциплинарная олимпиада школьников 8-11 классов ""Национальная технологическая олимпиада""","","","","","Право на прием БВИ","","Победителям и призерам",""
"615","Направление подготовки 11.03.04","Всероссийская междисциплинарная олимпиада школьников 8-11 классов ""Национальная технологическая олимпиада""","","","","","Право на прием БВИ","","Победителям и призерам",""
"616","Направление подготовки 12.03.01","Всероссийская междисциплинарная олимпиада школьников 8-11 классов ""Национальная технологическая олимпиада""","","","","","Право на прием БВИ","","Победителям и призерам",""
"617","Направление подготовки 12.03.04","Всероссийская междисциплинарная олимпиада школьников 8-11 классов ""Национальная технологическая олимпиада""","","","","","Право на прием БВИ","","Победителям и призерам",""
"618","Направление подготовки 14.05.04","Всероссийская междисциплинарная олимпиада школьников 8-11 классов ""Национальная технологическая олимпиада""","","","","","Право на прием БВИ","","Победителям и призерам",""
"619","Направление подготовки 15.03.06","Всероссийская междисциплинарная олимпиада школьников 8-11 классов ""Национальная технологическая олимпиада""","","","","","Право на прием БВИ","","Победителям и призерам",""
"620","Направление подготовки 18.03.01","Всероссийская междисциплинарная олимпиада школьников 8-11 классов ""Национальная технологическая олимпиада""","","","","","Право на прием БВИ","","Победителям и призерам",""
"621","Направление подготовки 27.03.03","Всероссийская междисциплинарная олимпиада школьников 8-11 классов ""Национальная технологическая олимпиада""","","","","","Право на прием БВИ","","Победителям и призерам",""
"622","Направление подготовки 38.03.01","Всероссийская междисциплинарная олимпиада школьников 8-11 классов ""Национальная технологическая олимпиада""","","","","","Право на прием БВИ","","Победителям и призерам",""
"623","Направление подготовки 38.03.02","Всероссийская междисциплинарная олимпиада школьников 8-11 классов ""Национальная технологическая олимпиада""","","","","","Право на прием БВИ","","Победителям и призерам",""
"624","Направление подготовки 38.03.05","Всероссийская междисциплинарная олимпиада школьников 8-11 классов ""Национальная технологическая олимпиада""","","","","","Право на прием БВИ","","Победителям и призерам",""
"625","Направление подготовки 38.05.01","Всероссийская междисциплинарная олимпиада школьников 8-11 классов ""Национальная технологическая олимпиада""","","","","","Право на прием БВИ","","Победителям и призерам",""
"626","Направление подготовки 12.03.04","Всероссийская междисциплинарная олимпиада школьников 8-11 классов ""Национальная технологическая олимпиада""","","","","","Право на прием БВИ","","Победителям и призерам",""
"627","Направление подготовки 18.03.01","Всероссийская междисциплинарная олимпиада школьников 8-11 классов ""Национальная технологическая олимпиада""","","","","","Право на прием БВИ","","Победителям и призерам",""
"628","Направление подготовки 22.03.01","Всероссийская междисциплинарная олимпиада школьников 8-11 классов ""Национальная технологическая олимпиада""","","","","","Право на прием БВИ","","Победителям и призерам",""
"629","Направление подготовки 31.05.01","Всероссийская междисциплинарная олимпиада школьников 8-11 классов ""Национальная технологическая олимпиада""","","","","","Право на прием БВИ","","Победителям и призерам",""
"630","Направление подготовки 01.03.02","Всероссийская междисциплинарная олимпиада школьников 8-11 классов ""Национальная технологическая олимпиада""","","","","","Право на прием БВИ","","Победителям и призерам",""
"631","Направление подготовки 03.03.02","Всероссийская междисциплинарная олимпиада школьников 8-11 классов ""Национальная технологическая олимпиада""","","","","","Право на прием БВИ","","Победителям и призерам",""
"632","Направление подготовки 03.05.02","Всероссийская междисциплинарная олимпиада школьников 8-11 классов ""Национальная технологическая олимпиада""","","","","","Право на прием БВИ","","Победителям и призерам",""
"633","Направление подготовки 09.03.01","Всероссийская междисциплинарная олимпиада школьников 8-11 классов ""Национальная технологическая олимпиада""","","","","","Право на прием БВИ","","Победителям и призерам",""
"634","Направление подготовки 09.03.03","Всероссийская междисциплинарная олимпиада школьников 8-11 классов ""Национальная технологическая олимпиада""","","","","","Право на прием БВИ","","Победителям и призерам",""
"635","Направление подготовки 09.03.04","Всероссийская междисциплинарная олимпиада школьников 8-11 классов ""Национальная технологическая олимпиада""","","","","","Право на прием БВИ","","Победителям и призерам",""
"636","Направление подготовки 10.03.01","Всероссийская междисциплинарная олимпиада школьников 8-11 классов ""Национальная технологическая олимпиада""","","","","","Право на прием БВИ","","Победителям и призерам",""
"637","Направление подготовки 10.05.04","Всероссийская междисциплинарная олимпиада школьников 8-11 классов ""Национальная технологическая олимпиада""","","","","","Право на прием БВИ","","Победителям и призерам",""
"638","Направление подготовки 10.05.05","Всероссийская междисциплинарная олимпиада школьников 8-11 классов ""Национальная технологическая олимпиада""","","","","","Право на прием БВИ","","Победителям и призерам",""
"639","Направление подготовки 11.03.04","Всероссийская междисциплинарная олимпиада школьников 8-11 классов ""Национальная технологическая олимпиада""","","","","","Право на прием БВИ","","Победителям и призерам",""
"640","Направление подготовки 12.03.01","Всероссийская междисциплинарная олимпиада школьников 8-11 классов ""Национальная технологическая олимпиада""","","","","","Право на прием БВИ","","Победителям и призерам",""
"641","Направление подготовки 12.03.04","Всероссийская междисциплинарная олимпиада школьников 8-11 классов ""Национальная технологическая олимпиада""","","","","","Право на прием БВИ","","Победителям и призерам",""
"642","Направление подготовки 14.05.04","Всероссийская междисциплинарная олимпиада школьников 8-11 классов ""Национальная технологическая олимпиада""","","","","","Право на прием БВИ","","Победителям и призерам",""
"643","Направление подготовки 15.03.06","Всероссийская междисциплинарная олимпиада школьников 8-11 классов ""Национальная технологическая олимпиада""","","","","","Право на прием БВИ","","Победителям и призерам",""
"644","Направление подготовки 18.03.01","Всероссийская междисциплинарная олимпиада школьников 8-11 классов ""Национальная технологическая олимпиада""","","","","","Право на прием БВИ","","Победителям и призерам",""
"645","Направление подготовки 27.03.03","Всероссийская междисциплинарная олимпиада школьников 8-11 классов ""Национальная технологическая олимпиада""","","","","","Право на прием БВИ","","Победителям и призерам",""
"646","Направление подготовки 38.03.01","Всероссийская междисциплинарная олимпиада школьников 8-11 классов ""Национальная технологическая олимпиада""","","","","","Право на прием БВИ","","Победителям и призерам",""
"647","Направление подготовки 38.03.02","Всероссийская междисциплинарная олимпиада школьников 8-11 классов ""Национальная технологическая олимпиада""","","","","","Право на прием БВИ","","Победителям и призерам",""
"648","Направление подготовки 38.03.05","Всероссийская междисциплинарная олимпиада школьников 8-11 классов ""Национальная технологическая олимпиада""","","","","","Право на прием БВИ","","Победителям и призерам",""
"649","Направление подготовки 38.05.01","Всероссийская междисциплинарная олимпиада школьников 8-11 классов ""Национальная технологическая олимпиада""","","","","","Право на прием БВИ","","Победителям и призерам",""
"650","Направление подготовки все","Всероссийская междисциплинарная олимпиада школьников 8-11 классов ""Национальная технологическая олимпиада""","","","","","Право на прием БВИ","","Победителям и призерам",""
"651","Направление подготовки кроме 41.03.05","Всероссийская междисциплинарная олимпиада школьников 8-11 классов ""Национальная технологическая олимпиада""","","","","","Право на прием БВИ","","Победителям и призерам",""
"652","Направление подготовки все, кроме 41.03.05/01.03.02, 03.03.02, 03.05.02, 09.03.01, 09.03.03, 09.03.04, 10.03.01, 10.05.04, 10.05.05, 11.03.04, 12.03.01, 12.03.04, 14.05.04, 15.03.06, 18.03.01, 27.03.03, 38.03.01, 38.03.02, 38.03.05, 38.05.01 /Все, кроме 31.05.01, 38.03.01, 38.03.02, 38.03.05, 38.05.01, 41.03.05","Всероссийская междисциплинарная олимпиада школьников 8-11 классов ""Национальная технологическая олимпиада""","","","","","Право на прием БВИ","","Победителям и призерам",""
"653","Направление подготовки все, кроме 41.03.05","Олимпиада Курчатов","","","","","Право на прием БВИ","","Победителям и призерам",""
"654","Направление подготовки все, кроме 31.05.01, 38.03.01, 38.03.02, 38.03.05, 38.05.01, 41.03.05","Олимпиада Курчатов","","","","","Право на прием БВИ","","Победителям и призерам",""
"655","Направление подготовки 12.03.04","Олимпиада по химии и химической технологии «Потомки Менделеева»","","","","","Право на прием БВИ","","Победителям и призерам",""
"656","Направление подготовки 18.03.01","Олимпиада по химии и химической технологии «Потомки Менделеева»","","","","","Право на прием БВИ","","Победителям и призерам",""
"657","Направление подготовки 22.03.01","Олимпиада по химии и химической технологии «Потомки Менделеева»","","","","","Право на прием БВИ","","Победителям и призерам",""
"658","Направление подготовки 31.05.01","Олимпиада по химии и химической технологии «Потомки Менделеева»","","","","","Право на прием БВИ","","Победителям и призерам",""
"659","Направление подготовки 38.03.01","Олимпиада МГИМО МИД России для школьников","","","","","Право на прием БВИ","","Победителям и призерам",""
"660","Направление подготовки 38.03.02","Олимпиада МГИМО МИД России для школьников","","","","","Право на прием БВИ","","Победителям и призерам",""
"661","Направление подготовки 38.03.05","Олимпиада МГИМО МИД России для школьников","","","","","Право на прием БВИ","","Победителям и призерам",""
"662","Направление подготовки 38.05.01","Олимпиада МГИМО МИД России для школьников","","","","","Право на прием БВИ","","Победителям и призерам",""
"663","Направление подготовки 41.03.05","Олимпиада МГИМО МИД России для школьников","","","","","Право на прием БВИ","","Победителям и призерам",""
"664","Направление подготовки 41.03.05","Олимпиада РГГУ для школьников","","","","","Право на прием БВИ","","Победителям и призерам",""
"665","Направление подготовки 38.03.01","Олимпиада РГГУ для школьников","","","","","Право на прием БВИ","","Победителям и призерам",""
"666","Направление подготовки 38.03.02","Олимпиада РГГУ для школьников","","","","","Право на прием БВИ","","Победителям и призерам",""
"667","Направление подготовки 38.03.05","Олимпиада РГГУ для школьников","","","","","Право на прием БВИ","","Победителям и призерам",""
"668","Направление подготовки 38.05.01","Олимпиада РГГУ для школьников","","","","","Право на прием БВИ","","Победителям и призерам",""
"669","Направление подготовки 41.03.05","Олимпиада РГГУ для школьников","","","","","Право на прием БВИ","","Победителям и призерам",""
"670","Направление подготовки все","Олимпиада РГГУ для школьников","","","","","Право на 100 баллов","","Победителям и призерам",""
"671","Направление подготовки 01.03.02","Международная олимпиада «Innopolis Open»","","","","","Право на прием БВИ","","Победителям и призерам",""
"672","Направление подготовки 03.03.02","Международная олимпиада «Innopolis Open»","","","","","Право на прием БВИ","","Победителям и призерам",""
"673","Направление подготовки 03.05.02","Международная олимпиада «Innopolis Open»","","","","","Право на прием БВИ","","Победителям и призерам",""
"674","Направление подготовки 09.03.01","Международная олимпиада «Innopolis Open»","","","","","Право на прием БВИ","","Победителям и призерам",""
"675","Направление подготовки 09.03.03","Международная олимпиада «Innopolis Open»","","","","","Право на прием БВИ","","Победителям и призерам",""
"676","Направление подготовки 09.03.04","Международная олимпиада «Innopolis Open»","","","","","Право на прием БВИ","","Победителям и призерам",""
"677","Направление подготовки 10.03.01","Международная олимпиада «Innopolis Open»","","","","","Право на прием БВИ","","Победителям и призерам",""
"678","Направление подготовки 10.05.04","Международная олимпиада «Innopolis Open»","","","","","Право на прием БВИ","","Победителям и призерам",""
"679","Направление подготовки 10.05.05","Международная олимпиада «Innopolis Open»","","","","","Право на прием БВИ","","Победителям и призерам",""
"680","Направление подготовки 11.03.04","Международная олимпиада «Innopolis Open»","","","","","Право на прием БВИ","","Победителям и призерам",""
"681","Направление подготовки 12.03.01","Международная олимпиада «Innopolis Open»","","","","","Право на прием БВИ","","Победителям и призерам",""
"682","Направление подготовки 12.03.04","Международная олимпиада «Innopolis Open»","","","","","Право на прием БВИ","","Победителям и призерам",""
"683","Направление подготовки 14.05.04","Международная олимпиада «Innopolis Open»","","","","","Право на прием БВИ","","Победителям и призерам",""
"684","Направление подготовки 15.03.06","Международная олимпиада «Innopolis Open»","","","","","Право на прием БВИ","","Победителям и призерам",""
"685","Направление подготовки 18.03.01","Международная олимпиада «Innopolis Open»","","","","","Право на прием БВИ","","Победителям и призерам",""
"686","Направление подготовки 27.03.03","Международная олимпиада «Innopolis Open»","","","","","Право на прием БВИ","","Победителям и призерам",""
"687","Направление подготовки 38.03.01","Международная олимпиада «Innopolis Open»","","","","","Право на прием БВИ","","Победителям и призерам",""
"688","Направление подготовки 38.03.02","Международная олимпиада «Innopolis Open»","","","","","Право на прием БВИ","","Победителям и призерам",""
"689","Направление подготовки 38.03.05","Международная олимпиада «Innopolis Open»","","","","","Право на прием БВИ","","Победителям и призерам",""
"690","Направление подготовки 38.05.01","Международная олимпиада «Innopolis Open»","","","","","Право на прием БВИ","","Победителям и призерам",""
"691","Направление подготовки 01.03.02","Международная олимпиада «Innopolis Open»","","","","","Право на прием БВИ","","Победителям и призерам",""
"692","Направление подготовки 03.03.02","Международная олимпиада «Innopolis Open»","","","","","Право на прием БВИ","","Победителям и призерам",""
"693","Направление подготовки 03.05.02","Международная олимпиада «Innopolis Open»","","","","","Право на прием БВИ","","Победителям и призерам",""
"694","Направление подготовки 09.03.01","Международная олимпиада «Innopolis Open»","","","","","Право на прием БВИ","","Победителям и призерам",""
"695","Направление подготовки 09.03.03","Международная олимпиада «Innopolis Open»","","","","","Право на прием БВИ","","Победителям и призерам",""
"696","Направление подготовки 09.03.04","Международная олимпиада «Innopolis Open»","","","","","Право на прием БВИ","","Победителям и призерам",""
"697","Направление подготовки 10.03.01","Международная олимпиада «Innopolis Open»","","","","","Право на прием БВИ","","Победителям и призерам",""
"698","Направление подготовки 10.05.04","Международная олимпиада «Innopolis Open»","","","","","Право на прием БВИ","","Победителям и призерам",""
"699","Направление подготовки 10.05.05","Международная олимпиада «Innopolis Open»","","","","","Право на прием БВИ","","Победителям и призерам",""
"700","Направление подготовки 11.03.04","Международная олимпиада «Innopolis Open»","","","","","Право на прием БВИ","","Победителям и призерам",""
"701","Направление подготовки 12.03.01","Международная олимпиада «Innopolis Open»","","","","","Право на прием БВИ","","Победителям и призерам",""
"702","Направление подготовки 12.03.04","Международная олимпиада «Innopolis Open»","","","","","Право на прием БВИ","","Победителям и призерам",""
"703","Направление подготовки 14.05.04","Международная олимпиада «Innopolis Open»","","","","","Право на прием БВИ","","Победителям и призерам",""
"704","Направление подготовки 15.03.06","Международная олимпиада «Innopolis Open»","","","","","Право на прием БВИ","","Победителям и призерам",""
"705","Направление подготовки 18.03.01","Международная олимпиада «Innopolis Open»","","","","","Право на прием БВИ","","Победителям и призерам",""
"706","Направление подготовки 27.03.03","Международная олимпиада «Innopolis Open»","","","","","Право на прием БВИ","","Победителям и призерам",""
"707","Направление подготовки 38.03.01","Международная олимпиада «Innopolis Open»","","","","","Право на прием БВИ","","Победителям и призерам",""
"708","Направление подготовки 38.03.02","Международная олимпиада «Innopolis Open»","","","","","Право на прием БВИ","","Победителям и призерам",""
"709","Направление подготовки 38.03.05","Международная олимпиада «Innopolis Open»","","","","","Право на прием БВИ","","Победителям и призерам",""
"710","Направление подготовки 38.05.01","Международная олимпиада «Innopolis Open»","","","","","Право на прием БВИ","","Победителям и призерам",""
"711","Направление подготовки 01.03.02","Международная олимпиада «Innopolis Open»","","","","","Право на прием БВИ","","Победителям и призерам",""
"712","Направление подготовки 03.03.02","Международная олимпиада «Innopolis Open»","","","","","Право на прием БВИ","","Победителям и призерам",""
"713","Направление подготовки 03.05.02","Международная олимпиада «Innopolis Open»","","","","","Право на прием БВИ","","Победителям и призерам",""
"714","Направление подготовки 09.03.01","Международная олимпиада «Innopolis Open»","","","","","Право на прием БВИ","","Победителям и призерам",""
"715","Направление подготовки 09.03.03","Международная олимпиада «Innopolis Open»","","","","","Право на прием БВИ","","Победителям и призерам",""
"716","Направление подготовки 09.03.04","Международная олимпиада «Innopolis Open»","","","","","Право на прием БВИ","","Победителям и призерам",""
"717","Направление подготовки 10.03.01","Международная олимпиада «Innopolis Open»","","","","","Право на прием БВИ","","Победителям и призерам",""
"718","Направление подготовки 10.05.04","Международная олимпиада «Innopolis Open»","","","","","Право на прием БВИ","","Победителям и призерам",""
"719","Направление подготовки 10.05.05","Международная олимпиада «Innopolis Open»","","","","","Право на прием БВИ","","Победителям и призерам",""
"720","Направление подготовки 11.03.04","Международная олимпиада «Innopolis Open»","","","","","Право на прием БВИ","","Победителям и призерам",""
"721","Направление подготовки 12.03.01","Международная олимпиада «Innopolis Open»","","","","","Право на прием БВИ","","Победителям и призерам",""
"722","Направление подготовки 12.03.04","Международная олимпиада «Innopolis Open»","","","","","Право на прием БВИ","","Победителям и призерам",""
"723","Направление подготовки 14.05.04","Международная олимпиада «Innopolis Open»","","","","","Право на прием БВИ","","Победителям и призерам",""
"724","Направление подготовки 15.03.06","Международная олимпиада «Innopolis Open»","","","","","Право на прием БВИ","","Победителям и призерам",""
"725","Направление подготовки 18.03.01","Международная олимпиада «Innopolis Open»","","","","","Право на прием БВИ","","Победителям и призерам",""
"726","Направление подготовки 27.03.03","Международная олимпиада «Innopolis Open»","","","","","Право на прием БВИ","","Победителям и призерам",""
"727","Направление подготовки 38.03.01","Международная олимпиада «Innopolis Open»","","","","","Право на прием БВИ","","Победителям и призерам",""
"728","Направление подготовки 38.03.02","Международная олимпиада «Innopolis Open»","","","","","Право на прием БВИ","","Победителям и призерам",""
"729","Направление подготовки 38.03.05","Международная олимпиада «Innopolis Open»","","","","","Право на прием БВИ","","Победителям и призерам",""
"730","Направление подготовки 38.05.01","Международная олимпиада «Innopolis Open»","","","","","Право на прием БВИ","","Победителям и призерам",""
"731","Направление подготовки 01.03.02","Международная олимпиада «Innopolis Open»","","","","","Право на прием БВИ","","Победителям и призерам",""
"732","Направление подготовки 03.03.02","Международная олимпиада «Innopolis Open»","","","","","Право на прием БВИ","","Победителям и призерам",""
"733","Направление подготовки 03.05.02","Международная олимпиада «Innopolis Open»","","","","","Право на прием БВИ","","Победителям и призерам",""
"734","Направление подготовки 09.03.01","Международная олимпиада «Innopolis Open»","","","","","Право на прием БВИ","","Победителям и призерам",""
"735","Направление подготовки 09.03.03","Международная олимпиада «Innopolis Open»","","","","","Право на прием БВИ","","Победителям и призерам",""
"736","Направление подготовки 09.03.04","Международная олимпиада «Innopolis Open»","","","","","Право на прием БВИ","","Победителям и призерам",""
"737","Направление подготовки 10.03.01","Международная олимпиада «Innopolis Open»","","","","","Право на прием БВИ","","Победителям и призерам",""
"738","Направление подготовки 10.05.04","Международная олимпиада «Innopolis Open»","","","","","Право на прием БВИ","","Победителям и призерам",""
"739","Направление подготовки 10.05.05","Международная олимпиада «Innopolis Open»","","","","","Право на прием БВИ","","Победителям и призерам",""
"740","Направление подготовки 11.03.04","Международная олимпиада «Innopolis Open»","","","","","Право на прием БВИ","","Победителям и призерам",""
"741","Направление подготовки 12.03.01","Международная олимпиада «Innopolis Open»","","","","","Право на прием БВИ","","Победителям и призерам",""
"742","Направление подготовки 12.03.04","Международная олимпиада «Innopolis Open»","","","","","Право на прием БВИ","","Победителям и призерам",""
"743","Направление подготовки 14.05.04","Международная олимпиада «Innopolis Open»","","","","","Право на прием БВИ","","Победителям и призерам",""
"744","Направление подготовки 15.03.06","Международная олимпиада «Innopolis Open»","","","","","Право на прием БВИ","","Победителям и призерам",""
"745","Направление подготовки 18.03.01","Международная олимпиада «Innopolis Open»","","","","","Право на прием БВИ","","Победителям и призерам",""
"746","Направление подготовки 27.03.03","Международная олимпиада «Innopolis Open»","","","","","Право на прием БВИ","","Победителям и призерам",""
"747","Направление подготовки 38.03.01","Международная олимпиада «Innopolis Open»","","","","","Право на прием БВИ","","Победителям и призерам",""
"748","Направление подготовки 38.03.02","Международная олимпиада «Innopolis Open»","","","","","Право на прием БВИ","","Победителям и призерам",""
"749","Направление подготовки 38.03.05","Международная олимпиада «Innopolis Open»","","","","","Право на прием БВИ","","Победителям и призерам",""
"750","Направление подготовки 38.05.01","Международная олимпиада «Innopolis Open»","","","","","Право на прием БВИ","","Победителям и призерам",""
"751","Направление подготовки все кроме 41.03.05","Международная олимпиада «Innopolis Open»","","","","","Право на прием БВИ","","Победителям и призерам",""
"752","Направление подготовки 01.03.02","Олимпиада школьников «Гранит науки»","","","","","Право на прием БВИ","","Победителям и призерам",""
"753","Направление подготовки 03.03.02","Олимпиада школьников «Гранит науки»","","","","","Право на прием БВИ","","Победителям и призерам",""
"754","Направление подготовки 03.05.02","Олимпиада школьников «Гранит науки»","","","","","Право на прием БВИ","","Победителям и призерам",""
"755","Направление подготовки 09.03.01","Олимпиада школьников «Гранит науки»","","","","","Право на прием БВИ","","Победителям и призерам",""
"756","Направление подготовки 09.03.03","Олимпиада школьников «Гранит науки»","","","","","Право на прием БВИ","","Победителям и призерам",""
"757","Направление подготовки 09.03.04","Олимпиада школьников «Гранит науки»","","","","","Право на прием БВИ","","Победителям и призерам",""
"758","Направление подготовки 10.03.01","Олимпиада школьников «Гранит науки»","","","","","Право на прием БВИ","","Победителям и призерам",""
"759","Направление подготовки 10.05.04","Олимпиада школьников «Гранит науки»","","","","","Право на прием БВИ","","Победителям и призерам",""
"760","Направление подготовки 10.05.05","Олимпиада школьников «Гранит науки»","","","","","Право на прием БВИ","","Победителям и призерам",""
"761","Направление подготовки 11.03.04","Олимпиада школьников «Гранит науки»","","","","","Право на прием БВИ","","Победителям и призерам",""
"762","Направление подготовки 12.03.01","Олимпиада школьников «Гранит науки»","","","","","Право на прием БВИ","","Победителям и призерам",""
"763","Направление подготовки 12.03.04","Олимпиада школьников «Гранит науки»","","","","","Право на прием БВИ","","Победителям и призерам",""
"764","Направление подготовки 14.05.04","Олимпиада школьников «Гранит науки»","","","","","Право на прием БВИ","","Победителям и призерам",""
"765","Направление подготовки 15.03.06","Олимпиада школьников «Гранит науки»","","","","","Право на прием БВИ","","Победителям и призерам",""
"766","Направление подготовки 18.03.01","Олимпиада школьников «Гранит науки»","","","","","Право на прием БВИ","","Победителям и призерам",""
"767","Направление подготовки 27.03.03","Олимпиада школьников «Гранит науки»","","","","","Право на прием БВИ","","Победителям и призерам",""
"768","Направление подготовки 38.03.01","Олимпиада школьников «Гранит науки»","","","","","Право на прием БВИ","","Победителям и призерам",""
"769","Направление подготовки 38.03.02","Олимпиада школьников «Гранит науки»","","","","","Право на прием БВИ","","Победителям и призерам",""
"770","Направление подготовки 38.03.05","Олимпиада школьников «Гранит науки»","","","","","Право на прием БВИ","","Победителям и призерам",""
"771","Направление подготовки 38.05.01","Олимпиада школьников «Гранит науки»","","","","","Право на прием БВИ","","Победителям и призерам",""
"772","Направление подготовки 12.03.04","Олимпиада школьников «Ломоносов»","","","","","Право на прием БВИ","","Победителям и призерам",""
"773","Направление подготовки 18.03.01","Олимпиада школьников «Ломоносов»","","","","","Право на прием БВИ","","Победителям и призерам",""
"774","Направление подготовки 22.03.01","Олимпиада школьников «Ломоносов»","","","","","Право на прием БВИ","","Победителям и призерам",""
"775","Направление подготовки 31.05.01","Олимпиада школьников «Ломоносов»","","","","","Право на прием БВИ","","Победителям и призерам",""
"776","Направление подготовки 41.03.05","Олимпиада школьников «Ломоносов»","","","","","Право на прием БВИ","","Победителям и призерам",""
"777","Направление подготовки 01.03.02","Олимпиада школьников «Ломоносов»","","","","","Право на прием БВИ","","Победителям и призерам",""
"778","Направление подготовки 03.03.02","Олимпиада школьников «Ломоносов»","","","","","Право на прием БВИ","","Победителям и призерам",""
"779","Направление подготовки 03.05.02","Олимпиада школьников «Ломоносов»","","","","","Право на прием БВИ","","Победителям и призерам",""
"780","Направление подготовки 09.03.01","Олимпиада школьников «Ломоносов»","","","","","Право на прием БВИ","","Победителям и призерам",""
"781","Направление подготовки 09.03.03","Олимпиада школьников «Ломоносов»","","","","","Право на прием БВИ","","Победителям и призерам",""
"782","Направление подготовки 09.03.04","Олимпиада школьников «Ломоносов»","","","","","Право на прием БВИ","","Победителям и призерам",""
"783","Направление подготовки 10.03.01","Олимпиада школьников «Ломоносов»","","","","","Право на прием БВИ","","Победителям и призерам",""
"784","Направление подготовки 10.05.04","Олимпиада школьников «Ломоносов»","","","","","Право на прием БВИ","","Победителям и призерам",""
"785","Направление подготовки 10.05.05","Олимпиада школьников «Ломоносов»","","","","","Право на прием БВИ","","Победителям и призерам",""
"786","Направление подготовки 11.03.04","Олимпиада школьников «Ломоносов»","","","","","Право на прием БВИ","","Победителям и призерам",""
"787","Направление подготовки 12.03.01","Олимпиада школьников «Ломоносов»","","","","","Право на прием БВИ","","Победителям и призерам",""
"788","Направление подготовки 12.03.04","Олимпиада школьников «Ломоносов»","","","","","Право на прием БВИ","","Победителям и призерам",""
"789","Направление подготовки 14.05.04","Олимпиада школьников «Ломоносов»","","","","","Право на прием БВИ","","Победителям и призерам",""
"790","Направление подготовки 15.03.06","Олимпиада школьников «Ломоносов»","","","","","Право на прием БВИ","","Победителям и призерам",""
"791","Направление подготовки 18.03.01","Олимпиада школьников «Ломоносов»","","","","","Право на прием БВИ","","Победителям и призерам",""
"792","Направление подготовки 27.03.03","Олимпиада школьников «Ломоносов»","","","","","Право на прием БВИ","","Победителям и призерам",""
"793","Направление подготовки 38.03.01","Олимпиада школьников «Ломоносов»","","","","","Право на прием БВИ","","Победителям и призерам",""
"794","Направление подготовки 38.03.02","Олимпиада школьников «Ломоносов»","","","","","Право на прием БВИ","","Победителям и призерам",""
"795","Направление подготовки 38.03.05","Олимпиада школьников «Ломоносов»","","","","","Право на прием БВИ","","Победителям и призерам",""
"796","Направление подготовки 38.05.01","Олимпиада школьников «Ломоносов»","","","","","Право на прием БВИ","","Победителям и призерам",""
"797","Направление подготовки все, кроме 31.05.01, 38.03.01, 38.03.02, 38.03.05, 38.05.01, 41.03.05","Олимпиада школьников «Ломоносов»","","","","","Право на прием БВИ","","Победителям и призерам",""
"798","Направление подготовки 38.03.01","Олимпиада школьников «Ломоносов»","","","","","Право на прием БВИ","","Победителям и призерам",""
"799","Направление подготовки 38.03.02","Олимпиада школьников «Ломоносов»","","","","","Право на прием БВИ","","Победителям и призерам",""
"800","Направление подготовки 38.03.05","Олимпиада школьников «Ломоносов»","","","","","Право на прием БВИ","","Победителям и призерам",""
"801","Направление подготовки 38.05.01","Олимпиада школьников «Ломоносов»","","","","","Право на прием БВИ","","Победителям и призерам",""
"802","Направление подготовки 41.03.05","Олимпиада школьников «Ломоносов»","","","","","Право на прием БВИ","","Победителям и призерам",""
"803","Направление подготовки 38.03.01","Олимпиада школьников «Ломоносов»","","","","","Право на прием БВИ","","Победителям и призерам",""
"804","Направление подготовки 38.03.02","Олимпиада школьников «Ломоносов»","","","","","Право на прием БВИ","","Победителям и призерам",""
"805","Направление подготовки 38.03.05","Олимпиада школьников «Ломоносов»","","","","","Право на прием БВИ","","Победителям и призерам",""
"806","Направление подготовки 38.05.01","Олимпиада школьников «Ломоносов»","","","","","Право на прием БВИ","","Победителям и призерам",""
"807","Направление подготовки 41.03.05","Олимпиада школьников «Ломоносов»","","","","","Право на прием БВИ","","Победителям и призерам",""
"808","Направление подготовки все, кроме 41.03.05","Олимпиада школьников «Ломоносов»","","","","","Право на прием БВИ","","Победителям и призерам",""
"809","Направление подготовки 38.03.01","Олимпиада школьников «Ломоносов»","","","","","Право на прием БВИ","","Победителям и призерам",""
"810","Направление подготовки 38.03.02","Олимпиада школьников «Ломоносов»","","","","","Право на прием БВИ","","Победителям и призерам",""
"811","Направление подготовки 38.03.05","Олимпиада школьников «Ломоносов»","","","","","Право на прием БВИ","","Победителям и призерам",""
"812","Направление подготовки 38.05.01","Олимпиада школьников «Ломоносов»","","","","","Право на прием БВИ","","Победителям и призерам",""
"813","Направление подготовки 41.03.05","Олимпиада школьников «Ломоносов»","","","","","Право на прием БВИ","","Победителям и призерам",""
"814","Направление подготовки все, кроме 41.03.05","Олимпиада школьников «Ломоносов»","","","","","Право на прием БВИ","","Победителям и призерам",""
"815","Направление подготовки 38.03.01","Олимпиада школьников «Ломоносов»","","","","","Право на прием БВИ","","Победителям и призерам",""
"816","Направление подготовки 38.03.02","Олимпиада школьников «Ломоносов»","","","","","Право на прием БВИ","","Победителям и призерам",""
"817","Направление подготовки 38.03.05","Олимпиада школьников «Ломоносов»","","","","","Право на прием БВИ","","Победителям и призерам",""
"818","Направление подготовки 38.05.01","Олимпиада школьников «Ломоносов»","","","","","Право на прием БВИ","","Победителям и призерам",""
"819","Направление подготовки 41.03.05","Олимпиада школьников «Ломоносов»","","","","","Право на прием БВИ","","Победителям и призерам",""
"820","Направление подготовки 38.03.01","Олимпиада школьников «Ломоносов»","","","","","Право на прием БВИ","","Победителям и призерам",""
"821","Направление подготовки 38.03.02","Олимпиада школьников «Ломоносов»","","","","","Право на прием БВИ","","Победителям и призерам",""
"822","Направление подготовки 38.03.05","Олимпиада школьников «Ломоносов»","","","","","Право на прием БВИ","","Победителям и призерам",""
"823","Направление подготовки 38.05.01","Олимпиада школьников «Ломоносов»","","","","","Право на прием БВИ","","Победителям и призерам",""
"824","Направление подготовки 41.03.05","Олимпиада школьников «Ломоносов»","","","","","Право на прием БВИ","","Победителям и призерам",""
"825","Направление подготовки все","Олимпиада школьников «Ломоносов»","","","","","Право на 100 баллов","","Победителям и призерам",""
"826","Направление подготовки все, кроме 31.05.01, 38.03.01, 38.03.02, 38.03.05, 38.05.01, 41.03.05","Олимпиада школьников «Ломоносов»","","","","","Право на прием БВИ","","Победителям и призерам",""
"827","Направление подготовки 38.03.01","Олимпиада школьников «Ломоносов»","","","","","Право на прием БВИ","","Победителям и призерам",""
"828","Направление подготовки 38.03.02","Олимпиада школьников «Ломоносов»","","","","","Право на прием БВИ","","Победителям и призерам",""
"829","Направление подготовки 38.03.05","Олимпиада школьников «Ломоносов»","","","","","Право на прием БВИ","","Победителям и призерам",""
"830","Направление подготовки 38.05.01","Олимпиада школьников «Ломоносов»","","","","","Право на прием БВИ","","Победителям и призерам",""
"831","Направление подготовки 41.03.05","Олимпиада школьников «Ломоносов»","","","","","Право на прием БВИ","","Победителям и призерам",""
"832","Направление подготовки все, кроме 31.05.01, 38.03.01, 38.03.02, 38.03.05, 38.05.01, 41.03.05","Олимпиада школьников «Надежда энергетики»","","","","","Право на 100 баллов","","Победителям и призерам",""
"833","Направление подготовки 41.03.05","Олимпиада школьников «Покори Воробьёвы горы!»","","","","","Право на прием БВИ","","Победителям и призерам",""
"834","Направление подготовки 38.03.01","Олимпиада школьников «Покори Воробьёвы горы!»","","","","","Право на прием БВИ","","Победителям и призерам",""
"835","Направление подготовки 38.03.02","Олимпиада школьников «Покори Воробьёвы горы!»","","","","","Право на прием БВИ","","Победителям и призерам",""
"836","Направление подготовки 38.03.05","Олимпиада школьников «Покори Воробьёвы горы!»","","","","","Право на прием БВИ","","Победителям и призерам",""
"837","Направление подготовки 38.05.01","Олимпиада школьников «Покори Воробьёвы горы!»","","","","","Право на прием БВИ","","Победителям и призерам",""
"838","Направление подготовки 41.03.05","Олимпиада школьников «Покори Воробьёвы горы!»","","","","","Право на прием БВИ","","Победителям и призерам",""
"839","Направление подготовки все, кроме 41.03.05","Олимпиада школьников «Покори Воробьёвы горы!»","","","","","Право на прием БВИ","","Победителям и призерам",""
"840","Направление подготовки 38.03.01","Олимпиада школьников «Покори Воробьёвы горы!»","","","","","Право на прием БВИ","","Победителям и призерам",""
"841","Направление подготовки 38.03.02","Олимпиада школьников «Покори Воробьёвы горы!»","","","","","Право на прием БВИ","","Победителям и призерам",""
"842","Направление подготовки 38.03.05","Олимпиада школьников «Покори Воробьёвы горы!»","","","","","Право на прием БВИ","","Победителям и призерам",""
"843","Направление подготовки 38.05.01","Олимпиада школьников «Покори Воробьёвы горы!»","","","","","Право на прием БВИ","","Победителям и призерам",""
"844","Направление подготовки 41.03.05","Олимпиада школьников «Покори Воробьёвы горы!»","","","","","Право на прием БВИ","","Победителям и призерам",""
"845","Направление подготовки все, кроме 31.05.01, 38.03.01, 38.03.02, 38.03.05, 38.05.01, 41.03.05","Олимпиада школьников «Покори Воробьёвы горы!»","","","","","Право на прием БВИ","","Победителям и призерам",""
"846","Направление подготовки все, кроме 31.05.01, 38.03.01, 38.03.02, 38.03.05, 38.05.01, 41.03.05","Олимпиада школьников «Робофест»","","","","","Право на прием БВИ","","Победителям и призерам",""
"847","Направление подготовки все, кроме 31.05.01, 38.03.01, 38.03.02, 38.03.05, 38.05.01, 41.03.05 все, кроме 41.03.05","Олимпиада школьников «Физтех»","","","","","Право на прием БВИ","","Победителям и призерам",""
"848","Направление подготовки все, кроме 41.03.05/все, кроме 31.05.01, 38.03.01, 38.03.02, 38.03.05, 38.05.01, 41.03.05","Олимпиада школьников «Физтех»","","","","","Право на 100 баллов","","Победителям и призерам",""
"849","Направление подготовки 12.03.04","Олимпиада школьников «Физтех»","","","","","Право на прием БВИ","","Победителям и призерам",""
"850","Направление подготовки 31.05.01","Олимпиада школьников «Физтех»","","","","","Право на прием БВИ","","Победителям и призерам",""
"851","Направление подготовки 01.03.02","Олимпиада школьников «Физтех»","","","","","Право на прием БВИ","","Победителям и призерам",""
"852","Направление подготовки 03.03.02","Олимпиада школьников «Физтех»","","","","","Право на прием БВИ","","Победителям и призерам",""
"853","Направление подготовки 03.05.02","Олимпиада школьников «Физтех»","","","","","Право на прием БВИ","","Победителям и призерам",""
"854","Направление подготовки 09.03.01","Олимпиада школьников «Физтех»","","","","","Право на прием БВИ","","Победителям и призерам",""
"855","Направление подготовки 09.03.03","Олимпиада школьников «Физтех»","","","","","Право на прием БВИ","","Победителям и призерам",""
"856","Направление подготовки 09.03.04","Олимпиада школьников «Физтех»","","","","","Право на прием БВИ","","Победителям и призерам",""
"857","Направление подготовки 10.03.01","Олимпиада школьников «Физтех»","","","","","Право на прием БВИ","","Победителям и призерам",""
"858","Направление подготовки 10.05.04","Олимпиада школьников «Физтех»","","","","","Право на прием БВИ","","Победителям и призерам",""
"859","Направление подготовки 10.05.05","Олимпиада школьников «Физтех»","","","","","Право на прием БВИ","","Победителям и призерам",""
"860","Направление подготовки 11.03.04","Олимпиада школьников «Физтех»","","","","","Право на прием БВИ","","Победителям и призерам",""
"861","Направление подготовки 12.03.01","Олимпиада школьников «Физтех»","","","","","Право на прием БВИ","","Победителям и призерам",""
"862","Направление подготовки 12.03.04","Олимпиада школьников «Физтех»","","","","","Право на прием БВИ","","Победителям и призерам",""
"863","Направление подготовки 14.05.04","Олимпиада школьников «Физтех»","","","","","Право на прием БВИ","","Победителям и призерам",""
"864","Направление подготовки 15.03.06","Олимпиада школьников «Физтех»","","","","","Право на прием БВИ","","Победителям и призерам",""
"865","Направление подготовки 18.03.01","Олимпиада школьников «Физтех»","","","","","Право на прием БВИ","","Победителям и призерам",""
"866","Направление подготовки 27.03.03","Олимпиада школьников «Физтех»","","","","","Право на прием БВИ","","Победителям и призерам",""
"867","Направление подготовки 38.03.01","Олимпиада школьников «Физтех»","","","","","Право на прием БВИ","","Победителям и призерам",""
"868","Направление подготовки 38.03.02","Олимпиада школьников «Физтех»","","","","","Право на прием БВИ","","Победителям и призерам",""
"869","Направление подготовки 38.03.05","Олимпиада школьников «Физтех»","","","","","Право на прием БВИ","","Победителям и призерам",""
"870","Направление подготовки 38.05.01","Олимпиада школьников «Физтех»","","","","","Право на прием БВИ","","Победителям и призерам",""
"871","Направление подготовки 12.03.04","Олимпиада школьников «Физтех»","","","","","Право на прием БВИ","","Победителям и призерам",""
"872","Направление подготовки 18.03.01","Олимпиада школьников «Физтех»","","","","","Право на прием БВИ","","Победителям и призерам",""
"873","Направление подготовки 22.03.01","Олимпиада школьников «Физтех»","","","","","Право на прием БВИ","","Победителям и призерам",""
"874","Направление подготовки 31.05.01","Олимпиада школьников «Физтех»","","","","","Право на прием БВИ","","Победителям и призерам",""
"875","Направление подготовки все, кроме 41.03.05","Олимпиада школьников «Физтех»","","","","","Право на прием БВИ","","Победителям и призерам",""
"876","Направление подготовки все, кроме 31.05.01, 38.03.01, 38.03.02, 38.03.05, 38.05.01, 41.03.05","Олимпиада школьников «Физтех»","","","","","Право на прием БВИ","","Победителям и призерам",""
"877","Направление подготовки 01.03.02","Олимпиада школьников «Шаг в будущее»","","","","","Право на прием БВИ","","Победителям и призерам",""
"878","Направление подготовки 03.03.02","Олимпиада школьников «Шаг в будущее»","","","","","Право на прием БВИ","","Победителям и призерам",""
"879","Направление подготовки 03.05.02","Олимпиада школьников «Шаг в будущее»","","","","","Право на прием БВИ","","Победителям и призерам",""
"880","Направление подготовки 09.03.01","Олимпиада школьников «Шаг в будущее»","","","","","Право на прием БВИ","","Победителям и призерам",""
"881","Направление подготовки 09.03.03","Олимпиада школьников «Шаг в будущее»","","","","","Право на прием БВИ","","Победителям и призерам",""
"882","Направление подготовки 09.03.04","Олимпиада школьников «Шаг в будущее»","","","","","Право на прием БВИ","","Победителям и призерам",""
"883","Направление подготовки 10.03.01","Олимпиада школьников «Шаг в будущее»","","","","","Право на прием БВИ","","Победителям и призерам",""
"884","Направление подготовки 10.05.04","Олимпиада школьников «Шаг в будущее»","","","","","Право на прием БВИ","","Победителям и призерам",""
"885","Направление подготовки 10.05.05","Олимпиада школьников «Шаг в будущее»","","","","","Право на прием БВИ","","Победителям и призерам",""
"886","Направление подготовки 11.03.04","Олимпиада школьников «Шаг в будущее»","","","","","Право на прием БВИ","","Победителям и призерам",""
"887","Направление подготовки 12.03.01","Олимпиада школьников «Шаг в будущее»","","","","","Право на прием БВИ","","Победителям и призерам",""
"888","Направление подготовки 12.03.04","Олимпиада школьников «Шаг в будущее»","","","","","Право на прием БВИ","","Победителям и призерам",""
"889","Направление подготовки 14.05.04","Олимпиада школьников «Шаг в будущее»","","","","","Право на прием БВИ","","Победителям и призерам",""
"890","Направление подготовки 15.03.06","Олимпиада школьников «Шаг в будущее»","","","","","Право на прием БВИ","","Победителям и призерам",""
"891","Направление подготовки 18.03.01","Олимпиада школьников «Шаг в будущее»","","","","","Право на прием БВИ","","Победителям и призерам",""
"892","Направление подготовки 27.03.03","Олимпиада школьников «Шаг в будущее»","","","","","Право на прием БВИ","","Победителям и призерам",""
"893","Направление подготовки 38.03.01","Олимпиада школьников «Шаг в будущее»","","","","","Право на прием БВИ","","Победителям и призерам",""
"894","Направление подготовки 38.03.02","Олимпиада школьников «Шаг в будущее»","","","","","Право на прием БВИ","","Победителям и призерам",""
"895","Направление подготовки 38.03.05","Олимпиада школьников «Шаг в будущее»","","","","","Право на прием БВИ","","Победителям и призерам",""
"896","Направление подготовки 38.05.01","Олимпиада школьников «Шаг в будущее»","","","","","Право на прием БВИ","","Победителям и призерам",""
"897","Направление подготовки все, кроме 31.05.01, 38.03.01, 38.03.02, 38.03.05, 38.05.01, 41.03.05/все, кроме 41.03.05","Олимпиада школьников «Шаг в будущее»","","","","","Право на прием БВИ","","Победителям и призерам",""
"898","Направление подготовки все, кроме 41.03.05","Олимпиада школьников «Шаг в будущее»","","","","","Право на прием БВИ","","Победителям и призерам",""
"899","Направление подготовки 01.03.02","Олимпиада школьников «Шаг в будущее»","","","","","Право на 100 баллов","","Победителям и призерам",""
"900","Направление подготовки 03.03.02","Олимпиада школьников «Шаг в будущее»","","","","","Право на 100 баллов","","Победителям и призерам",""
"901","Направление подготовки 03.05.02","Олимпиада школьников «Шаг в будущее»","","","","","Право на 100 баллов","","Победителям и призерам",""
"902","Направление подготовки 09.03.01","Олимпиада школьников «Шаг в будущее»","","","","","Право на 100 баллов","","Победителям и призерам",""
"903","Направление подготовки 09.03.03","Олимпиада школьников «Шаг в будущее»","","","","","Право на 100 баллов","","Победителям и призерам",""
"904","Направление подготовки 09.03.04","Олимпиада школьников «Шаг в будущее»","","","","","Право на 100 баллов","","Победителям и призерам",""
"905","Направление подготовки 10.03.01","Олимпиада школьников «Шаг в будущее»","","","","","Право на 100 баллов","","Победителям и призерам",""
"906","Направление подготовки 10.05.04","Олимпиада школьников «Шаг в будущее»","","","","","Право на 100 баллов","","Победителям и призерам",""
"907","Направление подготовки 10.05.05","Олимпиада школьников «Шаг в будущее»","","","","","Право на 100 баллов","","Победителям и призерам",""
"908","Направление подготовки 11.03.04","Олимпиада школьников «Шаг в будущее»","","","","","Право на 100 баллов","","Победителям и призерам",""
"909","Направление подготовки 12.03.01","Олимпиада школьников «Шаг в будущее»","","","","","Право на 100 баллов","","Победителям и призерам",""
"910","Направление подготовки 12.03.04","Олимпиада школьников «Шаг в будущее»","","","","","Право на 100 баллов","","Победителям и призерам",""
"911","Направление подготовки 14.05.04","Олимпиада школьников «Шаг в будущее»","","","","","Право на 100 баллов","","Победителям и призерам",""
"912","Направление подготовки 15.03.06","Олимпиада школьников «Шаг в будущее»","","","","","Право на 100 баллов","","Победителям и призерам",""
"913","Направление подготовки 18.03.01","Олимпиада школьников «Шаг в будущее»","","","","","Право на 100 баллов","","Победителям и призерам",""
"914","Направление подготовки 27.03.03","Олимпиада школьников «Шаг в будущее»","","","","","Право на 100 баллов","","Победителям и призерам",""
"915","Направление подготовки 38.03.01","Олимпиада школьников «Шаг в будущее»","","","","","Право на 100 баллов","","Победителям и призерам",""
"916","Направление подготовки 38.03.05","Олимпиада школьников «Шаг в будущее»","","","","","Право на 100 баллов","","Победителям и призерам",""
"917","Направление подготовки 38.05.01","Олимпиада школьников «Шаг в будущее»","","","","","Право на 100 баллов","","Победителям и призерам",""
"918","Направление подготовки 12.03.04","Олимпиада школьников «Шаг в будущее»","","","","","Право на 100 баллов","","Победителям и призерам",""
"919","Направление подготовки 18.03.01","Олимпиада школьников «Шаг в будущее»","","","","","Право на 100 баллов","","Победителям и призерам",""
"920","Направление подготовки 22.03.01","Олимпиада школьников «Шаг в будущее»","","","","","Право на 100 баллов","","Победителям и призерам",""
"921","Направление подготовки 31.05.01","Олимпиада школьников «Шаг в будущее»","","","","","Право на 100 баллов","","Победителям и призерам",""
"922","Направление подготовки все, кроме 31.05.01, 38.03.01, 38.03.02, 38.03.05, 38.05.01, 41.03.05","Олимпиада школьников «Шаг в будущее»","","","","","Право на прием БВИ","","Победителям и призерам",""
"923","Направление подготовки 01.03.02","Олимпиада школьников по информатике и программированию","","","","","Право на прием БВИ","","Победителям и призерам",""
"924","Направление подготовки 03.03.02","Олимпиада школьников по информатике и программированию","","","","","Право на прием БВИ","","Победителям и призерам",""
"925","Направление подготовки 03.05.02","Олимпиада школьников по информатике и программированию","","","","","Право на прием БВИ","","Победителям и призерам",""
"926","Направление подготовки 09.03.01","Олимпиада школьников по информатике и программированию","","","","","Право на прием БВИ","","Победителям и призерам",""
"927","Направление подготовки 09.03.03","Олимпиада школьников по информатике и программированию","","","","","Право на прием БВИ","","Победителям и призерам",""
"928","Направление подготовки 09.03.04","Олимпиада школьников по информатике и программированию","","","","","Право на прием БВИ","","Победителям и призерам",""
"929","Направление подготовки 10.03.01","Олимпиада школьников по информатике и программированию","","","","","Право на прием БВИ","","Победителям и призерам",""
"930","Направление подготовки 10.05.04","Олимпиада школьников по информатике и программированию","","","","","Право на прием БВИ","","Победителям и призерам",""
"931","Направление подготовки 10.05.05","Олимпиада школьников по информатике и программированию","","","","","Право на прием БВИ","","Победителям и призерам",""
"932","Направление подготовки 11.03.04","Олимпиада школьников по информатике и программированию","","","","","Право на прием БВИ","","Победителям и призерам",""
"933","Направление подготовки 12.03.01","Олимпиада школьников по информатике и программированию","","","","","Право на прием БВИ","","Победителям и призерам",""
"934","Направление подготовки 12.03.04","Олимпиада школьников по информатике и программированию","","","","","Право на прием БВИ","","Победителям и призерам",""
"935","Направление подготовки 14.05.04","Олимпиада школьников по информатике и программированию","","","","","Право на прием БВИ","","Победителям и призерам",""
"936","Направление подготовки 15.03.06","Олимпиада школьников по информатике и программированию","","","","","Право на прием БВИ","","Победителям и призерам",""
"937","Направление подготовки 18.03.01","Олимпиада школьников по информатике и программированию","","","","","Право на прием БВИ","","Победителям и призерам",""
"938","Направление подготовки 27.03.03","Олимпиада школьников по информатике и программированию","","","","","Право на прием БВИ","","Победителям и призерам",""
"939","Направление подготовки 38.03.01","Олимпиада школьников по информатике и программированию","","","","","Право на прием БВИ","","Победителям и призерам",""
"940","Направление подготовки 38.03.02","Олимпиада школьников по информатике и программированию","","","","","Право на прием БВИ","","Победителям и призерам",""
"941","Направление подготовки 38.03.05","Олимпиада школьников по информатике и программированию","","","","","Право на прием БВИ","","Победителям и призерам",""
"942","Направление подготовки 38.05.01","Олимпиада школьников по информатике и программированию","","","","","Право на прием БВИ","","Победителям и призерам",""
"943","Направление подготовки 01.03.02","Олимпиада школьников по программированию «ТехноКубок»","","","","","Право на прием БВИ","","Победителям и призерам",""
"944","Направление подготовки 03.03.02","Олимпиада школьников по программированию «ТехноКубок»","","","","","Право на прием БВИ","","Победителям и призерам",""
"945","Направление подготовки 03.05.02","Олимпиада школьников по программированию «ТехноКубок»","","","","","Право на прием БВИ","","Победителям и призерам",""
"946","Направление подготовки 09.03.01","Олимпиада школьников по программированию «ТехноКубок»","","","","","Право на прием БВИ","","Победителям и призерам",""
"947","Направление подготовки 09.03.03","Олимпиада школьников по программированию «ТехноКубок»","","","","","Право на прием БВИ","","Победителям и призерам",""
"948","Направление подготовки 09.03.04","Олимпиада школьников по программированию «ТехноКубок»","","","","","Право на прием БВИ","","Победителям и призерам",""
"949","Направление подготовки 10.03.01","Олимпиада школьников по программированию «ТехноКубок»","","","","","Право на прием БВИ","","Победителям и призерам",""
"950","Направление подготовки 10.05.04","Олимпиада школьников по программированию «ТехноКубок»","","","","","Право на прием БВИ","","Победителям и призерам",""
"951","Направление подготовки 10.05.05","Олимпиада школьников по программированию «ТехноКубок»","","","","","Право на прием БВИ","","Победителям и призерам",""
"952","Направление подготовки 11.03.04","Олимпиада школьников по программированию «ТехноКубок»","","","","","Право на прием БВИ","","Победителям и призерам",""
"953","Направление подготовки 12.03.01","Олимпиада школьников по программированию «ТехноКубок»","","","","","Право на прием БВИ","","Победителям и призерам",""
"954","Направление подготовки 12.03.04","Олимпиада школьников по программированию «ТехноКубок»","","","","","Право на прием БВИ","","Победителям и призерам",""
"955","Направление подготовки 14.05.04","Олимпиада школьников по программированию «ТехноКубок»","","","","","Право на прием БВИ","","Победителям и призерам",""
"956","Направление подготовки 15.03.06","Олимпиада школьников по программированию «ТехноКубок»","","","","","Право на прием БВИ","","Победителям и призерам",""
"957","Направление подготовки 18.03.01","Олимпиада школьников по программированию «ТехноКубок»","","","","","Право на прием БВИ","","Победителям и призерам",""
"958","Направление подготовки 27.03.03","Олимпиада школьников по программированию «ТехноКубок»","","","","","Право на прием БВИ","","Победителям и призерам",""
"959","Направление подготовки 38.03.01","Олимпиада школьников по программированию «ТехноКубок»","","","","","Право на прием БВИ","","Победителям и призерам",""
"960","Направление подготовки 38.03.02","Олимпиада школьников по программированию «ТехноКубок»","","","","","Право на прием БВИ","","Победителям и призерам",""
"961","Направление подготовки 38.03.05","Олимпиада школьников по программированию «ТехноКубок»","","","","","Право на прием БВИ","","Победителям и призерам",""
"962","Направление подготовки 38.05.01","Олимпиада школьников по программированию «ТехноКубок»","","","","","Право на прием БВИ","","Победителям и призерам",""
"963","Направление подготовки 38.03.01","Олимпиада по экономике в рамках международного экономического фестиваля школьников «Сибириада. Шаг в мечту»","","","","","Право на прием БВИ","","Победителям и призерам",""
"964","Направление подготовки 38.03.02","Олимпиада по экономике в рамках международного экономического фестиваля школьников «Сибириада. Шаг в мечту»","","","","","Право на прием БВИ","","Победителям и призерам",""
"965","Направление подготовки 38.03.05","Олимпиада по экономике в рамках международного экономического фестиваля школьников «Сибириада. Шаг в мечту»","","","","","Право на прием БВИ","","Победителям и призерам",""
"966","Направление подготовки 38.05.01","Олимпиада по экономике в рамках международного экономического фестиваля школьников «Сибириада. Шаг в мечту»","","","","","Право на прием БВИ","","Победителям и призерам",""
"967","Направление подготовки 41.03.05","Олимпиада по экономике в рамках международного экономического фестиваля школьников «Сибириада. Шаг в мечту»","","","","","Право на прием БВИ","","Победителям и призерам",""
"968","Направление подготовки 41.03.05","Олимпиада школьников Российской академии народного хозяйства и государственной службы при Президенте Российской Федерации","","","","","Право на прием БВИ","","Победителям и призерам",""
"969","Направление подготовки 38.03.01","Олимпиада школьников Российской академии народного хозяйства и государственной службы при Президенте Российской Федерации","","","","","Право на прием БВИ","","Победителям и призерам",""
"970","Направление подготовки 38.03.02","Олимпиада школьников Российской академии народного хозяйства и государственной службы при Президенте Российской Федерации","","","","","Право на прием БВИ","","Победителям и призерам",""
"971","Направление подготовки 38.03.05","Олимпиада школьников Российской академии народного хозяйства и государственной службы при Президенте Российской Федерации","","","","","Право на прием БВИ","","Победителям и призерам",""
"972","Направление подготовки 38.05.01","Олимпиада школьников Российской академии народного хозяйства и государственной службы при Президенте Российской Федерации","","","","","Право на прием БВИ","","Победителям и призерам",""
"973","Направление подготовки 41.03.05","Олимпиада школьников Российской академии народного хозяйства и государственной службы при Президенте Российской Федерации","","","","","Право на прием БВИ","","Победителям и призерам",""
"974","Направление подготовки 38.03.01","Олимпиада школьников Российской академии народного хозяйства и государственной службы при Президенте Российской Федерации","","","","","Право на прием БВИ","","Победителям и призерам",""
"975","Направление подготовки 38.03.02","Олимпиада школьников Российской академии народного хозяйства и государственной службы при Президенте Российской Федерации","","","","","Право на прием БВИ","","Победителям и призерам",""
"976","Направление подготовки 38.03.05","Олимпиада школьников Российской академии народного хозяйства и государственной службы при Президенте Российской Федерации","","","","","Право на прием БВИ","","Победителям и призерам",""
"977","Направление подготовки 38.05.01","Олимпиада школьников Российской академии народного хозяйства и государственной службы при Президенте Российской Федерации","","","","","Право на прием БВИ","","Победителям и призерам",""
"978","Направление подготовки 41.03.05","Олимпиада школьников Российской академии народного хозяйства и государственной службы при Президенте Российской Федерации","","","","","Право на прием БВИ","","Победителям и призерам",""
"979","Направление подготовки 38.03.01","Олимпиада школьников Российской академии народного хозяйства и государственной службы при Президенте Российской Федерации","","","","","Право на 100 баллов","","Победителям и призерам",""
"980","Направление подготовки 38.03.02","Олимпиада школьников Российской академии народного хозяйства и государственной службы при Президенте Российской Федерации","","","","","Право на 100 баллов","","Победителям и призерам",""
"981","Направление подготовки 38.03.05","Олимпиада школьников Российской академии народного хозяйства и государственной службы при Президенте Российской Федерации","","","","","Право на 100 баллов","","Победителям и призерам",""
"982","Направление подготовки 38.05.01","Олимпиада школьников Российской академии народного хозяйства и государственной службы при Президенте Российской Федерации","","","","","Право на 100 баллов","","Победителям и призерам",""
"983","Направление подготовки 41.03.05","Олимпиада школьников Российской академии народного хозяйства и государственной службы при Президенте Российской Федерации","","","","","Право на 100 баллов","","Победителям и призерам",""
"984","Направление подготовки 38.03.01","Олимпиада школьников Российской академии народного хозяйства и государственной службы при Президенте Российской Федерации","","","","","Право на 100 баллов","","Победителям и призерам",""
"985","Направление подготовки 38.03.02","Олимпиада школьников Российской академии народного хозяйства и государственной службы при Президенте Российской Федерации","","","","","Право на 100 баллов","","Победителям и призерам",""
"986","Направление подготовки 38.03.05","Олимпиада школьников Российской академии народного хозяйства и государственной службы при Президенте Российской Федерации","","","","","Право на 100 баллов","","Победителям и призерам",""
"987","Направление подготовки 38.05.01","Олимпиада школьников Российской академии народного хозяйства и государственной службы при Президенте Российской Федерации","","","","","Право на 100 баллов","","Победителям и призерам",""
"988","Направление подготовки 41.03.05","Олимпиада школьников Российской академии народного хозяйства и государственной службы при Президенте Российской Федерации","","","","","Право на 100 баллов","","Победителям и призерам",""
"989","Направление подготовки 12.03.04","Олимпиада школьников Санкт- Петербургского государственного","","","","","Право на прием БВИ","","Победителям и призерам",""
"990","Направление подготовки 18.03.01","Олимпиада школьников Санкт- Петербургского государственного","","","","","Право на прием БВИ","","Победителям и призерам",""
"991","Направление подготовки 22.03.01","Олимпиада школьников Санкт- Петербургского государственного","","","","","Право на прием БВИ","","Победителям и призерам",""
"992","Направление подготовки 31.05.01","Олимпиада школьников Санкт- Петербургского государственного","","","","","Право на прием БВИ","","Победителям и призерам",""
"993","Направление подготовки 41.03.05","Олимпиада школьников Санкт- Петербургского государственного","","","","","Право на прием БВИ","","Победителям и призерам",""
"994","Направление подготовки 01.03.02","Олимпиада школьников Санкт- Петербургского государственного","","","","","Право на прием БВИ","","Победителям и призерам",""
"995","Направление подготовки 03.03.02","Олимпиада школьников Санкт- Петербургского государственного","","","","","Право на прием БВИ","","Победителям и призерам",""
"996","Направление подготовки 03.05.02","Олимпиада школьников Санкт- Петербургского государственного","","","","","Право на прием БВИ","","Победителям и призерам",""
"997","Направление подготовки 09.03.01","Олимпиада школьников Санкт- Петербургского государственного","","","","","Право на прием БВИ","","Победителям и призерам",""
"998","Направление подготовки 09.03.03","Олимпиада школьников Санкт- Петербургского государственного","","","","","Право на прием БВИ","","Победителям и призерам",""
"999","Направление подготовки 09.03.04","Олимпиада школьников Санкт- Петербургского государственного","","","","","Право на прием БВИ","","Победителям и призерам",""
"1000","Направление подготовки 10.03.01","Олимпиада школьников Санкт- Петербургского государственного","","","","","Право на прием БВИ","","Победителям и призерам",""
"1001","Направление подготовки 10.05.04","Олимпиада школьников Санкт- Петербургского государственного","","","","","Право на прием БВИ","","Победителям и призерам",""
"1002","Направление подготовки 10.05.05","Олимпиада школьников Санкт- Петербургского государственного","","","","","Право на прием БВИ","","Победителям и призерам",""
"1003","Направление подготовки 11.03.04","Олимпиада школьников Санкт- Петербургского государственного","","","","","Право на прием БВИ","","Победителям и призерам",""
"1004","Направление подготовки 12.03.01","Олимпиада школьников Санкт- Петербургского государственного","","","","","Право на прием БВИ","","Победителям и призерам",""
"1005","Направление подготовки 12.03.04","Олимпиада школьников Санкт- Петербургского государственного","","","","","Право на прием БВИ","","Победителям и призерам",""
"1006","Направление подготовки 14.05.04","Олимпиада школьников Санкт- Петербургского государственного","","","","","Право на прием БВИ","","Победителям и призерам",""
"1007","Направление подготовки 15.03.06","Олимпиада школьников Санкт- Петербургского государственного","","","","","Право на прием БВИ","","Победителям и призерам",""
"1008","Направление подготовки 18.03.01","Олимпиада школьников Санкт- Петербургского государственного","","","","","Право на прием БВИ","","Победителям и призерам",""
"1009","Направление подготовки 27.03.03","Олимпиада школьников Санкт- Петербургского государственного","","","","","Право на прием БВИ","","Победителям и призерам",""
"1010","Направление подготовки 38.03.01","Олимпиада школьников Санкт- Петербургского государственного","","","","","Право на прием БВИ","","Победителям и призерам",""
"1011","Направление подготовки 38.03.02","Олимпиада школьников Санкт- Петербургского государственного","","","","","Право на прием БВИ","","Победителям и призерам",""
"1012","Направление подготовки 38.03.05","Олимпиада школьников Санкт- Петербургского государственного","","","","","Право на прием БВИ","","Победителям и призерам",""
"1013","Направление подготовки 38.05.01","Олимпиада школьников Санкт- Петербургского государственного","","","","","Право на прием БВИ","","Победителям и призерам",""
"1014","Направление подготовки 38.03.01","Олимпиада школьников Санкт- Петербургского государственного","","","","","Право на прием БВИ","","Победителям и призерам",""
"1015","Направление подготовки 38.03.02","Олимпиада школьников Санкт- Петербургского государственного","","","","","Право на прием БВИ","","Победителям и призерам",""
"1016","Направление подготовки 38.03.05","Олимпиада школьников Санкт- Петербургского государственного","","","","","Право на прием БВИ","","Победителям и призерам",""
"1017","Направление подготовки 38.05.01","Олимпиада школьников Санкт- Петербургского государственного","","","","","Право на прием БВИ","","Победителям и призерам",""
"1018","Направление подготовки 41.03.05","Олимпиада школьников Санкт- Петербургского государственного","","","","","Право на прием БВИ","","Победителям и призерам",""
"1019","Направление подготовки все, кроме 41.03.05/все, кроме 31.05.01, 38.03.01, 38.03.02, 38.03.05, 38.05.01, 41.03.05","Олимпиада школьников Санкт- Петербургского государственного","","","","","Право на прием БВИ","","Победителям и призерам",""
"1020","Направление подготовки все, кроме 41.03.05","Олимпиада школьников Санкт- Петербургского государственного","","","","","Право на прием БВИ","","Победителям и призерам",""
"1021","Направление подготовки 38.03.01","Олимпиада школьников Санкт- Петербургского государственного","","","","","Право на прием БВИ","","Победителям и призерам",""
"1022","Направление подготовки 38.03.02","Олимпиада школьников Санкт- Петербургского государственного","","","","","Право на прием БВИ","","Победителям и призерам",""
"1023","Направление подготовки 38.03.05","Олимпиада школьников Санкт- Петербургского государственного","","","","","Право на прием БВИ","","Победителям и призерам",""
"1024","Направление подготовки 38.05.01","Олимпиада школьников Санкт- Петербургского государственного","","","","","Право на прием БВИ","","Победителям и призерам",""
"1025","Направление подготовки 41.03.05","Олимпиада школьников Санкт- Петербургского государственного","","","","","Право на прием БВИ","","Победителям и призерам",""
"1026","Направление подготовки все, кроме 41.03.05 / 01.03.02, 03.03.02, 03.05.02, 09.03.01, 09.03.03, 09.03.04, 10.03.01, 10.05.04, 10.05.05, 11.03.04, 12.03.01, 12.03.04, 14.05.04, 15.03.06, 18.03.01, 27.03.03, 38.03.01, 38.03.02, 38.03.05, 38.05.01","Олимпиада школьников Санкт- Петербургского государственного","","","","","Право на прием БВИ","","Победителям и призерам",""
"1027","Направление подготовки 12.03.04","Олимпиада школьников Санкт- Петербургского государственного","","","","","Право на прием БВИ","","Победителям и призерам",""
"1028","Направление подготовки 31.05.01","Олимпиада школьников Санкт- Петербургского государственного","","","","","Право на прием БВИ","","Победителям и призерам",""
"1029","Направление подготовки 38.03.01","Олимпиада школьников Санкт- Петербургского государственного","","","","","Право на прием БВИ","","Победителям и призерам",""
"1030","Направление подготовки 38.03.02","Олимпиада школьников Санкт- Петербургского государственного","","","","","Право на прием БВИ","","Победителям и призерам",""
"1031","Направление подготовки 38.03.05","Олимпиада школьников Санкт- Петербургского государственного","","","","","Право на прием БВИ","","Победителям и призерам",""
"1032","Направление подготовки 38.05.01","Олимпиада школьников Санкт- Петербургского государственного","","","","","Право на прием БВИ","","Победителям и призерам",""
"1033","Направление подготовки 41.03.05","Олимпиада школьников Санкт- Петербургского государственного","","","","","Право на прием БВИ","","Победителям и призерам",""
"1034","Направление подготовки все, кроме 31.05.01, 38.03.01, 38.03.02, 38.03.05, 38.05.01, 41.03.05","Олимпиада школьников Санкт- Петербургского государственного","","","","","Право на прием БВИ","","Победителям и призерам",""
"1035","Направление подготовки все","Олимпиада школьников Санкт- Петербургского государственного","","","","","Право на 100 баллов","","Победителям и призерам",""
"1036","Направление подготовки 38.03.01","Олимпиада школьников Санкт- Петербургского государственного","","","","","Право на прием БВИ","","Победителям и призерам",""
"1037","Направление подготовки 38.03.02","Олимпиада школьников Санкт- Петербургского государственного","","","","","Право на прием БВИ","","Победителям и призерам",""
"1038","Направление подготовки 38.03.05","Олимпиада школьников Санкт- Петербургского государственного","","","","","Право на прием БВИ","","Победителям и призерам",""
"1039","Направление подготовки 38.05.01","Олимпиада школьников Санкт- Петербургского государственного","","","","","Право на прием БВИ","","Победителям и призерам",""
"1040","Направление подготовки 41.03.05","Олимпиада школьников Санкт- Петербургского государственного","","","","","Право на прием БВИ","","Победителям и призерам",""
"1041","Направление подготовки 38.03.01","Олимпиада школьников федерального государственного бюджетного образовательного учреждения высшего образования «Всероссийский государственный университет юстиции (РПА Минюста России)» «В мир права»","","","","","Право на прием БВИ","","Победителям и призерам",""
"1042","Направление подготовки 38.03.02","Олимпиада школьников федерального государственного бюджетного образовательного учреждения высшего образования «Всероссийский государственный университет юстиции (РПА Минюста России)» «В мир права»","","","","","Право на прием БВИ","","Победителям и призерам",""
"1043","Направление подготовки 38.03.05","Олимпиада школьников федерального государственного бюджетного образовательного учреждения высшего образования «Всероссийский государственный университет юстиции (РПА Минюста России)» «В мир права»","","","","","Право на прием БВИ","","Победителям и призерам",""
"1044","Направление подготовки 38.05.01","Олимпиада школьников федерального государственного бюджетного образовательного учреждения высшего образования «Всероссийский государственный университет юстиции (РПА Минюста России)» «В мир права»","","","","","Право на прием БВИ","","Победителям и призерам",""
"1045","Направление подготовки 41.03.05","Олимпиада школьников федерального государственного бюджетного образовательного учреждения высшего образования «Всероссийский государственный университет юстиции (РПА Минюста России)» «В мир права»","","","","","Право на прием БВИ","","Победителям и призерам",""
"1046","Направление подготовки все, кроме 41.03.05","Олимпиада Юношеской математической школы","","","","","Право на прием БВИ","","Победителям и призерам",""
"1047","Направление подготовки 01.03.02","Открытая олимпиада школьников","","","","","Право на прием БВИ","","Победителям и призерам",""
"1048","Направление подготовки 03.03.02","Открытая олимпиада школьников","","","","","Право на прием БВИ","","Победителям и призерам",""
"1049","Направление подготовки 03.05.02","Открытая олимпиада школьников","","","","","Право на прием БВИ","","Победителям и призерам",""
"1050","Направление подготовки 09.03.01","Открытая олимпиада школьников","","","","","Право на прием БВИ","","Победителям и призерам",""
"1051","Направление подготовки 09.03.03","Открытая олимпиада школьников","","","","","Право на прием БВИ","","Победителям и призерам",""
"1052","Направление подготовки 09.03.04","Открытая олимпиада школьников","","","","","Право на прием БВИ","","Победителям и призерам",""
"1053","Направление подготовки 10.03.01","Открытая олимпиада школьников","","","","","Право на прием БВИ","","Победителям и призерам",""
"1054","Направление подготовки 10.05.04","Открытая олимпиада школьников","","","","","Право на прием БВИ","","Победителям и призерам",""
"1055","Направление подготовки 10.05.05","Открытая олимпиада школьников","","","","","Право на прием БВИ","","Победителям и призерам",""
"1056","Направление подготовки 11.03.04","Открытая олимпиада школьников","","","","","Право на прием БВИ","","Победителям и призерам",""
"1057","Направление подготовки 12.03.01","Открытая олимпиада школьников","","","","","Право на прием БВИ","","Победителям и призерам",""
"1058","Направление подготовки 12.03.04","Открытая олимпиада школьников","","","","","Право на прием БВИ","","Победителям и призерам",""
"1059","Направление подготовки 14.05.04","Открытая олимпиада школьников","","","","","Право на прием БВИ","","Победителям и призерам",""
"1060","Направление подготовки 15.03.06","Открытая олимпиада школьников","","","","","Право на прием БВИ","","Победителям и призерам",""
"1061","Направление подготовки 18.03.01","Открытая олимпиада школьников","","","","","Право на прием БВИ","","Победителям и призерам",""
"1062","Направление подготовки 27.03.03","Открытая олимпиада школьников","","","","","Право на прием БВИ","","Победителям и призерам",""
"1063","Направление подготовки 38.03.01","Открытая олимпиада школьников","","","","","Право на прием БВИ","","Победителям и призерам",""
"1064","Направление подготовки 38.03.02","Открытая олимпиада школьников","","","","","Право на прием БВИ","","Победителям и призерам",""
"1065","Направление подготовки 38.03.05","Открытая олимпиада школьников","","","","","Право на прием БВИ","","Победителям и призерам",""
"1066","Направление подготовки 38.05.01","Открытая олимпиада школьников","","","","","Право на прием БВИ","","Победителям и призерам",""
"1067","Направление подготовки все, кроме 31.05.01, 38.03.01, 38.03.02, 38.03.05, 38.05.01, 41.03.05","Открытая олимпиада школьников","","","","","Право на 100 баллов","","Победителям и призерам",""
"1068","Направление подготовки все, кроме 41.03.05","Открытая олимпиада школьников","","","","","Право на прием БВИ","","Победителям и призерам",""
"1069","Направление подготовки 01.03.02","Открытая олимпиада школьников по программированию","","","","","Право на прием БВИ","","Победителям и призерам",""
"1070","Направление подготовки 03.03.02","Открытая олимпиада школьников по программированию","","","","","Право на прием БВИ","","Победителям и призерам",""
"1071","Направление подготовки 03.05.02","Открытая олимпиада школьников по программированию","","","","","Право на прием БВИ","","Победителям и призерам",""
"1072","Направление подготовки 09.03.01","Открытая олимпиада школьников по программированию","","","","","Право на прием БВИ","","Победителям и призерам",""
"1073","Направление подготовки 09.03.03","Открытая олимпиада школьников по программированию","","","","","Право на прием БВИ","","Победителям и призерам",""
"1074","Направление подготовки 09.03.04","Открытая олимпиада школьников по программированию","","","","","Право на прием БВИ","","Победителям и призерам",""
"1075","Направление подготовки 10.03.01","Открытая олимпиада школьников по программированию","","","","","Право на прием БВИ","","Победителям и призерам",""
"1076","Направление подготовки 10.05.04","Открытая олимпиада школьников по программированию","","","","","Право на прием БВИ","","Победителям и призерам",""
"1077","Направление подготовки 10.05.05","Открытая олимпиада школьников по программированию","","","","","Право на прием БВИ","","Победителям и призерам",""
"1078","Направление подготовки 11.03.04","Открытая олимпиада школьников по программированию","","","","","Право на прием БВИ","","Победителям и призерам",""
"1079","Направление подготовки 12.03.01","Открытая олимпиада школьников по программированию","","","","","Право на прием БВИ","","Победителям и призерам",""
"1080","Направление подготовки 12.03.04","Открытая олимпиада школьников по программированию","","","","","Право на прием БВИ","","Победителям и призерам",""
"1081","Направление подготовки 14.05.04","Открытая олимпиада школьников по программированию","","","","","Право на прием БВИ","","Победителям и призерам",""
"1082","Направление подготовки 15.03.06","Открытая олимпиада школьников по программированию","","","","","Право на прием БВИ","","Победителям и призерам",""
"1083","Направление подготовки 18.03.01","Открытая олимпиада школьников по программированию","","","","","Право на прием БВИ","","Победителям и призерам",""
"1084","Направление подготовки 27.03.03","Открытая олимпиада школьников по программированию","","","","","Право на прием БВИ","","Победителям и призерам",""
"1085","Направление подготовки 38.03.01","Открытая олимпиада школьников по программированию","","","","","Право на прием БВИ","","Победителям и призерам",""
"1086","Направление подготовки 38.03.02","Открытая олимпиада школьников по программированию","","","","","Право на прием БВИ","","Победителям и призерам",""
"1087","Направление подготовки 38.03.05","Открытая олимпиада школьников по программированию","","","","","Право на прием БВИ","","Победителям и призерам",""
"1088","Направление подготовки 38.05.01","Открытая олимпиада школьников по программированию","","","","","Право на прием БВИ","","Победителям и призерам",""
"1089","Направление подготовки 01.03.02","Открытая олимпиада школьников по программированию «Когнитивные технологии»","","","","","Право на прием БВИ","","Победителям и призерам",""
"1090","Направление подготовки 03.03.02","Открытая олимпиада школьников по программированию «Когнитивные технологии»","","","","","Право на прием БВИ","","Победителям и призерам",""
"1091","Направление подготовки 03.05.02","Открытая олимпиада школьников по программированию «Когнитивные технологии»","","","","","Право на прием БВИ","","Победителям и призерам",""
"1092","Направление подготовки 09.03.01","Открытая олимпиада школьников по программированию «Когнитивные технологии»","","","","","Право на прием БВИ","","Победителям и призерам",""
"1093","Направление подготовки 09.03.03","Открытая олимпиада школьников по программированию «Когнитивные технологии»","","","","","Право на прием БВИ","","Победителям и призерам",""
"1094","Направление подготовки 09.03.04","Открытая олимпиада школьников по программированию «Когнитивные технологии»","","","","","Право на прием БВИ","","Победителям и призерам",""
"1095","Направление подготовки 10.03.01","Открытая олимпиада школьников по программированию «Когнитивные технологии»","","","","","Право на прием БВИ","","Победителям и призерам",""
"1096","Направление подготовки 10.05.04","Открытая олимпиада школьников по программированию «Когнитивные технологии»","","","","","Право на прием БВИ","","Победителям и призерам",""
"1097","Направление подготовки 10.05.05","Открытая олимпиада школьников по программированию «Когнитивные технологии»","","","","","Право на прием БВИ","","Победителям и призерам",""
"1098","Направление подготовки 11.03.04","Открытая олимпиада школьников по программированию «Когнитивные технологии»","","","","","Право на прием БВИ","","Победителям и призерам",""
"1099","Направление подготовки 12.03.01","Открытая олимпиада школьников по программированию «Когнитивные технологии»","","","","","Право на прием БВИ","","Победителям и призерам",""
"1100","Направление подготовки 12.03.04","Открытая олимпиада школьников по программированию «Когнитивные технологии»","","","","","Право на прием БВИ","","Победителям и призерам",""
"1101","Направление подготовки 14.05.04","Открытая олимпиада школьников по программированию «Когнитивные технологии»","","","","","Право на прием БВИ","","Победителям и призерам",""
"1102","Направление подготовки 15.03.06","Открытая олимпиада школьников по программированию «Когнитивные технологии»","","","","","Право на прием БВИ","","Победителям и призерам",""
"1103","Направление подготовки 18.03.01","Открытая олимпиада школьников по программированию «Когнитивные технологии»","","","","","Право на прием БВИ","","Победителям и призерам",""
"1104","Направление подготовки 27.03.03","Открытая олимпиада школьников по программированию «Когнитивные технологии»","","","","","Право на прием БВИ","","Победителям и призерам",""
"1105","Направление подготовки 38.03.01","Открытая олимпиада школьников по программированию «Когнитивные технологии»","","","","","Право на прием БВИ","","Победителям и призерам",""
"1106","Направление подготовки 38.03.02","Открытая олимпиада школьников по программированию «Когнитивные технологии»","","","","","Право на прием БВИ","","Победителям и призерам",""
"1107","Направление подготовки 38.03.05","Открытая олимпиада школьников по программированию «Когнитивные технологии»","","","","","Право на прием БВИ","","Победителям и призерам",""
"1108","Направление подготовки 38.05.01","Открытая олимпиада школьников по программированию «Когнитивные технологии»","","","","","Право на прием БВИ","","Победителям и призерам",""
"1109","Направление подготовки все","Открытая региональная межвузовская олимпиада школьников (ОРМО) с международным участием","","","","","Право на 100 баллов","","Победителям и призерам",""
"1110","Направление подготовки все, кроме 31.05.01, 38.03.01, 38.03.02, 38.03.05, 38.05.01, 41.03.05","Открытая региональная межвузовская олимпиада школьников (ОРМО) с международным участием","","","","","Право на 100 баллов","","Победителям и призерам",""
"1111","Направление подготовки все, кроме 31.05.01, 38.03.01, 38.03.02, 38.03.05, 38.05.01, 41.03.05","Отраслевая олимпиада школьников «Газпром»","","","","","Право на 100 баллов","","Победителям и призерам",""
"1112","Направление подготовки 01.03.02","Отраслевая олимпиада школьников «Газпром»","","","","","Право на 100 баллов","","Победителям и призерам",""
"1113","Направление подготовки 03.03.02","Отраслевая олимпиада школьников «Газпром»","","","","","Право на 100 баллов","","Победителям и призерам",""
"1114","Направление подготовки 03.05.02","Отраслевая олимпиада школьников «Газпром»","","","","","Право на 100 баллов","","Победителям и призерам",""
"1115","Направление подготовки 09.03.01","Отраслевая олимпиада школьников «Газпром»","","","","","Право на 100 баллов","","Победителям и призерам",""
"1116","Направление подготовки 09.03.03","Отраслевая олимпиада школьников «Газпром»","","","","","Право на 100 баллов","","Победителям и призерам",""
"1117","Направление подготовки 09.03.04","Отраслевая олимпиада школьников «Газпром»","","","","","Право на 100 баллов","","Победителям и призерам",""
"1118","Направление подготовки 10.03.01","Отраслевая олимпиада школьников «Газпром»","","","","","Право на 100 баллов","","Победителям и призерам",""
"1119","Направление подготовки 10.05.04","Отраслевая олимпиада школьников «Газпром»","","","","","Право на 100 баллов","","Победителям и призерам",""
"1120","Направление подготовки 10.05.05","Отраслевая олимпиада школьников «Газпром»","","","","","Право на 100 баллов","","Победителям и призерам",""
"1121","Направление подготовки 11.03.04","Отраслевая олимпиада школьников «Газпром»","","","","","Право на 100 баллов","","Победителям и призерам",""
"1122","Направление подготовки 12.03.01","Отраслевая олимпиада школьников «Газпром»","","","","","Право на 100 баллов","","Победителям и призерам",""
"1123","Направление подготовки 12.03.04","Отраслевая олимпиада школьников «Газпром»","","","","","Право на 100 баллов","","Победителям и призерам",""
"1124","Направление подготовки 14.05.04","Отраслевая олимпиада школьников «Газпром»","","","","","Право на 100 баллов","","Победителям и призерам",""
"1125","Направление подготовки 15.03.06","Отраслевая олимпиада школьников «Газпром»","","","","","Право на 100 баллов","","Победителям и призерам",""
"1126","Направление подготовки 18.03.01","Отраслевая олимпиада школьников «Газпром»","","","","","Право на 100 баллов","","Победителям и призерам",""
"1127","Направление подготовки 27.03.03","Отраслевая олимпиада школьников «Газпром»","","","","","Право на 100 баллов","","Победителям и призерам",""
"1128","Направление подготовки 38.03.01","Отраслевая олимпиада школьников «Газпром»","","","","","Право на 100 баллов","","Победителям и призерам",""
"1129","Направление подготовки 38.03.02","Отраслевая олимпиада школьников «Газпром»","","","","","Право на 100 баллов","","Победителям и призерам",""
"1130","Направление подготовки 38.03.05","Отраслевая олимпиада школьников «Газпром»","","","","","Право на 100 баллов","","Победителям и призерам",""
"1131","Направление подготовки 38.05.01","Отраслевая олимпиада школьников «Газпром»","","","","","Право на 100 баллов","","Победителям и призерам",""
"1132","Направление подготовки 01.03.02","Отраслевая физико-математическая олимпиада школьников «Росатом»","","","","","Право на прием БВИ","","Победителям и призерам",""
"1133","Направление подготовки 03.03.02","Отраслевая физико-математическая олимпиада школьников «Росатом»","","","","","Право на прием БВИ","","Победителям и призерам",""
"1134","Направление подготовки 03.05.02","Отраслевая физико-математическая олимпиада школьников «Росатом»","","","","","Право на прием БВИ","","Победителям и призерам",""
"1135","Направление подготовки 09.03.01","Отраслевая физико-математическая олимпиада школьников «Росатом»","","","","","Право на прием БВИ","","Победителям и призерам",""
"1136","Направление подготовки 09.03.03","Отраслевая физико-математическая олимпиада школьников «Росатом»","","","","","Право на прием БВИ","","Победителям и призерам",""
"1137","Направление подготовки 09.03.04","Отраслевая физико-математическая олимпиада школьников «Росатом»","","","","","Право на прием БВИ","","Победителям и призерам",""
"1138","Направление подготовки 10.03.01","Отраслевая физико-математическая олимпиада школьников «Росатом»","","","","","Право на прием БВИ","","Победителям и призерам",""
"1139","Направление подготовки 10.05.04","Отраслевая физико-математическая олимпиада школьников «Росатом»","","","","","Право на прием БВИ","","Победителям и призерам",""
"1140","Направление подготовки 10.05.05","Отраслевая физико-математическая олимпиада школьников «Росатом»","","","","","Право на прием БВИ","","Победителям и призерам",""
"1141","Направление подготовки 11.03.04","Отраслевая физико-математическая олимпиада школьников «Росатом»","","","","","Право на прием БВИ","","Победителям и призерам",""
"1142","Направление подготовки 12.03.01","Отраслевая физико-математическая олимпиада школьников «Росатом»","","","","","Право на прием БВИ","","Победителям и призерам",""
"1143","Направление подготовки 12.03.04","Отраслевая физико-математическая олимпиада школьников «Росатом»","","","","","Право на прием БВИ","","Победителям и призерам",""
"1144","Направление подготовки 14.05.04","Отраслевая физико-математическая олимпиада школьников «Росатом»","","","","","Право на прием БВИ","","Победителям и призерам",""
"1145","Направление подготовки 15.03.06","Отраслевая физико-математическая олимпиада школьников «Росатом»","","","","","Право на прием БВИ","","Победителям и призерам",""
"1146","Направление подготовки 18.03.01","Отраслевая физико-математическая олимпиада школьников «Росатом»","","","","","Право на прием БВИ","","Победителям и призерам",""
"1147","Направление подготовки 27.03.03","Отраслевая физико-математическая олимпиада школьников «Росатом»","","","","","Право на прием БВИ","","Победителям и призерам",""
"1148","Направление подготовки 38.03.01","Отраслевая физико-математическая олимпиада школьников «Росатом»","","","","","Право на прием БВИ","","Победителям и призерам",""
"1149","Направление подготовки 38.03.02","Отраслевая физико-математическая олимпиада школьников «Росатом»","","","","","Право на прием БВИ","","Победителям и призерам",""
"1150","Направление подготовки 38.03.05","Отраслевая физико-математическая олимпиада школьников «Росатом»","","","","","Право на прием БВИ","","Победителям и призерам",""
"1151","Направление подготовки 38.05.01","Отраслевая физико-математическая олимпиада школьников «Росатом»","","","","","Право на прием БВИ","","Победителям и призерам",""
"1152","Направление подготовки все, кроме 41.03.05","Отраслевая физико-математическая олимпиада школьников «Росатом»","","","","","Право на прием БВИ","","Победителям и призерам",""
"1153","Направление подготовки все, кроме 31.05.01, 38.03.01, 38.03.02, 38.03.05, 38.05.01, 41.03.05","Отраслевая физико-математическая олимпиада школьников «Росатом»","","","","","Право на прием БВИ","","Победителям и призерам",""
"1154","Направление подготовки 12.03.04","Пироговская олимпиада для школьников по химии и биологии","","","","","Право на 100 баллов","","Победителям и призерам",""
"1155","Направление подготовки 31.05.01","Пироговская олимпиада для школьников по химии и биологии","","","","","Право на 100 баллов","","Победителям и призерам",""
"1156","Направление подготовки 12.03.04","Пироговская олимпиада для школьников по химии и биологии","","","","","Право на 100 баллов","","Победителям и призерам",""
"1157","Направление подготовки 18.03.01","Пироговская олимпиада для школьников по химии и биологии","","","","","Право на 100 баллов","","Победителям и призерам",""
"1158","Направление подготовки 22.03.01","Пироговская олимпиада для школьников по химии и биологии","","","","","Право на 100 баллов","","Победителям и призерам",""
"1159","Направление подготовки 31.05.01","Пироговская олимпиада для школьников по химии и биологии","","","","","Право на 100 баллов","","Победителям и призерам",""
"1160","Направление подготовки 41.03.05","Плехановская олимпиада школьников","","","","","Право на прием БВИ","","Победителям и призерам",""
"1161","Направление подготовки все","Плехановская олимпиада школьников","","","","","Право на 100 баллов","","Победителям и призерам",""
"1162","Направление подготовки 38.03.01","Плехановская олимпиада школьников","","","","","Право на 100 баллов","","Победителям и призерам",""
"1163","Направление подготовки 38.03.05","Плехановская олимпиада школьников","","","","","Право на 100 баллов","","Победителям и призерам",""
"1164","Направление подготовки 38.05.01","Плехановская олимпиада школьников","","","","","Право на 100 баллов","","Победителям и призерам",""
"1165","Направление подготовки 41.03.05","Плехановская олимпиада школьников","","","","","Право на 100 баллов","","Победителям и призерам",""
"1166","Направление подготовки 41.03.05","Региональный конкурс школьников Челябинского университетского образовательного округа","","","","","Право на 100 баллов","","Победителям и призерам",""
"1167","Направление подготовки 38.03.01","Региональный конкурс школьников Челябинского университетского образовательного округа","","","","","Право на 100 баллов","","Победителям и призерам",""
"1168","Направление подготовки 38.03.05","Региональный конкурс школьников Челябинского университетского образовательного округа","","","","","Право на 100 баллов","","Победителям и призерам",""
"1169","Направление подготовки 38.05.01","Региональный конкурс школьников Челябинского университетского образовательного округа","","","","","Право на 100 баллов","","Победителям и призерам",""
"1170","Направление подготовки 41.03.05","Региональный конкурс школьников Челябинского университетского образовательного округа","","","","","Право на 100 баллов","","Победителям и призерам",""
"1171","Направление подготовки все, кроме 31.05.01, 38.03.01, 38.03.02, 38.03.05, 38.05.01, 41.03.05","Санкт-Петербургская астрономическая олимпиада","","","","","Право на прием БВИ","","Победителям и призерам",""
"1172","Направление подготовки 12.03.04","Санкт-Петербургская олимпиада школьников","","","","","Право на прием БВИ","","Победителям и призерам",""
"1173","Направление подготовки 18.03.01","Санкт-Петербургская олимпиада школьников","","","","","Право на прием БВИ","","Победителям и призерам",""
"1174","Направление подготовки 22.03.01","Санкт-Петербургская олимпиада школьников","","","","","Право на прием БВИ","","Победителям и призерам",""
"1175","Направление подготовки 31.05.01","Санкт-Петербургская олимпиада школьников","","","","","Право на прием БВИ","","Победителям и призерам",""
"1176","Направление подготовки все, кроме 41.03.05","Санкт-Петербургская олимпиада школьников","","","","","Право на прием БВИ","","Победителям и призерам",""
"1177","Направление подготовки все, кроме 31.05.01, 38.03.01, 38.03.02, 38.03.05, 38.05.01, 41.03.05","Твой путь в настоящую науку","","","","","Право на прием БВИ","","Победителям и призерам",""
"1178","Направление подготовки все, кроме 41.03.05","Турнир городов","","","","","Право на прием БВИ","","Победителям и призерам",""
"1179","Направление подготовки 38.03.01","Турнир имени М.В. Ломоносова","","","","","Право на прием БВИ","","Победителям и призерам",""
"1180","Направление подготовки 38.03.05","Турнир имени М.В. Ломоносова","","","","","Право на прием БВИ","","Победителям и призерам",""
"1181","Направление подготовки 38.05.01","Турнир имени М.В. Ломоносова","","","","","Право на прием БВИ","","Победителям и призерам",""
"1182","Направление подготовки 41.03.05","Турнир имени М.В. Ломоносова","","","","","Право на прием БВИ","","Победителям и призерам",""
"1183","Направление подготовки все","Турнир имени М.В. Ломоносова","","","","","Право на 100 баллов","","Победителям и призерам",""
"1184","Направление подготовки все, кроме 41.03.05","Турнир имени М.В. Ломоносова","","","","","Право на прием БВИ","","Победителям и призерам",""
"1185","Направление подготовки 12.03.04","Турнир имени М.В. Ломоносова","","","","","Право на прием БВИ","","Победителям и призерам",""
"1186","Направление подготовки 31.05.01","Турнир имени М.В. Ломоносова","","","","","Право на прием БВИ","","Победителям и призерам",""
"1187","Направление подготовки 12.03.04","Турнир имени М.В. Ломоносова","","","","","Право на прием БВИ","","Победителям и призерам",""
"1188","Направление подготовки 18.03.01","Турнир имени М.В. Ломоносова","","","","","Право на прием БВИ","","Победителям и призерам",""
"1189","Направление подготовки 22.03.01","Турнир имени М.В. Ломоносова","","","","","Право на прием БВИ","","Победителям и призерам",""
"1190","Направление подготовки 31.05.01","Турнир имени М.В. Ломоносова","","","","","Право на прием БВИ","","Победителям и призерам",""
"1191","Направление подготовки все, кроме 31.05.01, 38.03.01, 38.03.02, 38.03.05, 38.05.01, 41.03.05","Турнир имени М.В. Ломоносова","","","","","Право на прием БВИ","","Победителям и призерам",""
"1192","Направление подготовки все, кроме 41.03.05/38.03.01, 38.03.02, 38.03.05, 38.05.01, 41.03.05","Международная олимпиада по финансовой безопасности","","","","","Право на прием БВИ","","Победителям и призерам",""
"1193","Направление подготовки 01.03.02","Всероссийская олимпиада по искусственному интеллекту (с возможностью участия иностранных обучающихся)","","","","","Право на прием БВИ","","Победителям и призерам",""
"1194","Направление подготовки 03.03.02","Всероссийская олимпиада по искусственному интеллекту (с возможностью участия иностранных обучающихся)","","","","","Право на прием БВИ","","Победителям и призерам",""
"1195","Направление подготовки 03.05.02","Всероссийская олимпиада по искусственному интеллекту (с возможностью участия иностранных обучающихся)","","","","","Право на прием БВИ","","Победителям и призерам",""
"1196","Направление подготовки 09.03.01","Всероссийская олимпиада по искусственному интеллекту (с возможностью участия иностранных обучающихся)","","","","","Право на прием БВИ","","Победителям и призерам",""
"1197","Направление подготовки 09.03.03","Всероссийская олимпиада по искусственному интеллекту (с возможностью участия иностранных обучающихся)","","","","","Право на прием БВИ","","Победителям и призерам",""
"1198","Направление подготовки 09.03.04","Всероссийская олимпиада по искусственному интеллекту (с возможностью участия иностранных обучающихся)","","","","","Право на прием БВИ","","Победителям и призерам",""
"1199","Направление подготовки 10.03.01","Всероссийская олимпиада по искусственному интеллекту (с возможностью участия иностранных обучающихся)","","","","","Право на прием БВИ","","Победителям и призерам",""
"1200","Направление подготовки 10.05.04","Всероссийская олимпиада по искусственному интеллекту (с возможностью участия иностранных обучающихся)","","","","","Право на прием БВИ","","Победителям и призерам",""
"1201","Направление подготовки 10.05.05","Всероссийская олимпиада по искусственному интеллекту (с возможностью участия иностранных обучающихся)","","","","","Право на прием БВИ","","Победителям и призерам",""
"1202","Направление подготовки 11.03.04","Всероссийская олимпиада по искусственному интеллекту (с возможностью участия иностранных обучающихся)","","","","","Право на прием БВИ","","Победителям и призерам",""
"1203","Направление подготовки 12.03.01","Всероссийская олимпиада по искусственному интеллекту (с возможностью участия иностранных обучающихся)","","","","","Право на прием БВИ","","Победителям и призерам",""
"1204","Направление подготовки 12.03.04","Всероссийская олимпиада по искусственному интеллекту (с возможностью участия иностранных обучающихся)","","","","","Право на прием БВИ","","Победителям и призерам",""
"1205","Направление подготовки 14.05.04","Всероссийская олимпиада по искусственному интеллекту (с возможностью участия иностранных обучающихся)","","","","","Право на прием БВИ","","Победителям и призерам",""
"1206","Направление подготовки 15.03.06","Всероссийская олимпиада по искусственному интеллекту (с возможностью участия иностранных обучающихся)","","","","","Право на прием БВИ","","Победителям и призерам",""
"1207","Направление подготовки 18.03.01","Всероссийская олимпиада по искусственному интеллекту (с возможностью участия иностранных обучающихся)","","","","","Право на прием БВИ","","Победителям и призерам",""
"1208","Направление подготовки 27.03.03","Всероссийская олимпиада по искусственному интеллекту (с возможностью участия иностранных обучающихся)","","","","","Право на прием БВИ","","Победителям и призерам",""
"1209","Направление подготовки 38.03.01","Всероссийская олимпиада по искусственному интеллекту (с возможностью участия иностранных обучающихся)","","","","","Право на прием БВИ","","Победителям и призерам",""
"1210","Направление подготовки 38.03.02","Всероссийская олимпиада по искусственному интеллекту (с возможностью участия иностранных обучающихся)","","","","","Право на прием БВИ","","Победителям и призерам",""
"1211","Направление подготовки 38.03.05","Всероссийская олимпиада по искусственному интеллекту (с возможностью участия иностранных обучающихся)","","","","","Право на прием БВИ","","Победителям и призерам",""
"1212","Направление подготовки 38.05.01","Всероссийская олимпиада по искусственному интеллекту (с возможностью участия иностранных обучающихся)","","","","","Право на прием БВИ","","Победителям и призерам",""
"1213","Направление подготовки все","Всероссийская олимпиада по искусственному интеллекту (с возможностью участия иностранных обучающихся)","","","","","Право на прием БВИ","","Победителям и призерам",""
"1214","Направление подготовки кроме 41.03.05","Всероссийская олимпиада по искусственному интеллекту (с возможностью участия иностранных обучающихся)","","","","","Право на прием БВИ","","Победителям и призерам",""
"1215","Направление подготовки все, кроме 31.05.01, 38.03.01, 38.03.02, 38.03.05, 38.05.01, 41.03.05","Открытая межвузовская олимпиада школьников Сибирского Федерального округа «Будущее Сибири»","","","","","Право на прием БВИ","","Победителям и призерам",""
"1216","Направление подготовки 12.03.04","Открытая межвузовская олимпиада школьников Сибирского Федерального округа «Будущее Сибири»","","","","","Право на прием БВИ","","Победителям и призерам",""
"1217","Направление подготовки 18.03.01","Открытая межвузовская олимпиада школьников Сибирского Федерального округа «Будущее Сибири»","","","","","Право на прием БВИ","","Победителям и призерам",""
"1218","Направление подготовки 22.03.01","Открытая межвузовская олимпиада школьников Сибирского Федерального округа «Будущее Сибири»","","","","","Право на прием БВИ","","Победителям и призерам",""
"1219","Направление подготовки 31.05.01","Открытая межвузовская олимпиада школьников Сибирского Федерального округа «Будущее Сибири»","","","","","Право на прием БВИ","","Победителям и призерам",""
"1220","Направление подготовки 12.03.04","Открытая химическая олимпиада","","","","","Право на 100 баллов","","Победителям и призерам",""
"1221","Направление подготовки 18.03.01","Открытая химическая олимпиада","","","","","Право на 100 баллов","","Победителям и призерам",""
"1222","Направление подготовки 22.03.01","Открытая химическая олимпиада","","","","","Право на 100 баллов","","Победителям и призерам",""
"1223","Направление подготовки 31.05.01","Открытая химическая олимпиада","","","","","Право на 100 баллов","","Победителям и призерам",""
"1224","Направление подготовки 12.03.04","Университетская олимпиада школьников «Бельчонок»","","","","","Право на прием БВИ","","Победителям и призерам",""
"1225","Направление подготовки 18.03.01","Университетская олимпиада школьников «Бельчонок»","","","","","Право на прием БВИ","","Победителям и призерам",""
"1226","Направление подготовки 22.03.01","Университетская олимпиада школьников «Бельчонок»","","","","","Право на прием БВИ","","Победителям и призерам",""
"1227","Направление подготовки 31.05.01","Университетская олимпиада школьников «Бельчонок»","","","","","Право на прием БВИ","","Победителям и призерам",""
"1228","Направление подготовки 01.03.02","Университетская олимпиада школьников «Бельчонок»","","","","","Право на прием БВИ","","Победителям и призерам",""
"1229","Направление подготовки 03.03.02","Университетская олимпиада школьников «Бельчонок»","","","","","Право на прием БВИ","","Победителям и призерам",""
"1230","Направление подготовки 03.05.02","Университетская олимпиада школьников «Бельчонок»","","","","","Право на прием БВИ","","Победителям и призерам",""
"1231","Направление подготовки 09.03.01","Университетская олимпиада школьников «Бельчонок»","","","","","Право на прием БВИ","","Победителям и призерам",""
"1232","Направление подготовки 09.03.03","Университетская олимпиада школьников «Бельчонок»","","","","","Право на прием БВИ","","Победителям и призерам",""
"1233","Направление подготовки 09.03.04","Университетская олимпиада школьников «Бельчонок»","","","","","Право на прием БВИ","","Победителям и призерам",""
"1234","Направление подготовки 10.03.01","Университетская олимпиада школьников «Бельчонок»","","","","","Право на прием БВИ","","Победителям и призерам",""
"1235","Направление подготовки 10.05.04","Университетская олимпиада школьников «Бельчонок»","","","","","Право на прием БВИ","","Победителям и призерам",""
"1236","Направление подготовки 10.05.05","Университетская олимпиада школьников «Бельчонок»","","","","","Право на прием БВИ","","Победителям и призерам",""
"1237","Направление подготовки 11.03.04","Университетская олимпиада школьников «Бельчонок»","","","","","Право на прием БВИ","","Победителям и призерам",""
"1238","Направление подготовки 12.03.01","Университетская олимпиада школьников «Бельчонок»","","","","","Право на прием БВИ","","Победителям и призерам",""
"1239","Направление подготовки 12.03.04","Университетская олимпиада школьников «Бельчонок»","","","","","Право на прием БВИ","","Победителям и призерам",""
"1240","Направление подготовки 14.05.04","Университетская олимпиада школьников «Бельчонок»","","","","","Право на прием БВИ","","Победителям и призерам",""
"1241","Направление подготовки 15.03.06","Университетская олимпиада школьников «Бельчонок»","","","","","Право на прием БВИ","","Победителям и призерам",""
"1242","Направление подготовки 18.03.01","Университетская олимпиада школьников «Бельчонок»","","","","","Право на прием БВИ","","Победителям и призерам",""
"1243","Направление подготовки 27.03.03","Университетская олимпиада школьников «Бельчонок»","","","","","Право на прием БВИ","","Победителям и призерам",""
"1244","Направление подготовки 38.03.01","Университетская олимпиада школьников «Бельчонок»","","","","","Право на прием БВИ","","Победителям и призерам",""
"1245","Направление подготовки 38.03.02","Университетская олимпиада школьников «Бельчонок»","","","","","Право на прием БВИ","","Победителям и призерам",""
"1246","Направление подготовки 38.03.05","Университетская олимпиада школьников «Бельчонок»","","","","","Право на прием БВИ","","Победителям и призерам",""
"1247","Направление подготовки 38.05.01","Университетская олимпиада школьников «Бельчонок»","","","","","Право на прием БВИ","","Победителям и призерам",""
